20250224QGVSJI,income,5149.66,2025-02-24,报销,工资
20250302GBFES7,income,5248.99,2025-03-02,娱乐,津贴
20250103S9NI4A,income,2478.95,2025-01-03,报销,工资
20250616NMMI4H,income,7935.92,2025-06-16,学习,奖金
20250316PVJVTN,income,8707.08,2025-03-16,差旅,奖金
20250716BHA3QK,income,7189.40,2025-07-16,生活费,津贴
202511260SFPKJ,income,2462.03,2025-11-26,生活费,奖金
2025071984DWXL,income,6783.78,2025-07-19,外卖,工资
20250828AQ1XZ5,income,9263.96,2025-08-28,生活费,奖金
20250704TZXR69,income,2318.04,2025-07-04,学习,津贴
202507223ZJ9G5,income,2353.98,2025-07-22,加班,津贴
20250905G5VPVH,income,1371.00,2025-09-05,学习,工资
20250911T37SRQ,income,3509.53,2025-09-11,生活费,津贴
20250116NYIGAK,income,1667.90,2025-01-16,学习,津贴
20251007JAC00H,income,5623.46,2025-10-07,生活费,奖金
20250523ZUT2H3,income,9173.07,2025-05-23,娱乐,奖金
20250226YDAH8S,income,659.00,2025-02-26,娱乐,工资
20250916J4FW6U,income,5533.10,2025-09-16,学习,工资
202501172GELZE,income,7866.05,2025-01-17,加班,津贴
202504030BCQKH,income,7622.10,2025-04-03,生活费,奖金
20250302TSDTWG,income,2414.85,2025-03-02,购物,工资
20250205O3X9DA,income,3496.79,2025-02-05,报销,奖金
202511024XLQV5,income,9854.98,2025-11-02,娱乐,奖金
20250423I4633F,income,4900.71,2025-04-23,娱乐,工资
20250106EUN0UV,income,5896.86,2025-01-06,报销,工资
20250421Q5TSQZ,income,3744.66,2025-04-21,生活费,奖金
20250707G9QLPE,income,7202.75,2025-07-07,加班,工资
20250713WU7LD9,income,8220.98,2025-07-13,购物,津贴
20251223JVMUYF,income,2092.32,2025-12-23,学习,津贴
20250116W363V4,income,3512.97,2025-01-16,补贴,工资
20250707GEHSA1,income,7148.89,2025-07-07,生活费,工资
202502077W6VIH,income,8215.80,2025-02-07,学习,工资
20250302ZJ8EXG,income,7934.00,2025-03-02,学习,奖金
202506107URPRJ,income,6397.37,2025-06-10,娱乐,奖金
202501212AED4S,income,2960.92,2025-01-21,学习,津贴
20250303ZO3HD5,income,9624.90,2025-03-03,学习,工资
20250824IR9WZ0,income,990.35,2025-08-24,补贴,工资
20250907E8ICHD,income,8374.85,2025-09-07,娱乐,奖金
20250528AV2QXV,income,5144.68,2025-05-28,补贴,津贴
202508192HVQDO,income,4379.68,2025-08-19,差旅,奖金
20250220LOCUUW,income,9973.88,2025-02-20,正常,工资
202506287XQOAS,income,5524.69,2025-06-28,差旅,津贴
202512281AY8NV,income,7099.85,2025-12-28,差旅,津贴
20251124FW8Y12,income,4806.20,2025-11-24,报销,津贴
20250915PXHCKM,income,8566.73,2025-09-15,外卖,工资
20250101T89UHF,income,9973.65,2025-01-01,外卖,奖金
20250525L8MI6Q,income,5737.45,2025-05-25,报销,工资
20250125KNYQ4G,income,7786.80,2025-01-25,补贴,津贴
20251025D240YN,income,4476.14,2025-10-25,报销,奖金
202504067P299P,income,748.00,2025-04-06,差旅,奖金
202512266BJW72,income,7307.82,2025-12-26,外卖,津贴
20250711M7293Z,income,7185.48,2025-07-11,学习,津贴
20251019BP28KB,income,7664.23,2025-10-19,正常,工资
202506125NOAWL,income,9481.30,2025-06-12,娱乐,津贴
20250918T527LY,income,9318.25,2025-09-18,生活费,奖金
20250818SOWFB7,income,4447.42,2025-08-18,娱乐,津贴
20250214LEYG1A,income,3971.22,2025-02-14,差旅,工资
20250507JJRG2I,income,3590.35,2025-05-07,购物,奖金
20251121S9EAR5,income,1592.90,2025-11-21,差旅,奖金
20250225RJMBKA,income,9748.09,2025-02-25,购物,工资
20250225R3PJ7N,income,3807.50,2025-02-25,生活费,奖金
20251001KCXME2,income,5622.90,2025-10-01,加班,津贴
2025112630ITYY,income,1176.38,2025-11-26,娱乐,津贴
20250116SWILMX,income,8247.03,2025-01-16,报销,工资
20251122T6REQF,income,3449.43,2025-11-22,差旅,工资
20250410NMC8NG,income,7990.63,2025-04-10,差旅,奖金
20251021MZVAQI,income,1513.95,2025-10-21,差旅,奖金
2025012060V5O4,income,5116.99,2025-01-20,正常,津贴
202512084RL4WP,income,7904.36,2025-12-08,娱乐,奖金
2025021789WQ44,income,9934.46,2025-02-17,购物,津贴
20251221DIXERR,income,9894.76,2025-12-21,外卖,津贴
20250128RJ1WX1,income,7661.41,2025-01-28,外卖,奖金
20250304ERGZ8N,income,9133.24,2025-03-04,正常,津贴
20250220MJCY4Z,income,5168.79,2025-02-20,购物,工资
20250809KJTQ83,income,6453.16,2025-08-09,购物,奖金
202505282FT7EE,income,515.01,2025-05-28,学习,工资
2025051987F1G6,income,3955.38,2025-05-19,补贴,津贴
20250722TPPN1T,income,5031.00,2025-07-22,购物,奖金
20251021DWCYL0,income,6230.71,2025-10-21,加班,津贴
20250808DSRDE2,income,9469.72,2025-08-08,娱乐,工资
20250625KRYIYM,income,2560.86,2025-06-25,正常,工资
20250915HPVYZW,income,8823.66,2025-09-15,学习,奖金
20251126ZFDU2Q,income,7524.41,2025-11-26,加班,奖金
202503138068ML,income,6886.84,2025-03-13,购物,工资
20250714LY7B0N,income,217.18,2025-07-14,报销,工资
20251225G42VLF,income,3826.17,2025-12-25,补贴,工资
20250520A7CULF,income,3074.23,2025-05-20,加班,奖金
20250901W3OPF1,income,8785.76,2025-09-01,差旅,奖金
20250727NSGJO5,income,1024.34,2025-07-27,学习,奖金
20250928WV1ZB5,income,8896.56,2025-09-28,生活费,奖金
2025092592E8RK,income,7086.72,2025-09-25,加班,奖金
20250210C14A8Q,income,5199.37,2025-02-10,购物,奖金
202507284A7XOI,income,4623.90,2025-07-28,学习,工资
20250922B3D5Z7,income,4180.59,2025-09-22,加班,工资
20251212IUBAMO,income,5136.21,2025-12-12,学习,奖金
20250926YI9OTR,income,6726.24,2025-09-26,生活费,津贴
20250718QJDOVE,income,8941.27,2025-07-18,外卖,奖金
20250910ETAUWR,income,2508.58,2025-09-10,补贴,津贴
20250728T4HP22,income,2537.14,2025-07-28,加班,奖金
20251123C770QR,income,218.74,2025-11-23,外卖,工资
20250321QUHS8H,income,9127.18,2025-03-21,生活费,工资
20251222JKIHRX,income,5104.39,2025-12-22,学习,工资
20250928IIBAZY,income,551.40,2025-09-28,购物,奖金
20251002ETFJB9,income,8487.35,2025-10-02,购物,工资
20251125HEZLK8,income,4631.21,2025-11-25,娱乐,工资
20250907SANLLK,income,6608.60,2025-09-07,娱乐,工资
2025042110V779,income,3006.14,2025-04-21,报销,奖金
202502105ODFC9,income,9187.81,2025-02-10,补贴,津贴
20251224IVJ71C,income,6495.81,2025-12-24,差旅,津贴
20250315D6VJ35,income,2425.63,2025-03-15,差旅,津贴
20250701ZFBJZY,income,3248.24,2025-07-01,娱乐,工资
20250809F4F88L,income,3215.98,2025-08-09,正常,津贴
202501173Z8ZE9,income,7261.87,2025-01-17,正常,奖金
20250405TW348X,income,4896.13,2025-04-05,加班,奖金
20251108VK9RQ5,income,6708.99,2025-11-08,差旅,奖金
20250324C8KC0L,income,6677.46,2025-03-24,补贴,津贴
20251109JQXB36,income,4295.51,2025-11-09,生活费,奖金
202507277EZABX,income,132.40,2025-07-27,购物,津贴
20250221XS0JFZ,income,2769.56,2025-02-21,娱乐,工资
2025100372CVAR,income,8394.67,2025-10-03,正常,奖金
20250204R2D4LW,income,4622.32,2025-02-04,正常,工资
202507173UY171,income,9454.86,2025-07-17,差旅,奖金
202504245XHYHX,income,3203.85,2025-04-24,报销,工资
20250609Q2KHCB,income,3964.16,2025-06-09,学习,工资
202503113R9M6J,income,1438.99,2025-03-11,加班,奖金
20250218JPPGS8,income,7235.88,2025-02-18,报销,奖金
202502245FHKTA,income,2115.36,2025-02-24,报销,奖金
202506025D3XTW,income,7475.95,2025-06-02,购物,津贴
202505020MWD0R,income,8427.76,2025-05-02,娱乐,奖金
20251109OZ9DAA,income,943.64,2025-11-09,报销,津贴
20251009Y2IEAS,income,7186.24,2025-10-09,娱乐,津贴
20250811V30QTA,income,3283.99,2025-08-11,补贴,工资
20250914TRT1PH,income,4644.25,2025-09-14,生活费,奖金
20250915GOWXEV,income,8074.04,2025-09-15,加班,奖金
2025061876E16T,income,9532.35,2025-06-18,差旅,奖金
20250726ON2YPH,income,3543.84,2025-07-26,加班,津贴
2025062704PV7W,income,1506.36,2025-06-27,外卖,奖金
202510105UL635,income,2165.73,2025-10-10,加班,津贴
20250119QQDDLE,income,8104.22,2025-01-19,加班,工资
20250426GU08OP,income,2566.02,2025-04-26,报销,津贴
20251006HKI69C,income,8376.80,2025-10-06,报销,津贴
20250207P6XSST,income,1372.78,2025-02-07,娱乐,奖金
202502148FWI9W,income,9221.77,2025-02-14,加班,工资
20250908R26ACG,income,1072.39,2025-09-08,加班,工资
202507064GLLQG,income,4227.96,2025-07-06,补贴,工资
20250526FLBYU4,income,6101.47,2025-05-26,娱乐,津贴
20250525UFHWBE,income,7837.21,2025-05-25,正常,津贴
202503020HU9IL,income,943.22,2025-03-02,加班,奖金
202503019N4E9M,income,8506.73,2025-03-01,加班,工资
20250120GEO2YH,income,9550.19,2025-01-20,补贴,津贴
20250804QNSHWW,income,2484.96,2025-08-04,补贴,奖金
20250402XRCD79,income,777.37,2025-04-02,正常,工资
20250906HZWEZ4,income,7534.79,2025-09-06,差旅,津贴
20250702FM3WX1,income,705.91,2025-07-02,外卖,津贴
20251214ERXDGI,income,7832.77,2025-12-14,正常,津贴
202510213PJ5SN,income,8108.88,2025-10-21,购物,津贴
20250307CK8Y91,income,8602.05,2025-03-07,补贴,工资
20250910QVK4I2,income,8258.49,2025-09-10,加班,奖金
20250223SLHN99,income,9633.14,2025-02-23,娱乐,津贴
20251007C4J6JD,income,1183.36,2025-10-07,正常,工资
20250219IPC1FP,income,5266.35,2025-02-19,正常,工资
202511075V92FP,income,7598.11,2025-11-07,购物,工资
20250710F9AFYD,income,1650.89,2025-07-10,报销,津贴
20250225IKY03V,income,326.23,2025-02-25,购物,工资
202510084A7C0W,income,5254.53,2025-10-08,生活费,奖金
20250424RPKDXY,income,9468.78,2025-04-24,差旅,奖金
20250807M53YHG,income,1413.36,2025-08-07,生活费,奖金
202504240RLZZS,income,3725.59,2025-04-24,差旅,津贴
20251217F6UIDA,income,5807.95,2025-12-17,学习,津贴
20250505WJM5EQ,income,5375.87,2025-05-05,外卖,奖金
20251116K89NCS,income,8832.46,2025-11-16,差旅,奖金
20250215JNDLFT,income,2619.98,2025-02-15,生活费,工资
20250616Y4P5AZ,income,5439.85,2025-06-16,娱乐,工资
20250619TY7OV6,income,2480.66,2025-06-19,补贴,奖金
20251011E85RM7,income,1381.36,2025-10-11,正常,工资
20250120ZE2NZI,income,3455.61,2025-01-20,生活费,奖金
20250427SFMWUC,income,4019.43,2025-04-27,娱乐,奖金
202509068J5GA7,income,5542.50,2025-09-06,生活费,工资
202508201VEWWA,income,4236.06,2025-08-20,补贴,工资
20250320RS4F5L,income,7252.48,2025-03-20,报销,津贴
2025101368T6DW,income,2819.15,2025-10-13,补贴,工资
20250513OUKGKL,income,7185.79,2025-05-13,生活费,津贴
20250326C6EJZG,income,5946.03,2025-03-26,正常,奖金
20250514JBI30S,income,2655.77,2025-05-14,生活费,工资
20250325IFSENM,income,1696.80,2025-03-25,外卖,工资
20250526V0JHQ0,income,1753.33,2025-05-26,外卖,奖金
20250118L4IZKL,income,4205.77,2025-01-18,差旅,津贴
20250611OMISZ6,income,7054.79,2025-06-11,购物,津贴
20250116ZU04NR,income,8883.00,2025-01-16,正常,津贴
20250718ZTM0U0,income,5778.51,2025-07-18,加班,津贴
20250221LIGDAO,income,9084.51,2025-02-21,报销,津贴
20251022S9VZMJ,income,7050.92,2025-10-22,正常,工资
20250305DZ2N04,income,1059.26,2025-03-05,购物,奖金
202502186SUZZR,income,1210.09,2025-02-18,补贴,津贴
20251208KPSHO8,income,1897.54,2025-12-08,生活费,工资
20250416M3CF3B,income,7413.64,2025-04-16,学习,津贴
20251023DTNWYE,income,2238.23,2025-10-23,补贴,津贴
202509175QRAL7,income,9080.67,2025-09-17,购物,津贴
20250826PHV5VU,income,2017.53,2025-08-26,娱乐,奖金
20250224B3FMD1,income,9147.03,2025-02-24,报销,工资
20250228MY9WHM,income,9485.04,2025-02-28,生活费,奖金
202510270AA8X4,income,2637.81,2025-10-27,娱乐,津贴
20250703PGMUX5,income,8633.37,2025-07-03,报销,津贴
202512144W87PU,income,802.12,2025-12-14,加班,奖金
20250322RV0NMX,income,8115.90,2025-03-22,外卖,工资
20250914CTI89B,income,1829.05,2025-09-14,正常,工资
20250326MCMIHP,income,7665.67,2025-03-26,差旅,奖金
20250118H33RUT,income,6317.89,2025-01-18,差旅,工资
20251209JGQEME,income,2877.59,2025-12-09,娱乐,奖金
20251006699DBI,income,1509.93,2025-10-06,外卖,奖金
20251126WOECXU,income,8900.85,2025-11-26,差旅,奖金
2025112436N20E,income,2372.29,2025-11-24,生活费,津贴
20250402TJZFJR,income,1730.83,2025-04-02,补贴,奖金
20251109TL1ETS,income,7516.62,2025-11-09,加班,工资
20250307KRJDQM,income,8308.74,2025-03-07,学习,奖金
20250201CWFBPY,income,4828.39,2025-02-01,加班,津贴
20251228I373LK,income,4851.53,2025-12-28,外卖,津贴
20250511UAZYY2,income,1461.19,2025-05-11,差旅,奖金
202507255PE6BF,income,673.43,2025-07-25,学习,津贴
202502031RJ8X3,income,3187.84,2025-02-03,加班,津贴
20251101PKQL9Y,income,3578.04,2025-11-01,娱乐,工资
20251125QWBASU,income,6499.56,2025-11-25,差旅,工资
20251209VTGWV0,income,5266.19,2025-12-09,外卖,奖金
202511236X30GG,income,2771.17,2025-11-23,补贴,工资
20250312OOV08D,income,3694.59,2025-03-12,学习,津贴
202503204IG2VU,income,626.48,2025-03-20,报销,工资
20250602NTFAMR,income,264.05,2025-06-02,报销,奖金
202507173FFCLM,income,8541.79,2025-07-17,购物,工资
202502021U0JV6,income,6860.65,2025-02-02,娱乐,津贴
20250409HITA1P,income,3163.05,2025-04-09,购物,奖金
20250908K8SOSG,income,5585.37,2025-09-08,补贴,工资
20250301D09RYV,income,5742.94,2025-03-01,补贴,奖金
20251016GY5188,income,7965.58,2025-10-16,正常,津贴
20250125MGZKQH,income,3887.43,2025-01-25,差旅,工资
202508052RUWFG,income,9761.11,2025-08-05,加班,工资
2025031836DZ23,income,2701.40,2025-03-18,生活费,工资
20250626N3KK9K,income,581.77,2025-06-26,加班,工资
2025010165CCOU,income,9610.93,2025-01-01,补贴,奖金
20250915EJFOZ2,income,5289.29,2025-09-15,补贴,奖金
2025020191BHQT,income,6521.80,2025-02-01,购物,奖金
20250704L86HVI,income,3457.96,2025-07-04,正常,工资
202502142R68TE,income,9615.20,2025-02-14,娱乐,津贴
20250423A8YB2T,income,115.40,2025-04-23,差旅,津贴
20250710R0SKBI,income,3790.03,2025-07-10,正常,奖金
20250823O029V3,income,7527.40,2025-08-23,学习,奖金
20250421O8DYW8,income,3569.54,2025-04-21,娱乐,工资
202505022UIX1L,income,7890.11,2025-05-02,外卖,奖金
20250816NF2Z6P,income,9839.99,2025-08-16,外卖,奖金
2025082813KVFB,income,7160.39,2025-08-28,生活费,奖金
20250706OI00WZ,income,7350.61,2025-07-06,补贴,奖金
2025060255UHO2,income,5861.25,2025-06-02,购物,津贴
202502082JDUV5,income,2827.71,2025-02-08,补贴,工资
20251110DFDHI3,income,3407.29,2025-11-10,外卖,津贴
20250420J4CLDP,income,5812.54,2025-04-20,购物,津贴
202502248ZQQQU,income,8595.31,2025-02-24,正常,津贴
20250713P4PJY3,income,715.09,2025-07-13,娱乐,奖金
202506230V7IH0,income,4418.96,2025-06-23,正常,津贴
20250125U38AEN,income,2344.67,2025-01-25,加班,工资
20250214WQ5776,income,2831.83,2025-02-14,差旅,津贴
20250128OKZ829,income,5265.37,2025-01-28,娱乐,津贴
202512226RJ3ZB,income,2799.25,2025-12-22,补贴,奖金
20250121PCOB4L,income,760.30,2025-01-21,正常,津贴
20250705IPAPAN,income,8388.08,2025-07-05,学习,津贴
20250515JZ6SKC,income,217.56,2025-05-15,外卖,津贴
20251012XDEBPV,income,3087.13,2025-10-12,报销,工资
20250222O8DVIQ,income,7831.41,2025-02-22,报销,工资
20250502G20G4S,income,3017.65,2025-05-02,加班,工资
20250517LC6CJ0,income,4522.50,2025-05-17,正常,津贴
20250406V846FC,income,8117.61,2025-04-06,娱乐,奖金
202504046B8VSC,income,623.44,2025-04-04,生活费,工资
202508081PO4TP,income,7532.62,2025-08-08,外卖,奖金
20250210GIXXVN,income,9892.72,2025-02-10,正常,奖金
20251003DA1KBV,income,126.51,2025-10-03,购物,奖金
202512052DPU12,income,8439.99,2025-12-05,娱乐,工资
20251014KMVKEW,income,9769.70,2025-10-14,外卖,奖金
20250818I1PV1E,income,6610.84,2025-08-18,购物,工资
202509062JS6ZP,income,1761.11,2025-09-06,生活费,工资
20250625XEJ4UT,income,8621.22,2025-06-25,补贴,工资
20250316BBVYW6,income,4371.44,2025-03-16,加班,工资
20250214CZAGGY,income,1369.85,2025-02-14,正常,奖金
202511205Y3OU0,income,8846.87,2025-11-20,差旅,奖金
20250705NSS173,income,9052.59,2025-07-05,生活费,奖金
20250614H4MQWW,income,1080.98,2025-06-14,差旅,津贴
20250703C7F69I,income,3653.45,2025-07-03,外卖,工资
20250309EYFGVV,income,1394.32,2025-03-09,外卖,奖金
20251206CKTXCB,income,7334.96,2025-12-06,加班,工资
20251010ZTBOX2,income,9168.61,2025-10-10,购物,奖金
20250401F2QY8U,income,7841.67,2025-04-01,报销,津贴
2025040669OY6P,income,4064.47,2025-04-06,加班,奖金
20250222FV57WW,income,4361.74,2025-02-22,补贴,奖金
2025061288DE3K,income,7837.69,2025-06-12,学习,奖金
20250808OGZ95P,income,2751.65,2025-08-08,正常,工资
20251019405CFJ,income,9368.18,2025-10-19,学习,津贴
20250516IUGLKS,income,1053.36,2025-05-16,娱乐,工资
202510200RNCWH,income,9611.79,2025-10-20,加班,奖金
202507047EJ89C,income,362.35,2025-07-04,购物,工资
20250917WRA4C0,income,4386.33,2025-09-17,报销,津贴
20250211UWXMX2,income,1731.59,2025-02-11,差旅,津贴
20250401JLHENJ,income,2032.05,2025-04-01,学习,工资
20250824LMPUQI,income,5914.38,2025-08-24,补贴,奖金
20250503JLIVRN,income,786.66,2025-05-03,差旅,津贴
20250506Z2XRQE,income,6501.68,2025-05-06,生活费,奖金
20251203ED8MP8,income,9547.18,2025-12-03,正常,津贴
202511051AI1UI,income,7470.47,2025-11-05,正常,津贴
20250723I942JU,income,7876.14,2025-07-23,报销,津贴
20250824CN3LHK,income,7947.78,2025-08-24,差旅,工资
2025021600VHGU,income,6344.27,2025-02-16,生活费,工资
202508117X8WXC,income,5954.99,2025-08-11,生活费,工资
20250809R99JFJ,income,4800.58,2025-08-09,报销,津贴
20251028WBZ96E,income,5443.98,2025-10-28,购物,工资
202507177HN50A,income,4120.68,2025-07-17,学习,津贴
20250317DRP6BD,income,6425.09,2025-03-17,差旅,津贴
20250621FTHX8N,income,1334.48,2025-06-21,补贴,奖金
20250228ZFMM6E,income,8902.25,2025-02-28,生活费,奖金
20251201BVKJR9,income,2844.94,2025-12-01,生活费,奖金
20251120TNZQ3W,income,5746.20,2025-11-20,差旅,奖金
20251012FRRQ9H,income,1938.79,2025-10-12,娱乐,奖金
20251016KMDGWB,income,7001.58,2025-10-16,生活费,工资
20251110CTMVBH,income,6201.47,2025-11-10,加班,工资
20250127HZQ3E7,income,6534.94,2025-01-27,娱乐,奖金
20250507B878XO,income,183.07,2025-05-07,补贴,工资
202501237ADHN8,income,4600.01,2025-01-23,正常,津贴
202504108F1U68,income,5828.66,2025-04-10,学习,奖金
20250214RP366Q,income,4871.47,2025-02-14,加班,津贴
202503089ZK5LH,income,5638.60,2025-03-08,学习,工资
20250211R9GJK9,income,571.18,2025-02-11,购物,工资
20250610TOJJVC,income,310.52,2025-06-10,购物,工资
2025120233UQ0B,income,8178.60,2025-12-02,购物,工资
202503106E9PB4,income,4807.34,2025-03-10,差旅,工资
202511046KO7C6,income,1171.33,2025-11-04,补贴,工资
20250827TKX3YF,income,2935.53,2025-08-27,娱乐,津贴
202502109APKZ9,income,1932.21,2025-02-10,正常,奖金
20251016Q7EVCO,income,5325.40,2025-10-16,购物,津贴
202504088FQC46,income,8028.92,2025-04-08,生活费,津贴
20250604KOOXDF,income,5206.05,2025-06-04,生活费,工资
202512187NC24P,income,9974.00,2025-12-18,正常,津贴
20250824CZQQRH,income,389.71,2025-08-24,外卖,奖金
20251011ARELD0,income,5196.57,2025-10-11,娱乐,奖金
202510173OJ3YW,income,1389.20,2025-10-17,生活费,津贴
20250514P7WEX0,income,3916.04,2025-05-14,加班,工资
20251020AHO8OE,income,5477.06,2025-10-20,购物,工资
20250523V6D55U,income,2529.14,2025-05-23,生活费,工资
20251208VWXPHN,income,2913.43,2025-12-08,购物,津贴
20250114TDUWP3,income,1152.68,2025-01-14,学习,工资
20250319461TGD,income,4832.81,2025-03-19,正常,奖金
20250707M3Q3E5,income,1813.95,2025-07-07,娱乐,津贴
20251014217CED,income,7102.57,2025-10-14,生活费,津贴
20250414SXNA6Q,income,2594.05,2025-04-14,加班,工资
20250415LR2M8E,income,4575.40,2025-04-15,补贴,工资
20250222YJX9H6,income,4428.92,2025-02-22,生活费,奖金
20250913QPRH5M,income,1214.36,2025-09-13,补贴,奖金
20250206XYADQU,income,810.96,2025-02-06,外卖,工资
20250520FL5C27,income,2264.24,2025-05-20,加班,津贴
20250624LWPFQI,income,6579.89,2025-06-24,报销,奖金
20251106LL0BBX,income,8945.10,2025-11-06,购物,奖金
20250114EZ70D5,income,8443.95,2025-01-14,补贴,津贴
202506051V1GM1,income,7370.47,2025-06-05,生活费,工资
202506186ZF9Y8,income,1425.40,2025-06-18,差旅,津贴
20250723O8VDLG,income,5300.20,2025-07-23,购物,奖金
20250617Z5G772,income,4720.76,2025-06-17,报销,奖金
20250804R1UAK9,income,1918.01,2025-08-04,娱乐,工资
20251109S4XOMD,income,5320.63,2025-11-09,正常,奖金
20250608Y4W3R3,income,7758.43,2025-06-08,差旅,工资
2025092541WXEW,income,2273.21,2025-09-25,报销,工资
20251002WVET7C,income,4293.07,2025-10-02,学习,工资
202505029LYZ0B,income,7428.68,2025-05-02,加班,工资
20251228KGB0C9,income,3788.99,2025-12-28,学习,奖金
20250916UBHLQ9,income,4941.19,2025-09-16,购物,奖金
20250813N4KBF5,income,8879.12,2025-08-13,学习,津贴
20250617446FIX,income,937.24,2025-06-17,购物,工资
20250728BLNG53,income,1515.71,2025-07-28,差旅,津贴
20250214F4KPT3,income,3792.63,2025-02-14,差旅,工资
20250816PRXTS8,income,3408.92,2025-08-16,报销,工资
20250225BLZLVU,income,1512.98,2025-02-25,补贴,奖金
2025011840XEVU,income,2269.57,2025-01-18,加班,工资
20250316BS95X2,income,254.04,2025-03-16,学习,津贴
20250410O2KF0R,income,3179.28,2025-04-10,差旅,津贴
20250921G78K87,income,2281.85,2025-09-21,外卖,工资
202506020W8EDF,income,4401.55,2025-06-02,正常,工资
202509062E8LK8,income,3956.17,2025-09-06,学习,奖金
202506202FSEYD,income,9467.78,2025-06-20,购物,津贴
20250507DIAFWG,income,2480.14,2025-05-07,加班,奖金
202508146A6PN0,income,3886.47,2025-08-14,外卖,奖金
20250319VYF3MK,income,2620.97,2025-03-19,生活费,工资
20250521Q2Q24L,income,2579.23,2025-05-21,娱乐,津贴
20251008TDGW9O,income,3307.20,2025-10-08,生活费,工资
20250720EY5UPT,income,2903.89,2025-07-20,生活费,奖金
2025121126TSXS,income,4729.73,2025-12-11,娱乐,津贴
20250204K872AL,income,2020.11,2025-02-04,加班,奖金
20251228BZWU39,income,8576.26,2025-12-28,娱乐,奖金
20250618UOAH01,income,9350.48,2025-06-18,娱乐,津贴
202505103YHP6Z,income,7749.77,2025-05-10,购物,津贴
202504157RKVUD,income,1798.64,2025-04-15,加班,工资
20250925KV3OHD,income,1218.26,2025-09-25,报销,津贴
20250827QXAAVW,income,516.49,2025-08-27,购物,津贴
20251205C0R0PM,income,5880.80,2025-12-05,正常,工资
20250528TC69ME,income,3435.12,2025-05-28,差旅,津贴
20250511NSPFNA,income,3324.65,2025-05-11,报销,奖金
202512112G1PPF,income,1358.16,2025-12-11,生活费,工资
202510157Q7SFL,income,9363.80,2025-10-15,娱乐,津贴
20250315XFFTES,income,9282.75,2025-03-15,生活费,工资
20250527FK8TKA,income,8899.48,2025-05-27,生活费,奖金
20251014Y8YMA8,income,6816.42,2025-10-14,购物,奖金
20250320MRZ0VX,income,6975.16,2025-03-20,补贴,津贴
20251221IUMULD,income,5873.07,2025-12-21,报销,工资
20250911UTKLRR,income,8871.86,2025-09-11,加班,工资
20250826HCK4BO,income,1165.50,2025-08-26,购物,奖金
20250612RQE6MF,income,978.31,2025-06-12,购物,津贴
20250809V05ZSW,income,2312.40,2025-08-09,正常,工资
20250227XGSSMS,income,3249.20,2025-02-27,正常,工资
202507043DI4OF,income,4179.12,2025-07-04,加班,津贴
20250619ERQE4A,income,8697.79,2025-06-19,娱乐,工资
20250224H6YKZU,income,4740.61,2025-02-24,生活费,工资
20250516UCNOF7,income,452.32,2025-05-16,娱乐,工资
20250822DFC25D,income,1530.14,2025-08-22,生活费,工资
20251217G2GDZA,income,9885.03,2025-12-17,外卖,工资
20250311J82BT7,income,2280.34,2025-03-11,购物,津贴
20250327P74IHT,income,4783.28,2025-03-27,学习,奖金
20251201V8SACN,income,803.75,2025-12-01,外卖,奖金
20250314JE6DO2,income,6321.45,2025-03-14,补贴,工资
20250411IC1EX0,income,4787.80,2025-04-11,学习,奖金
20251218ZN7E5I,income,8008.81,2025-12-18,学习,奖金
202509194M3GYS,income,3596.91,2025-09-19,外卖,津贴
20250709T8TAVO,income,8401.81,2025-07-09,报销,奖金
20250706OD7GHP,income,9375.81,2025-07-06,学习,奖金
202509247GHI0K,income,865.60,2025-09-24,购物,奖金
20251101I0Q9X1,income,4202.14,2025-11-01,正常,工资
20250724F0TL24,income,9299.25,2025-07-24,正常,工资
202506247JU0MZ,income,4415.85,2025-06-24,补贴,津贴
20250628JSQ54E,income,5797.61,2025-06-28,购物,津贴
20250105NM820O,income,6572.45,2025-01-05,补贴,工资
202508285B7DQ6,income,9591.16,2025-08-28,娱乐,工资
20250126RUSN38,income,1167.75,2025-01-26,学习,奖金
20250925QHV809,income,5162.91,2025-09-25,报销,工资
20250206MPRPJF,income,6445.15,2025-02-06,加班,津贴
20250828DWL4QC,income,9001.43,2025-08-28,外卖,奖金
20251206SWWXA5,income,9255.30,2025-12-06,差旅,奖金
20250617R72R53,income,3279.98,2025-06-17,补贴,津贴
202512095VBVVK,income,7840.06,2025-12-09,娱乐,工资
20250418SO7IWF,income,8013.68,2025-04-18,外卖,津贴
20250616V7B4H5,income,5991.26,2025-06-16,差旅,津贴
20250912Z34TRF,income,6830.11,2025-09-12,加班,奖金
20250521O3QPI2,income,2692.45,2025-05-21,学习,津贴
20251118SQQGJX,income,9473.51,2025-11-18,补贴,津贴
20250202QSN5QX,income,8394.29,2025-02-02,加班,津贴
20250405ZVQH4D,income,8169.07,2025-04-05,学习,津贴
202510132SFQSR,income,6769.60,2025-10-13,正常,工资
20250917BEL4IH,income,973.71,2025-09-17,报销,津贴
20250506RQT2GH,income,6774.42,2025-05-06,购物,奖金
20250723A2AV10,income,2768.59,2025-07-23,正常,工资
20250325TIOT01,income,5176.52,2025-03-25,外卖,津贴
20251002KIFY30,income,4116.19,2025-10-02,外卖,奖金
20250518TXXE30,income,856.50,2025-05-18,学习,奖金
20250220Q1OJDP,income,6760.67,2025-02-20,购物,奖金
20250608QY8DJC,income,8149.45,2025-06-08,补贴,工资
20250506KSUMVY,income,1603.71,2025-05-06,娱乐,工资
20250122YI0FH6,income,5083.99,2025-01-22,外卖,奖金
20250719DEHG6S,income,3684.07,2025-07-19,差旅,津贴
20250813PCHN43,income,1391.98,2025-08-13,报销,奖金
20251004LUIVZG,income,399.48,2025-10-04,购物,工资
202512156I6UA8,income,8593.28,2025-12-15,报销,工资
20250212RP17B1,income,6814.45,2025-02-12,生活费,奖金
202503017EVE1B,income,6581.49,2025-03-01,学习,工资
202509233ON8HH,income,7562.73,2025-09-23,外卖,奖金
202502096X6JCR,income,6614.60,2025-02-09,补贴,津贴
20251214BOWEL2,income,2909.31,2025-12-14,补贴,津贴
20251114ZFCVRH,income,3329.52,2025-11-14,报销,津贴
20250117MI221Z,income,9214.69,2025-01-17,娱乐,津贴
20250316T4IYUF,income,451.51,2025-03-16,外卖,工资
20250118BU7MUK,income,8319.67,2025-01-18,购物,津贴
20250207705581,income,631.98,2025-02-07,报销,工资
20251009HR4EGF,income,6590.43,2025-10-09,正常,工资
202504170IS5YJ,income,7031.04,2025-04-17,补贴,奖金
20250605OMVGX7,income,1343.21,2025-06-05,外卖,工资
20250425KHMK87,income,9014.57,2025-04-25,生活费,津贴
202512190UQ3XL,income,3739.20,2025-12-19,外卖,奖金
202508167WSZX2,income,1934.86,2025-08-16,差旅,工资
20250809GHPUY1,income,1935.53,2025-08-09,娱乐,津贴
202512279338WW,income,9780.10,2025-12-27,加班,津贴
202503270JVWZY,income,8203.26,2025-03-27,差旅,工资
20250910GPOUCJ,income,941.08,2025-09-10,购物,工资
20250402GC97KD,income,109.03,2025-04-02,差旅,津贴
202506087Z3B1E,income,788.44,2025-06-08,学习,工资
20250921D22ZCA,income,4258.24,2025-09-21,差旅,奖金
2025010325N1SK,income,563.78,2025-01-03,差旅,奖金
202510092BHVV1,income,2929.54,2025-10-09,学习,津贴
20251219Q7ECUY,income,4802.50,2025-12-19,学习,津贴
20250828FMON0X,income,7276.55,2025-08-28,加班,津贴
2025111114XA0T,income,536.06,2025-11-11,生活费,工资
20250310FF9HKN,income,9083.22,2025-03-10,正常,津贴
20250624QSKL3H,income,1300.37,2025-06-24,生活费,奖金
20250113G5V9YO,income,7615.05,2025-01-13,学习,津贴
2025122009BBGN,income,4288.40,2025-12-20,差旅,奖金
20250304J623VI,income,6168.98,2025-03-04,外卖,津贴
20250603VH8WLK,income,5610.15,2025-06-03,补贴,奖金
20251112B7JLKV,income,6172.05,2025-11-12,加班,奖金
202511213DQQCA,income,6487.34,2025-11-21,购物,津贴
20250402PF2MOX,income,2685.43,2025-04-02,购物,奖金
20250915YQRGLU,income,4397.44,2025-09-15,差旅,工资
20251024H3292B,income,2285.76,2025-10-24,报销,工资
20250511N6QMT4,income,3780.13,2025-05-11,报销,津贴
20250207OH0123,income,9769.44,2025-02-07,加班,工资
20250407XALXH9,income,1602.00,2025-04-07,差旅,津贴
20250502FUYZIQ,income,967.44,2025-05-02,学习,奖金
20250906YSP1YN,income,1209.31,2025-09-06,差旅,津贴
20251010015GPO,income,5621.12,2025-10-10,生活费,奖金
20251211CYGSA0,income,1255.67,2025-12-11,娱乐,津贴
202509211HXE8E,income,2968.53,2025-09-21,外卖,奖金
20251015VM7RJ8,income,5984.36,2025-10-15,加班,津贴
20250325N1L6Y8,income,7622.32,2025-03-25,生活费,工资
20251214MPW9IH,income,4147.50,2025-12-14,学习,工资
20250810VTFBOZ,income,5912.10,2025-08-10,正常,工资
20250518W6L0E3,income,2687.23,2025-05-18,外卖,津贴
20250804PF9DJQ,income,4632.83,2025-08-04,学习,工资
20250621NO6OL1,income,392.08,2025-06-21,补贴,工资
20251208PWROVP,income,1402.27,2025-12-08,生活费,奖金
20250904IKH9OC,income,755.70,2025-09-04,报销,津贴
20250801MIBPU5,income,2930.12,2025-08-01,外卖,津贴
20251108VH71JI,income,6995.62,2025-11-08,娱乐,奖金
202506234OUC5T,income,7979.29,2025-06-23,娱乐,工资
20251204P9SR0C,income,6199.66,2025-12-04,娱乐,奖金
20250901INT5LL,income,4392.37,2025-09-01,加班,工资
20250414COCX89,income,3977.59,2025-04-14,补贴,奖金
20250516MS6B5I,income,2785.24,2025-05-16,外卖,津贴
202511218CJL6I,income,5084.37,2025-11-21,加班,工资
202511247065E0,income,3731.19,2025-11-24,娱乐,津贴
20250216MNLJ1Z,income,7146.89,2025-02-16,购物,津贴
20250810GB7H5V,income,7324.14,2025-08-10,正常,工资
202510171PE5NM,income,3841.81,2025-10-17,报销,奖金
202507155NRCHM,income,8969.43,2025-07-15,正常,奖金
202508047LDVVR,income,9825.43,2025-08-04,外卖,奖金
20251213P46NH0,income,1463.54,2025-12-13,学习,工资
20251026ZKJSNF,income,6923.21,2025-10-26,购物,津贴
2025052827472X,income,3786.00,2025-05-28,外卖,津贴
20251122LIY11L,income,5552.22,2025-11-22,差旅,津贴
20250820AL94VQ,income,5701.55,2025-08-20,差旅,津贴
20250615515K3J,income,9373.24,2025-06-15,补贴,工资
20250714XAJG4M,income,8816.79,2025-07-14,学习,工资
20250209563BID,income,2503.73,2025-02-09,正常,津贴
20250701XDX15F,income,2775.51,2025-07-01,娱乐,工资
20250702VO9G9R,income,2096.52,2025-07-02,差旅,奖金
20250417V3YPRI,income,1276.79,2025-04-17,娱乐,奖金
20250909W8L0MG,income,6333.65,2025-09-09,学习,工资
20251003IAQ1OG,income,4019.77,2025-10-03,报销,奖金
20250826Q4YTJ6,income,3625.07,2025-08-26,学习,奖金
20250622GIB6N1,income,9342.03,2025-06-22,生活费,工资
20250412H8AP6F,income,5715.30,2025-04-12,外卖,奖金
2025121830D1KV,income,5725.31,2025-12-18,学习,奖金
20250805U8GLTQ,income,5305.08,2025-08-05,报销,工资
20250126BCJG45,income,3325.87,2025-01-26,学习,津贴
20250717WNWOB8,income,8807.85,2025-07-17,差旅,工资
202509252UFH1K,income,9233.09,2025-09-25,生活费,奖金
20251122FDOO9T,income,7943.51,2025-11-22,外卖,工资
20250611L9MLZ0,income,3705.92,2025-06-11,外卖,工资
20251226U7C1ND,income,5533.69,2025-12-26,购物,奖金
20250425MPP3DV,income,7622.65,2025-04-25,正常,津贴
202501151157EQ,income,2566.99,2025-01-15,外卖,津贴
20250503F66D22,income,862.16,2025-05-03,学习,津贴
20251120H1WBV8,income,8934.54,2025-11-20,娱乐,津贴
20251013W35DPL,income,2779.58,2025-10-13,学习,奖金
20250522038232,income,1076.06,2025-05-22,加班,奖金
20250419E6Z1DO,income,1314.07,2025-04-19,购物,工资
20250803GQYOBV,income,9548.93,2025-08-03,报销,工资
202501030NPI4H,income,8267.90,2025-01-03,正常,津贴
20250610V5W8GJ,income,3304.05,2025-06-10,生活费,津贴
202503083PKRUU,income,8725.13,2025-03-08,生活费,工资
20250416P1AB73,income,9938.83,2025-04-16,娱乐,奖金
202502244T8ER9,income,7851.88,2025-02-24,正常,奖金
20250121IFLLVE,income,7762.62,2025-01-21,生活费,津贴
202510222WVCM9,income,175.34,2025-10-22,学习,奖金
20251224DHY6MQ,income,5223.98,2025-12-24,生活费,津贴
20251219QW0G71,income,7609.35,2025-12-19,外卖,津贴
202507066ZJQ1Z,income,8301.85,2025-07-06,娱乐,奖金
20250716PHP3RV,income,5796.06,2025-07-16,补贴,津贴
20250210TM16BT,income,4307.20,2025-02-10,差旅,津贴
20251221FL9GAA,income,621.58,2025-12-21,正常,津贴
20250716HO3O7U,income,2574.04,2025-07-16,外卖,工资
202510162XHTKS,income,1794.23,2025-10-16,学习,奖金
20250719LOS6WG,income,6790.64,2025-07-19,差旅,工资
2025070191U6SA,income,7067.86,2025-07-01,外卖,奖金
20250107QFGU3A,income,4772.07,2025-01-07,正常,津贴
20250314N8613A,income,4495.78,2025-03-14,差旅,津贴
20251223QEDOYP,income,7695.11,2025-12-23,正常,津贴
202508122AAVYD,income,2638.24,2025-08-12,补贴,奖金
20250201420513,income,5593.01,2025-02-01,学习,津贴
20251204F9S5SD,income,9534.31,2025-12-04,正常,津贴
20250509DQDDXJ,income,8753.45,2025-05-09,加班,奖金
20251219LJFI7T,income,4733.65,2025-12-19,外卖,工资
20250305K2KWCO,income,6446.62,2025-03-05,娱乐,津贴
202509109FP6XK,income,9898.73,2025-09-10,购物,津贴
20251011GIHWWS,income,3342.22,2025-10-11,学习,奖金
2025122730X43M,income,3080.28,2025-12-27,正常,工资
20250608ENKSTN,income,9762.43,2025-06-08,补贴,工资
20250302XR8ZKF,income,984.83,2025-03-02,外卖,奖金
20250108P98LD9,income,6223.79,2025-01-08,外卖,奖金
20250315U4SYSR,income,4858.76,2025-03-15,生活费,工资
20250122NGYBK5,income,5258.10,2025-01-22,外卖,奖金
20250616UYYU6D,income,2440.38,2025-06-16,报销,工资
20250612YN0KD6,income,8536.23,2025-06-12,学习,津贴
20250526D4BXH4,income,4535.80,2025-05-26,娱乐,奖金
202512168E4FN6,income,3704.92,2025-12-16,加班,津贴
20251210IQGIKE,income,2435.10,2025-12-10,娱乐,津贴
202504028GEKOW,income,9959.42,2025-04-02,学习,津贴
20250602H5G5DW,income,814.74,2025-06-02,学习,津贴
20251007IFB25F,income,3687.62,2025-10-07,娱乐,工资
202512103689OW,income,6060.21,2025-12-10,学习,津贴
2025051021XUEK,income,8836.70,2025-05-10,学习,工资
20251002E2CMZQ,income,2790.93,2025-10-02,外卖,工资
20250406G00C4H,income,6300.38,2025-04-06,外卖,工资
202504025BRHXK,income,8818.76,2025-04-02,报销,津贴
202511275EUYU6,income,9361.85,2025-11-27,娱乐,工资
202511133ML620,income,9171.35,2025-11-13,娱乐,工资
20251022I9DS1V,income,4149.23,2025-10-22,补贴,工资
20250417IQZ0LP,income,3355.77,2025-04-17,正常,奖金
20250613JPZJMD,income,5306.77,2025-06-13,正常,奖金
20250728YSAKCQ,income,4369.20,2025-07-28,外卖,工资
20251204104UYE,income,5900.72,2025-12-04,补贴,奖金
202509060EP7CP,income,8889.10,2025-09-06,生活费,津贴
20250403V6E440,income,9205.49,2025-04-03,学习,工资
20250707X3D732,income,1447.18,2025-07-07,购物,津贴
20250420A6CDXI,income,5476.02,2025-04-20,差旅,津贴
20250701BEYRID,income,1975.62,2025-07-01,外卖,津贴
20250128FLKUIR,income,529.54,2025-01-28,正常,工资
20250618RMHILX,income,228.24,2025-06-18,报销,津贴
20250314VZPZKO,income,1369.66,2025-03-14,补贴,津贴
202501181BBLUC,income,9323.28,2025-01-18,差旅,津贴
20250828Z8NXKR,income,2617.43,2025-08-28,学习,津贴
20250508W0IXCD,income,2851.36,2025-05-08,差旅,奖金
20251219AF8QTP,income,6482.29,2025-12-19,生活费,工资
20251203OWYKML,income,1332.19,2025-12-03,学习,津贴
20250507DZX0O2,income,2241.10,2025-05-07,报销,奖金
20250418CY6WGG,income,602.05,2025-04-18,生活费,工资
20250923K9T2EN,income,7761.96,2025-09-23,加班,奖金
20250413O0EWUJ,income,8011.09,2025-04-13,报销,津贴
20250919XAL7UT,income,4262.45,2025-09-19,补贴,工资
202508233XXTTL,income,8437.42,2025-08-23,差旅,奖金
20250816B17PGH,income,3072.21,2025-08-16,生活费,奖金
202507134JMREZ,income,9317.96,2025-07-13,生活费,工资
20251005232NLO,income,5697.71,2025-10-05,报销,津贴
20250823GC8274,income,2878.18,2025-08-23,加班,工资
20251220MQJBTZ,income,7540.45,2025-12-20,差旅,津贴
20251215NYHQEM,income,4062.68,2025-12-15,购物,工资
20251203703JCM,income,8739.53,2025-12-03,补贴,津贴
20250723Y9CIMV,income,7542.14,2025-07-23,外卖,工资
20250213CCK3U3,income,7052.28,2025-02-13,差旅,津贴
202511096O9FZ8,income,607.76,2025-11-09,娱乐,奖金
20250109KR9VVW,income,3801.86,2025-01-09,外卖,工资
20250610VW3KUE,income,1883.35,2025-06-10,外卖,工资
202510075LWPFM,income,4674.81,2025-10-07,生活费,工资
20250419S4Y7CH,income,7687.62,2025-04-19,生活费,奖金
20250319W02IYD,income,376.40,2025-03-19,娱乐,奖金
20251117VDMGB0,income,9827.94,2025-11-17,报销,津贴
20250727R9IJX9,income,8455.83,2025-07-27,差旅,奖金
202512235KW95X,income,7396.83,2025-12-23,正常,奖金
202506160CPU7R,income,4288.72,2025-06-16,报销,工资
20250422UH8VLY,income,2079.02,2025-04-22,娱乐,奖金
20251125W3NMVG,income,9865.74,2025-11-25,外卖,工资
20250401WQA778,income,2570.56,2025-04-01,购物,工资
20250311KERZX7,income,6395.55,2025-03-11,外卖,工资
20250619D4X8BK,income,2920.10,2025-06-19,生活费,奖金
202505257Y1WJ6,income,2432.13,2025-05-25,生活费,奖金
20251222HLN0T3,income,7720.89,2025-12-22,生活费,奖金
202501286TXGDW,income,9022.16,2025-01-28,娱乐,津贴
20250411MBOGL0,income,2611.49,2025-04-11,学习,奖金
20251003TW88SG,income,9483.26,2025-10-03,正常,津贴
202506204CKWU9,income,2328.97,2025-06-20,正常,工资
20250219W0SVM3,income,5925.08,2025-02-19,加班,奖金
20250613VW9YL9,income,4767.85,2025-06-13,正常,奖金
20250606GI5JT1,income,8806.73,2025-06-06,正常,工资
20250103FFH5XO,income,9311.67,2025-01-03,生活费,津贴
20250710T9ATTQ,income,6090.11,2025-07-10,补贴,奖金
20250603JP9V2P,income,1955.65,2025-06-03,外卖,工资
202504031W595E,income,277.45,2025-04-03,学习,奖金
20250315VPEJGG,income,5496.77,2025-03-15,正常,工资
20250625OUKHVG,income,2685.52,2025-06-25,生活费,工资
202503151CISHV,income,3620.32,2025-03-15,购物,奖金
202505010TEQL5,income,7992.42,2025-05-01,外卖,工资
20251228W8ML29,income,811.84,2025-12-28,差旅,奖金
20250212WDHHIB,income,4028.41,2025-02-12,差旅,津贴
202509225NCV8O,income,6124.64,2025-09-22,报销,津贴
2025101299RGHP,income,2520.74,2025-10-12,生活费,奖金
20250907REYRHT,income,427.25,2025-09-07,娱乐,津贴
20250318BSB9DR,income,8907.13,2025-03-18,娱乐,工资
20250704BZMCVO,income,9619.48,2025-07-04,加班,奖金
20250615AZ2IBK,income,1560.86,2025-06-15,学习,津贴
20250617MWPZIG,income,5282.52,2025-06-17,报销,工资
202504141N77F4,income,8795.54,2025-04-14,补贴,津贴
202506258A1B9H,income,9544.87,2025-06-25,外卖,津贴
202502248YWU63,income,6036.27,2025-02-24,外卖,工资
202505234JW9T4,income,5701.97,2025-05-23,报销,奖金
20250825F0HA35,income,2037.89,2025-08-25,购物,津贴
20250108HTL4XX,income,8135.50,2025-01-08,补贴,奖金
20250223SY8Z50,income,7299.93,2025-02-23,购物,工资
20251025C9BOX3,income,8821.98,2025-10-25,娱乐,津贴
20251028TITA5I,income,5726.05,2025-10-28,正常,工资
20250313CFG08G,income,5491.51,2025-03-13,娱乐,工资
20250216ISDTGO,income,8550.96,2025-02-16,购物,奖金
20250222CHXVHV,income,7370.80,2025-02-22,报销,津贴
2025091784FM43,income,84.41,2025-09-17,外卖,奖金
20250426Z7NKWI,income,7963.30,2025-04-26,正常,奖金
20251020OIVTE8,income,9977.30,2025-10-20,学习,津贴
20250804DUL0XG,income,6729.70,2025-08-04,加班,工资
20250901XXUHRT,income,1614.50,2025-09-01,学习,工资
20250408FO4CCN,income,2536.83,2025-04-08,购物,津贴
202502231FJVZD,income,4176.55,2025-02-23,报销,工资
20251112C317JD,income,3822.61,2025-11-12,生活费,津贴
20250906PJB0NR,income,8847.22,2025-09-06,加班,工资
20250313VLB80N,income,9052.71,2025-03-13,补贴,奖金
20250414FRLVD9,income,2986.50,2025-04-14,加班,津贴
20250314QSMQS1,income,3233.03,2025-03-14,差旅,工资
20250809FH47W3,income,8130.80,2025-08-09,外卖,工资
20250516ZXKDW4,income,5459.67,2025-05-16,差旅,奖金
20250525PMNLI1,income,7857.01,2025-05-25,购物,津贴
20250412VPS5VZ,income,6419.93,2025-04-12,学习,津贴
20250519MWLKZP,income,605.46,2025-05-19,生活费,工资
202504251A0UFY,income,1028.63,2025-04-25,购物,工资
202512082VQ1DT,income,6582.70,2025-12-08,外卖,津贴
2025110623TQ15,income,8464.62,2025-11-06,加班,工资
202507116W56IU,income,865.18,2025-07-11,购物,奖金
20250128J6085J,income,9168.93,2025-01-28,报销,工资
20251208ONT4KP,income,3783.05,2025-12-08,报销,奖金
202509057RQNAP,income,9069.18,2025-09-05,报销,津贴
20250625R2SCRF,income,1095.43,2025-06-25,差旅,工资
20250322HA426D,income,2688.29,2025-03-22,加班,津贴
20250214GGRV9L,income,8124.51,2025-02-14,生活费,奖金
20250211T5D0LX,income,6890.99,2025-02-11,学习,奖金
20250811YOYR1C,income,8914.34,2025-08-11,娱乐,工资
20250201ETHJJS,income,233.87,2025-02-01,补贴,津贴
2025050991TG2O,income,596.43,2025-05-09,加班,工资
20251216XBGEY5,income,1297.00,2025-12-16,正常,工资
2025020650W949,income,6162.14,2025-02-06,加班,工资
202502191WBNCO,income,6474.97,2025-02-19,外卖,津贴
202502272E8HVE,income,1578.24,2025-02-27,差旅,津贴
20250218C18VI0,income,7859.74,2025-02-18,补贴,工资
20250928UXE3I4,income,8270.76,2025-09-28,正常,工资
20251114DQXZWN,income,3835.02,2025-11-14,娱乐,津贴
20251224EUKNGI,income,2501.81,2025-12-24,报销,工资
20250228PF257U,income,8160.54,2025-02-28,正常,工资
202510018JYQNX,income,7704.24,2025-10-01,差旅,奖金
202503164FD9F6,income,4399.64,2025-03-16,补贴,奖金
20250915WM9QDE,income,2.86,2025-09-15,生活费,工资
20250404WZYU01,income,78.23,2025-04-04,加班,津贴
20250609V8DNXO,income,9548.94,2025-06-09,学习,工资
20250427YY44U9,income,9713.16,2025-04-27,生活费,奖金
20250802WPYZ1U,income,4475.53,2025-08-02,外卖,奖金
20250527XRWP9L,income,3168.69,2025-05-27,补贴,工资
20250820XEJT1A,income,1151.99,2025-08-20,补贴,工资
20251228V6GGQV,income,7609.38,2025-12-28,补贴,津贴
2025061056TLE1,income,1026.18,2025-06-10,外卖,津贴
20250603MUVOXG,income,8607.51,2025-06-03,正常,奖金
202511273ZVU39,income,8531.46,2025-11-27,加班,奖金
2025112686T2P6,income,2150.98,2025-11-26,学习,工资
20251001QIMOP5,income,4389.72,2025-10-01,差旅,奖金
20250727V3YGZX,income,6770.58,2025-07-27,加班,奖金
20250520JY2WIG,income,3232.32,2025-05-20,外卖,奖金
20250118T0SCL0,income,3412.17,2025-01-18,报销,工资
20250906DP91PG,income,762.22,2025-09-06,生活费,工资
202508098TGK1A,income,9081.49,2025-08-09,外卖,津贴
20250724A3HD2K,income,6602.65,2025-07-24,报销,津贴
2025100762D16V,income,6022.05,2025-10-07,正常,工资
20250307VZKQ8L,income,162.43,2025-03-07,报销,奖金
20250822E9MEQI,income,1116.60,2025-08-22,差旅,奖金
202503059HWCQO,income,320.61,2025-03-05,学习,津贴
20251215JCAQIM,income,9196.74,2025-12-15,生活费,津贴
20250815LTDVTF,income,2697.20,2025-08-15,补贴,津贴
20250214HJ9CIO,income,511.86,2025-02-14,补贴,奖金
202505139R0IKX,income,3258.61,2025-05-13,购物,奖金
202502236480FW,income,5373.92,2025-02-23,娱乐,津贴
20250901D4T6O3,income,9315.65,2025-09-01,学习,津贴
20251103LI1141,income,9935.87,2025-11-03,学习,津贴
2025030780E6ZT,income,3593.44,2025-03-07,学习,工资
2025040185OID2,income,6988.64,2025-04-01,娱乐,津贴
20251025S7QL4M,income,3151.36,2025-10-25,正常,津贴
202511145Y3AUK,income,117.78,2025-11-14,正常,工资
202510209PSH7F,income,2041.83,2025-10-20,加班,工资
20251219UXD6D8,income,2278.15,2025-12-19,补贴,工资
20251012QY0UA6,income,3670.58,2025-10-12,外卖,津贴
202508233KQE1W,income,1601.29,2025-08-23,加班,工资
20250706BW1GIW,income,1233.42,2025-07-06,补贴,奖金
20250420LGBISR,income,5456.90,2025-04-20,报销,津贴
20251028ZAA1ZC,income,6284.48,2025-10-28,购物,奖金
20250216GEO7HI,income,223.89,2025-02-16,报销,工资
20251209WM63DH,income,6880.93,2025-12-09,补贴,津贴
20250617J50U4Z,income,3339.52,2025-06-17,外卖,工资
20250602JJW6F2,income,8284.04,2025-06-02,报销,奖金
20250704FNCRWZ,income,1460.19,2025-07-04,娱乐,工资
20250105I59Z6B,income,2768.16,2025-01-05,补贴,津贴
202503083WKT30,income,1267.64,2025-03-08,学习,津贴
20250310WK3Y53,income,4062.98,2025-03-10,报销,津贴
202501195AAKUS,income,3055.11,2025-01-19,学习,工资
20250808VP0A7X,income,101.88,2025-08-08,差旅,奖金
202506274QTEA2,income,4218.73,2025-06-27,生活费,工资
20250422UY4C8M,income,3763.45,2025-04-22,娱乐,津贴
20250627T5KM0Y,income,1419.84,2025-06-27,正常,工资
20250927T6RFNT,income,2462.24,2025-09-27,正常,工资
20251111FX2AAH,income,9248.53,2025-11-11,加班,工资
202510034YTY7C,income,8454.12,2025-10-03,补贴,津贴
202512033EYU1I,income,6251.05,2025-12-03,生活费,奖金
20250304C95ELR,income,801.58,2025-03-04,学习,奖金
202512131QCF5W,income,5005.95,2025-12-13,正常,津贴
20250122VFYT5K,income,1115.46,2025-01-22,购物,津贴
20251014AE4Y4A,income,3083.04,2025-10-14,报销,奖金
202510166TC20W,income,417.92,2025-10-16,学习,奖金
20251219KUGKBN,income,628.42,2025-12-19,外卖,奖金
202501243IU5P6,income,5906.47,2025-01-24,购物,津贴
20250515TFXUWC,income,7796.06,2025-05-15,加班,工资
20251117Q6EOUW,income,3274.52,2025-11-17,生活费,津贴
20250318V2BFG5,income,5969.28,2025-03-18,加班,工资
20251027RF6A5P,income,2692.12,2025-10-27,外卖,工资
202502187HGCYO,income,9511.57,2025-02-18,补贴,工资
20250824J1433J,income,7186.40,2025-08-24,生活费,津贴
20250106ZSALTI,income,4266.80,2025-01-06,差旅,工资
20250122KL0Y5I,income,499.15,2025-01-22,加班,奖金
20250512MKGMEZ,income,5727.23,2025-05-12,加班,奖金
20250614W6Q57D,income,9401.79,2025-06-14,购物,工资
2025010649NPLY,income,2895.77,2025-01-06,加班,津贴
20251004ZS6ON6,income,4781.86,2025-10-04,学习,津贴
20250425FYL296,income,4546.89,2025-04-25,差旅,奖金
20250213YDAM4H,income,9784.91,2025-02-13,加班,奖金
2025061997CPMN,income,9148.45,2025-06-19,补贴,工资
20251203ID5XR5,income,6712.92,2025-12-03,生活费,津贴
20251124S21VME,income,2319.33,2025-11-24,生活费,津贴
20250919H6NIEW,income,5700.62,2025-09-19,学习,奖金
20250124JBAKP6,income,9605.88,2025-01-24,报销,奖金
20251209SG7ZWO,income,1957.64,2025-12-09,加班,津贴
20251104H3P3OM,income,6048.68,2025-11-04,加班,工资
20250120T5KZ8S,income,7803.22,2025-01-20,娱乐,津贴
202505264IC4YE,income,9479.38,2025-05-26,学习,工资
20250308BUDW9B,income,16.50,2025-03-08,报销,奖金
202508196RLDZJ,income,6391.25,2025-08-19,购物,奖金
20250602WEL5DZ,income,772.69,2025-06-02,差旅,工资
20250304WD3F47,income,8813.05,2025-03-04,娱乐,津贴
20250805GLGXTU,income,9373.20,2025-08-05,学习,津贴
20250313T83E3T,income,9764.17,2025-03-13,购物,奖金
20251011DYGVEB,income,4497.22,2025-10-11,生活费,工资
20250115LEN4U6,income,6103.82,2025-01-15,正常,津贴
202512196GIVAS,income,3467.06,2025-12-19,购物,奖金
20250824OEIAMT,income,2332.90,2025-08-24,补贴,工资
20250205B1GZC9,income,9311.91,2025-02-05,报销,津贴
20250722JSJ2M6,income,610.76,2025-07-22,差旅,工资
20250211YEMO3K,income,5043.27,2025-02-11,娱乐,奖金
20250101PB9NSO,income,369.45,2025-01-01,生活费,奖金
202506193RCDCB,income,5251.38,2025-06-19,差旅,工资
20250505EZBUMO,income,118.44,2025-05-05,学习,工资
20251214XOK6WM,income,9512.95,2025-12-14,补贴,工资
2025061661CI5H,income,2224.73,2025-06-16,娱乐,奖金
20250610PH1PUQ,income,1998.88,2025-06-10,购物,奖金
20250828LVKROY,income,754.92,2025-08-28,学习,工资
2025082302OCLC,income,2023.04,2025-08-23,购物,奖金
20250902IL1FX4,income,7421.94,2025-09-02,加班,奖金
20251228S61MYU,income,1192.81,2025-12-28,差旅,奖金
20250104BT938N,income,6144.24,2025-01-04,加班,奖金
20250120OGD0BD,income,4183.70,2025-01-20,差旅,奖金
202512216EIGJJ,income,1767.87,2025-12-21,娱乐,津贴
202504046XI0DL,income,4679.63,2025-04-04,外卖,津贴
202505110P5YAZ,income,7142.60,2025-05-11,报销,津贴
20251221S1JOKD,income,585.92,2025-12-21,娱乐,津贴
20250208O7DT88,income,2424.16,2025-02-08,补贴,工资
20250903F5SY8F,income,6520.19,2025-09-03,购物,津贴
20251218OUO9CF,income,9953.46,2025-12-18,外卖,奖金
20250702CKU8QA,income,1063.20,2025-07-02,差旅,津贴
20251007IVCG3G,income,8757.85,2025-10-07,外卖,奖金
20251015C4JJJ9,income,3634.16,2025-10-15,外卖,奖金
20250613BMFWDB,income,6490.37,2025-06-13,学习,奖金
20251008CX737H,income,1288.51,2025-10-08,外卖,工资
20250624B0GIIF,income,6041.46,2025-06-24,娱乐,工资
20250213WKI7XT,income,2921.08,2025-02-13,学习,津贴
2025090920F8NX,income,6356.56,2025-09-09,差旅,奖金
20251023ZNBR8S,income,7801.23,2025-10-23,购物,工资
20250601NDN4B5,income,6764.86,2025-06-01,补贴,工资
20250515VOHIK7,income,7320.37,2025-05-15,外卖,奖金
20250307F7VWTD,income,6123.41,2025-03-07,购物,津贴
202501191W5JA6,income,4403.52,2025-01-19,购物,津贴
202511270040IE,income,3185.34,2025-11-27,补贴,工资
202501145M589F,income,4980.82,2025-01-14,娱乐,奖金
20251014LS1WZR,income,9301.91,2025-10-14,学习,工资
202506226KGAOS,income,2362.29,2025-06-22,学习,奖金
20250611VGYXJU,income,4737.67,2025-06-11,正常,津贴
202502048H9MHZ,income,8862.69,2025-02-04,正常,奖金
202507284V0J6T,income,2003.93,2025-07-28,正常,津贴
20250226HEVZ3R,income,7595.28,2025-02-26,外卖,工资
20250710MEJWU5,income,4292.47,2025-07-10,差旅,工资
20250805171MS8,income,16.55,2025-08-05,外卖,奖金
20251118S8SHOA,income,9871.25,2025-11-18,娱乐,津贴
20251226SBGSRM,income,2812.46,2025-12-26,补贴,工资
202506091CJYEZ,income,376.57,2025-06-09,报销,奖金
20250820KVZE6K,income,2349.51,2025-08-20,补贴,津贴
20250503UHBIUI,income,445.31,2025-05-03,报销,津贴
20250305EBLBGI,income,1022.60,2025-03-05,生活费,奖金
20250625Z1EWVB,income,8566.17,2025-06-25,补贴,工资
20251101CSZVY0,income,5380.83,2025-11-01,差旅,津贴
20250308SUO283,income,7981.47,2025-03-08,娱乐,工资
20250716G1K8JR,income,4221.52,2025-07-16,加班,津贴
202510022RQKIR,income,7250.06,2025-10-02,生活费,奖金
20250315SHLO0O,income,9004.46,2025-03-15,补贴,工资
20250104X4LYET,income,8471.67,2025-01-04,正常,津贴
20251219T7QQSZ,income,1452.91,2025-12-19,加班,工资
20251126ACI5Z5,income,8474.52,2025-11-26,加班,津贴
20250810YWX3P3,income,7400.45,2025-08-10,学习,奖金
20250208PB5JBJ,income,700.48,2025-02-08,购物,工资
20250303BV22KY,income,8188.33,2025-03-03,学习,工资
202502178VAK5X,income,8053.39,2025-02-17,购物,工资
20250921RZ1403,income,948.51,2025-09-21,加班,津贴
20250714I2D35H,income,6522.29,2025-07-14,学习,奖金
202503285FGLQ8,income,9461.89,2025-03-28,娱乐,奖金
20251109MLRDQ7,income,3140.94,2025-11-09,外卖,奖金
20250215QV3X24,income,7076.78,2025-02-15,差旅,津贴
2025030985J60W,income,3862.00,2025-03-09,报销,工资
20250610PMUCQN,income,2298.63,2025-06-10,购物,工资
20251119XVTSGY,income,4820.69,2025-11-19,差旅,奖金
20250816SDRO8F,income,1962.16,2025-08-16,购物,津贴
20250618T1A0D4,income,1282.52,2025-06-18,学习,奖金
202507180KICDB,income,7592.29,2025-07-18,生活费,津贴
20250726J2ZM9H,income,2536.45,2025-07-26,生活费,津贴
2025040983QCRT,income,1935.95,2025-04-09,娱乐,工资
202502105J5KZO,income,9848.16,2025-02-10,购物,奖金
20250709QFMHN2,income,8566.90,2025-07-09,加班,津贴
20250713EOXBDP,income,3041.63,2025-07-13,生活费,奖金
202509189AU4FS,income,6119.86,2025-09-18,补贴,津贴
20250209YJ6FIB,income,6716.43,2025-02-09,加班,津贴
20250802GDIV5R,income,5941.35,2025-08-02,正常,津贴
20250528YTS483,income,6536.05,2025-05-28,正常,津贴
20250205U5LGXN,income,9216.07,2025-02-05,学习,津贴
20251024BF0QE8,income,2844.87,2025-10-24,学习,工资
20250119AYI1PB,income,7456.09,2025-01-19,报销,津贴
202512093OVNQN,income,8689.74,2025-12-09,报销,工资
20250525ONOL7V,income,3362.19,2025-05-25,正常,工资
20251212IZVM9Z,income,2194.40,2025-12-12,生活费,工资
20251207T7QPIC,income,7131.16,2025-12-07,生活费,奖金
20251123NEIOJU,income,8921.33,2025-11-23,购物,奖金
20250805JR9HP0,income,799.37,2025-08-05,加班,工资
20250313UAC5BW,income,5342.98,2025-03-13,娱乐,津贴
2025072460F3RX,income,4438.53,2025-07-24,购物,工资
20251213QQDZ9L,income,7015.95,2025-12-13,正常,奖金
20250704LXXZFQ,income,6611.84,2025-07-04,购物,工资
202508276RNNX7,income,239.06,2025-08-27,娱乐,津贴
20250121UJNKTL,income,4249.44,2025-01-21,正常,工资
20250107XQVVAN,income,1389.55,2025-01-07,生活费,工资
202503199FTE8S,income,8628.33,2025-03-19,生活费,津贴
20250805HZHYX3,income,8074.90,2025-08-05,学习,津贴
20251015NK25D6,income,9512.27,2025-10-15,娱乐,奖金
20250617DS8QN1,income,1958.20,2025-06-17,学习,工资
20251128CXQLBK,income,2385.94,2025-11-28,补贴,奖金
20250917OG51LT,income,5392.73,2025-09-17,外卖,工资
20250715GDNAHY,income,6352.71,2025-07-15,差旅,工资
202510186DYB2G,income,5593.66,2025-10-18,报销,津贴
20251019F2PX5Q,income,1798.39,2025-10-19,外卖,工资
20250112IP9GTT,income,5308.05,2025-01-12,差旅,奖金
2025041239AD3N,income,6598.92,2025-04-12,加班,工资
20250609OVYDQ3,income,3331.22,2025-06-09,购物,工资
20250327XMVO18,income,1892.76,2025-03-27,加班,津贴
202510177V3W9U,income,7985.86,2025-10-17,购物,奖金
20250908E397UC,income,5982.94,2025-09-08,正常,奖金
20251028F92LMV,income,1279.62,2025-10-28,购物,奖金
20250604D7WXFZ,income,8844.57,2025-06-04,差旅,工资
20250125GTZ6UQ,income,6830.01,2025-01-25,学习,奖金
20250311XU6V8M,income,5040.75,2025-03-11,补贴,津贴
2025010497LF0T,income,4192.50,2025-01-04,报销,工资
20250110MWK7T9,income,3140.39,2025-01-10,报销,奖金
20251206S9V4BB,income,2939.74,2025-12-06,学习,津贴
20250408Q2SDT1,income,1747.75,2025-04-08,正常,津贴
20250405LU2EUT,income,5652.59,2025-04-05,补贴,津贴
20250811EMXE2P,income,926.89,2025-08-11,学习,工资
20251207SRIEMP,income,1308.50,2025-12-07,外卖,工资
20251026N3K3D9,income,5605.61,2025-10-26,补贴,奖金
20250421ZKME6H,income,4705.27,2025-04-21,加班,津贴
202505076HVIOP,income,3526.32,2025-05-07,购物,奖金
20250806YWBVFU,income,8652.90,2025-08-06,正常,津贴
20250519FUT453,income,2911.68,2025-05-19,外卖,津贴
202505280US9PM,income,1162.39,2025-05-28,正常,奖金
202510188W3MB7,income,2771.95,2025-10-18,生活费,工资
20250103ZPT2L0,income,401.19,2025-01-03,购物,工资
202501052MEZHY,income,1268.03,2025-01-05,正常,津贴
20250828PB00P0,income,6714.46,2025-08-28,外卖,奖金
20251102X57WHW,income,9765.00,2025-11-02,娱乐,工资
202504102F0KSE,income,5997.13,2025-04-10,报销,津贴
20250612DLM1WS,income,864.74,2025-06-12,学习,工资
202506091BUBWV,income,2310.52,2025-06-09,娱乐,津贴
202501286C7A5Z,income,5636.70,2025-01-28,正常,津贴
2025052376I2N5,income,7562.05,2025-05-23,报销,津贴
20250916SDOWQB,income,4540.39,2025-09-16,加班,工资
202511082UDZWZ,income,5261.92,2025-11-08,外卖,奖金
202510233753R5,income,7605.70,2025-10-23,娱乐,奖金
20251006PLJ7CD,income,9628.79,2025-10-06,外卖,津贴
20250910V4RXDJ,income,40.50,2025-09-10,差旅,津贴
20250511GK91K6,income,5898.03,2025-05-11,生活费,工资
20251110EITEZX,income,839.19,2025-11-10,购物,工资
20250819ANWHWS,income,1650.65,2025-08-19,补贴,奖金
20250727UYE0TQ,income,4958.30,2025-07-27,差旅,津贴
20251222G6D6JC,income,5952.75,2025-12-22,加班,奖金
202501217HWBNW,income,1552.14,2025-01-21,购物,工资
20251106N76U7L,income,35.50,2025-11-06,购物,奖金
20250702YWUOY6,income,1988.43,2025-07-02,娱乐,奖金
2025041490SY0W,income,9979.77,2025-04-14,学习,津贴
20250923T5XZRO,income,9828.07,2025-09-23,补贴,津贴
20251023JNHRE7,income,2195.25,2025-10-23,购物,工资
20250904B25XXG,income,8681.35,2025-09-04,生活费,津贴
20250624UFGVYO,income,9716.88,2025-06-24,学习,奖金
20250504O7FKE9,income,3581.87,2025-05-04,正常,工资
20250126CTNMQK,income,6462.52,2025-01-26,生活费,津贴
20250106LV2AZ4,income,8214.21,2025-01-06,报销,工资
202511013TLVA6,income,1276.36,2025-11-01,报销,工资
202505115AHEAS,income,9394.64,2025-05-11,生活费,津贴
202510189DSF93,income,5435.54,2025-10-18,学习,津贴
20250812IKWBG2,income,109.69,2025-08-12,差旅,奖金
20250826WFHJ2B,income,3950.85,2025-08-26,正常,津贴
20251207RHZXL4,income,7331.09,2025-12-07,正常,工资
2025081675EZN5,income,1225.18,2025-08-16,购物,奖金
20250509LL0ODN,income,6107.70,2025-05-09,正常,奖金
20250912TOQ6WQ,income,9904.90,2025-09-12,加班,津贴
2025012050KJ1R,income,3594.88,2025-01-20,外卖,奖金
20250420D8GMQ1,income,8819.02,2025-04-20,差旅,工资
20250121C4Z2PA,income,3880.15,2025-01-21,娱乐,工资
20250323SAEFDG,income,8817.63,2025-03-23,正常,奖金
20251101SC9C1R,income,5914.70,2025-11-01,加班,奖金
20251109I6N8PN,income,8030.98,2025-11-09,生活费,工资
20250801TWU05Q,income,1876.08,2025-08-01,生活费,工资
202507181FRZU4,income,8666.44,2025-07-18,生活费,奖金
202501073MYQS0,income,8098.11,2025-01-07,学习,津贴
20250808OJUW1Z,income,9544.87,2025-08-08,购物,津贴
20251123K2Y15K,income,6154.03,2025-11-23,生活费,津贴
20250808UMLDWO,income,1392.47,2025-08-08,生活费,工资
20250723PZALQM,income,9865.16,2025-07-23,购物,奖金
20250311392ODI,income,5866.41,2025-03-11,学习,工资
20250504NHON5N,income,5824.07,2025-05-04,外卖,奖金
20250226NF9C2U,income,1903.71,2025-02-26,补贴,工资
20251222FDBBHS,income,2114.72,2025-12-22,补贴,津贴
20250709LOLH8B,income,3926.46,2025-07-09,差旅,奖金
20250611B71Q3I,income,1843.93,2025-06-11,购物,津贴
202506114VJ3BF,income,2735.01,2025-06-11,生活费,津贴
202506115IQ951,income,4952.61,2025-06-11,正常,工资
20250503VFCA89,income,4760.36,2025-05-03,差旅,津贴
20251121YRPYG2,income,6382.51,2025-11-21,差旅,工资
20250805MJ03TE,income,4882.53,2025-08-05,差旅,津贴
20250602XXWKPA,income,2977.16,2025-06-02,购物,奖金
20251207FGAL6V,income,9447.47,2025-12-07,外卖,工资
20250507JZH5DJ,income,7571.04,2025-05-07,差旅,津贴
20251004LVHG6V,income,8738.07,2025-10-04,报销,津贴
20250222F4A22D,income,8574.97,2025-02-22,外卖,奖金
20251224TT9Z47,income,2899.18,2025-12-24,购物,奖金
20250216ZJR7Z2,income,4799.39,2025-02-16,娱乐,奖金
20251014CR6CIW,income,1478.04,2025-10-14,外卖,津贴
20250618JRZK41,income,1880.73,2025-06-18,学习,奖金
20250714EPTNMW,income,9079.90,2025-07-14,购物,津贴
20250826CLQEFG,income,1433.60,2025-08-26,补贴,津贴
20250814ZJD9N1,income,3548.77,2025-08-14,娱乐,奖金
20251202U9ZSBI,income,7794.66,2025-12-02,娱乐,津贴
20250321TXWCL7,income,2679.95,2025-03-21,差旅,津贴
20250205M30O0Z,income,465.58,2025-02-05,学习,工资
202510200PHDR7,income,6479.81,2025-10-20,学习,工资
20250506QI9MEO,income,6844.71,2025-05-06,娱乐,奖金
20250322MCVIMM,income,2466.23,2025-03-22,正常,工资
20250605QLS8DA,income,4116.72,2025-06-05,补贴,津贴
20250301VCWE05,income,8113.68,2025-03-01,生活费,工资
20250211NXB50F,income,509.66,2025-02-11,差旅,奖金
20250206TFVQOW,income,2144.70,2025-02-06,报销,工资
202502144ZXJUF,income,4133.89,2025-02-14,生活费,津贴
20251002O0QWC5,income,5856.01,2025-10-02,加班,工资
20250316DIZVYY,income,7015.65,2025-03-16,加班,工资
20251216CPXHE9,income,8915.76,2025-12-16,购物,奖金
202503226KV8AG,income,5907.65,2025-03-22,购物,工资
20250905N58WNE,income,3780.89,2025-09-05,正常,津贴
202508014EERIH,income,2982.14,2025-08-01,正常,工资
20251007T83XNL,income,1336.95,2025-10-07,加班,津贴
202505133MJY3U,income,2841.86,2025-05-13,加班,工资
20250205S3KHKD,income,8445.02,2025-02-05,正常,工资
20250401B7ZKSK,income,1471.76,2025-04-01,差旅,工资
20250522IPI4CT,income,7797.91,2025-05-22,生活费,奖金
20250926TITJSC,income,7863.44,2025-09-26,加班,津贴
20250925V73DL3,income,472.78,2025-09-25,购物,工资
20250512KMEUK8,income,6820.88,2025-05-12,正常,津贴
20251122SH5A6H,income,92.32,2025-11-22,正常,津贴
20250311R7STI1,income,2797.01,2025-03-11,外卖,工资
202501241DT2KR,income,9865.70,2025-01-24,补贴,津贴
20250427LS33KM,income,7517.81,2025-04-27,补贴,奖金
20251107EO1G33,income,8533.72,2025-11-07,补贴,津贴
20250216K5VQJI,income,3487.23,2025-02-16,外卖,奖金
202512128TFFAB,income,1329.40,2025-12-12,购物,奖金
20250326HPLGOY,income,2462.13,2025-03-26,娱乐,工资
20250819DKQT6E,income,6598.27,2025-08-19,报销,工资
202508172SWD2K,income,5728.62,2025-08-17,差旅,奖金
20250722ZWNS7Q,income,7336.70,2025-07-22,报销,津贴
202505195URNR5,income,5495.26,2025-05-19,购物,津贴
20250721JDC96T,income,5822.54,2025-07-21,购物,工资
20250411PRYYAO,income,4539.91,2025-04-11,购物,奖金
202504108BQ4V5,income,7171.33,2025-04-10,报销,津贴
202509272LV7GE,income,3005.22,2025-09-27,娱乐,工资
202506115GYNDD,income,2500.69,2025-06-11,报销,奖金
202506140DQX2F,income,8787.00,2025-06-14,学习,奖金
20251226UAEIQ1,income,7229.27,2025-12-26,娱乐,奖金
20250412MZ8FTF,income,3940.65,2025-04-12,外卖,奖金
20250617AUFJFH,income,2106.85,2025-06-17,娱乐,工资
20250303WFAGPB,income,7513.62,2025-03-03,加班,工资
20250111M15FT9,income,6816.94,2025-01-11,差旅,奖金
202507260ZC6XC,income,6440.46,2025-07-26,加班,津贴
20250312HJ0HNX,income,7455.23,2025-03-12,正常,工资
20251001KS7W66,income,6165.26,2025-10-01,购物,奖金
20251109X54AFO,income,557.99,2025-11-09,正常,津贴
20250314B2HXM0,income,5021.70,2025-03-14,娱乐,工资
20250711CDFLPM,income,9607.60,2025-07-11,生活费,津贴
20250911CNPOHZ,income,697.69,2025-09-11,娱乐,工资
20250414PE0FF9,income,9646.49,2025-04-14,正常,津贴
2025102849FHMT,income,1957.38,2025-10-28,补贴,工资
20251109MT7Y0U,income,4403.92,2025-11-09,补贴,工资
20250222MRSS0X,income,9732.13,2025-02-22,生活费,奖金
20250606DGJYKV,income,4265.88,2025-06-06,报销,津贴
20250803YRCAZ5,income,3066.84,2025-08-03,外卖,津贴
202510243XGOT0,income,8174.64,2025-10-24,娱乐,津贴
20251226I4WTJP,income,3564.58,2025-12-26,正常,工资
20250918FOA024,income,6366.71,2025-09-18,学习,津贴
202510205ND2BI,income,6446.83,2025-10-20,学习,奖金
20250119BZ2TRB,income,3917.16,2025-01-19,补贴,工资
20250418LDLUW5,income,1521.15,2025-04-18,加班,津贴
202511157XA33W,income,1030.35,2025-11-15,娱乐,工资
20251120QDLUWP,income,1600.68,2025-11-20,差旅,工资
20250622H6UDSR,income,3132.22,2025-06-22,加班,工资
20250925BVLUAF,income,2495.23,2025-09-25,生活费,津贴
20250319Q755LG,income,7957.06,2025-03-19,外卖,津贴
202510163179H1,income,7961.78,2025-10-16,加班,津贴
2025061375KFL5,income,582.18,2025-06-13,报销,工资
20250914IQY4BC,income,4219.52,2025-09-14,加班,工资
20251210APW8SN,income,7240.29,2025-12-10,补贴,奖金
202510156M0SZB,income,6361.92,2025-10-15,正常,奖金
20250416RCKO8C,income,1565.48,2025-04-16,差旅,工资
20250207FD4PJE,income,644.12,2025-02-07,差旅,奖金
20251209NHYQT5,income,4230.79,2025-12-09,外卖,奖金
20251226QUUWES,income,8461.58,2025-12-26,娱乐,津贴
20250814D6DEHY,income,9052.66,2025-08-14,正常,奖金
20250602RPZG97,income,114.63,2025-06-02,加班,工资
20250508RW1U03,income,2609.61,2025-05-08,生活费,津贴
20250317FX5QT4,income,3963.36,2025-03-17,外卖,津贴
20250525FIXTIE,income,3339.04,2025-05-25,购物,奖金
2025080719EML4,income,5849.87,2025-08-07,学习,奖金
20250826E68YTE,income,7444.32,2025-08-26,生活费,奖金
20250711Y86UE2,income,6307.95,2025-07-11,加班,奖金
20250326TVTUR3,income,8985.74,2025-03-26,娱乐,奖金
202505234D55R5,income,8933.90,2025-05-23,报销,工资
20250527HGJ46M,income,4965.11,2025-05-27,购物,工资
20250405KBVCMR,income,4958.87,2025-04-05,生活费,奖金
20250208ARPDSM,income,8482.74,2025-02-08,报销,津贴
202504130739TE,income,270.11,2025-04-13,差旅,津贴
202501070G0YKA,income,8836.86,2025-01-07,购物,奖金
20250325120M8W,income,8977.32,2025-03-25,生活费,津贴
20251025DTCWGO,income,2937.52,2025-10-25,补贴,工资
202512271XX0WZ,income,4131.61,2025-12-27,差旅,工资
20250120G0TSKC,income,4393.73,2025-01-20,正常,工资
20250902QMKI4C,income,5242.45,2025-09-02,外卖,工资
20251009DL4XLI,income,7134.29,2025-10-09,报销,奖金
20250101KJJC71,income,6162.87,2025-01-01,购物,奖金
20250920E2ILO0,income,7896.35,2025-09-20,补贴,奖金
20250925EM95LO,income,2928.85,2025-09-25,补贴,津贴
20250609KMYAL2,income,1768.17,2025-06-09,生活费,奖金
20250318M044WX,income,8269.73,2025-03-18,补贴,奖金
20250217GOHYZA,income,7630.08,2025-02-17,生活费,奖金
20250925KW072N,income,2837.38,2025-09-25,学习,津贴
202510086RUSW8,income,1738.33,2025-10-08,学习,津贴
20250417FMGLPL,income,9749.67,2025-04-17,生活费,津贴
202505220RKUHR,income,4212.73,2025-05-22,购物,工资
20250108WQKF6X,income,7334.16,2025-01-08,差旅,津贴
20250914Q3ICGI,income,8032.42,2025-09-14,娱乐,工资
20250924R8YNM6,income,4945.06,2025-09-24,差旅,津贴
20250207RD6VJK,income,2266.34,2025-02-07,生活费,津贴
20250903X5BY6R,income,7608.37,2025-09-03,加班,津贴
20251112HMAK36,income,5057.45,2025-11-12,正常,奖金
202509051GZM8W,income,7814.91,2025-09-05,购物,奖金
202506114NZC0B,income,2587.40,2025-06-11,生活费,奖金
202502253YADP6,income,1404.84,2025-02-25,娱乐,津贴
20250701A7RGTQ,income,7534.98,2025-07-01,报销,工资
20250712NZFPHD,income,4480.87,2025-07-12,补贴,奖金
20250208CSTS9I,income,9102.41,2025-02-08,娱乐,奖金
202502268D3PC4,income,986.48,2025-02-26,补贴,奖金
20250621HOJQHU,income,2800.82,2025-06-21,差旅,津贴
20250409CVL24Q,income,8645.72,2025-04-09,生活费,奖金
20251113QR3SQY,income,9426.70,2025-11-13,加班,津贴
20250920HW45SD,income,1944.24,2025-09-20,生活费,奖金
20250324949J0F,income,7420.73,2025-03-24,生活费,工资
20250325P2OKR7,income,8039.32,2025-03-25,购物,奖金
20250917R79HW6,income,7456.26,2025-09-17,娱乐,奖金
202505200TJ75C,income,5091.06,2025-05-20,正常,津贴
20250202Q1E8XP,income,7073.53,2025-02-02,补贴,工资
20250905NU2X0Z,income,8626.65,2025-09-05,报销,工资
20250824XPHFUH,income,1851.05,2025-08-24,报销,工资
20251228LNG59F,income,9170.79,2025-12-28,购物,津贴
20251118UNR4OS,income,4840.02,2025-11-18,报销,奖金
20250527W5EHHR,income,1928.04,2025-05-27,补贴,奖金
20251007VX75B1,income,2769.78,2025-10-07,加班,津贴
20250109PMIKKK,income,4489.39,2025-01-09,娱乐,工资
20250402PDCQG2,income,9521.97,2025-04-02,学习,津贴
2025010764QHI4,income,4027.55,2025-01-07,娱乐,奖金
20250323FH6ONL,income,2458.90,2025-03-23,差旅,奖金
20250825TJHAD7,income,7379.90,2025-08-25,补贴,工资
2025101297V2TZ,income,6235.17,2025-10-12,正常,工资
202512264ZJMUE,income,322.18,2025-12-26,购物,工资
20250914UY0Y0E,income,2311.64,2025-09-14,购物,工资
20250324LTVBRL,income,2997.49,2025-03-24,购物,工资
202509250VQTXJ,income,4074.61,2025-09-25,加班,工资
202502115N6T11,income,2193.71,2025-02-11,学习,奖金
20250702C39GP3,income,7203.71,2025-07-02,外卖,奖金
20251002WX7B0O,income,7456.75,2025-10-02,生活费,津贴
20251213YCU223,income,9601.32,2025-12-13,购物,津贴
20250821UV91KP,income,1060.34,2025-08-21,加班,工资
20250224U2GV13,income,7204.00,2025-02-24,学习,工资
20251217UHWVZ7,income,6814.69,2025-12-17,正常,工资
20250224L9RJ4W,income,5145.41,2025-02-24,娱乐,津贴
20250309IACZ89,income,3490.51,2025-03-09,娱乐,奖金
20251125RVOER2,income,8441.41,2025-11-25,学习,工资
20251210QZ6LS5,income,7106.15,2025-12-10,差旅,津贴
20250108VKIU9O,income,7830.01,2025-01-08,加班,津贴
20250428UZITXX,income,701.84,2025-04-28,娱乐,津贴
20251126YSCZ4P,income,8636.36,2025-11-26,购物,津贴
20251004TJOOZ2,income,2683.29,2025-10-04,娱乐,津贴
20251004Y538JS,income,4344.76,2025-10-04,差旅,津贴
20250713FKZ3B5,income,4383.24,2025-07-13,娱乐,津贴
20251027GH6Y0R,income,9999.70,2025-10-27,加班,津贴
20250426O3WL4D,income,3937.20,2025-04-26,报销,工资
2025072508CYWQ,income,6470.57,2025-07-25,补贴,奖金
20251021NICTRK,income,6477.79,2025-10-21,外卖,工资
20250926KD7LH0,income,8065.41,2025-09-26,差旅,工资
20250712E4Q0KL,income,677.71,2025-07-12,娱乐,奖金
20251017BDT96B,income,291.78,2025-10-17,差旅,工资
20250121I45J81,income,9671.56,2025-01-21,外卖,奖金
20250911CVKRL8,income,1386.67,2025-09-11,加班,工资
20250728LV4V9C,income,4387.35,2025-07-28,娱乐,工资
20250328O7ECH8,income,1260.02,2025-03-28,正常,工资
20250909Q47HM6,income,1156.14,2025-09-09,购物,津贴
20250628Z3Y2DR,income,6761.46,2025-06-28,学习,工资
202511048EG9YL,income,9282.04,2025-11-04,学习,津贴
20250704SV3VP8,income,8438.55,2025-07-04,差旅,工资
20250626HUBC3P,income,2169.41,2025-06-26,娱乐,奖金
202505027KZN8X,income,907.22,2025-05-02,报销,津贴
20250709JSHW75,income,9248.42,2025-07-09,外卖,奖金
202504035ZO45T,income,2355.17,2025-04-03,加班,津贴
20250911ZDI3RV,income,1090.50,2025-09-11,娱乐,津贴
20251116RQZNTG,income,9830.35,2025-11-16,报销,津贴
20250803V58OIS,income,7993.37,2025-08-03,正常,工资
202510243L2J3W,income,7164.33,2025-10-24,差旅,奖金
20250814XKC53E,income,6181.55,2025-08-14,报销,工资
20250510P8AH0J,income,9464.45,2025-05-10,差旅,工资
20250919QXMXB9,income,1520.06,2025-09-19,补贴,津贴
20250210M660KP,income,791.31,2025-02-10,娱乐,工资
20250907STNHSV,income,8372.61,2025-09-07,报销,工资
20251102EEGKYY,income,6364.69,2025-11-02,外卖,工资
20250803AT2A17,income,1252.28,2025-08-03,学习,工资
20250607SWS39R,income,7137.17,2025-06-07,差旅,奖金
20250502D09GA7,income,1210.49,2025-05-02,正常,工资
20250514JCGCT2,income,4.88,2025-05-14,娱乐,津贴
20251026WKSI3F,income,9867.44,2025-10-26,外卖,工资
20250310C720EK,income,8371.87,2025-03-10,补贴,津贴
20250128KM35UG,income,2476.60,2025-01-28,报销,津贴
20251004UGF99W,income,8350.52,2025-10-04,购物,工资
20250509IVBFVL,income,8168.02,2025-05-09,差旅,工资
20250419AZLVCL,income,1200.69,2025-04-19,补贴,津贴
20250517EN30MH,income,6792.99,2025-05-17,娱乐,工资
20251220B7RL70,income,8241.45,2025-12-20,加班,奖金
20250818ID89CA,income,2791.63,2025-08-18,补贴,津贴
20250917NBHODG,income,7668.53,2025-09-17,加班,工资
20250617WHKCJH,income,2344.84,2025-06-17,外卖,津贴
20250922A3TA08,income,9776.83,2025-09-22,报销,奖金
20250710SFUOSJ,income,3710.02,2025-07-10,补贴,津贴
20250905H08LLL,income,2405.11,2025-09-05,购物,奖金
2025101338LYJR,income,9423.32,2025-10-13,学习,工资
20251021T9SIWG,income,2277.10,2025-10-21,娱乐,津贴
202509104KVRWL,income,4716.64,2025-09-10,学习,津贴
20250122AIUGAL,income,4067.95,2025-01-22,娱乐,奖金
20251214U9GVLA,income,1801.96,2025-12-14,生活费,奖金
202511245P445J,income,5941.65,2025-11-24,差旅,奖金
202505164GOLOD,income,1004.40,2025-05-16,生活费,津贴
20251102IQ93TL,income,4122.96,2025-11-02,差旅,工资
20250920GW9FSE,income,1581.24,2025-09-20,加班,津贴
202501141UXG9X,income,5697.96,2025-01-14,补贴,奖金
20250226B2S8AX,income,9282.55,2025-02-26,购物,工资
20250810B0U4DA,income,7566.07,2025-08-10,购物,津贴
20250219D1VAKT,income,1773.16,2025-02-19,加班,津贴
202505177NWM5E,income,4337.99,2025-05-17,正常,津贴
20251216GCBBOJ,income,875.66,2025-12-16,差旅,工资
20251101IDDDDD,income,6013.80,2025-11-01,购物,工资
2025092052VV1I,income,2003.38,2025-09-20,差旅,工资
20250317VAUABT,income,3881.77,2025-03-17,娱乐,工资
20250413MC1HGI,income,3680.84,2025-04-13,娱乐,奖金
2025121268LHZO,income,9007.58,2025-12-12,差旅,工资
20251207I80DXY,income,4948.86,2025-12-07,外卖,奖金
202512091OGW77,income,5415.75,2025-12-09,补贴,奖金
20250417GIMAHZ,income,6883.57,2025-04-17,学习,奖金
20251009E9OE3W,income,4439.99,2025-10-09,正常,津贴
202511160BABYI,income,5376.47,2025-11-16,生活费,津贴
20250915VJC59O,income,610.79,2025-09-15,生活费,津贴
20250603Q24G3L,income,9278.50,2025-06-03,补贴,奖金
20250707E5311R,income,2866.38,2025-07-07,报销,奖金
202505250DA3OL,income,78.59,2025-05-25,正常,奖金
20251115VO0ORX,income,7243.49,2025-11-15,生活费,奖金
20250902B0EVKK,income,2297.27,2025-09-02,加班,工资
20250327I05PUJ,income,1990.89,2025-03-27,生活费,工资
202508010YMSL8,income,8787.88,2025-08-01,补贴,津贴
20250524W8X7FI,income,1918.50,2025-05-24,娱乐,津贴
20251210ER8FZ2,income,7140.57,2025-12-10,加班,工资
20250527M3W5MO,income,6755.12,2025-05-27,娱乐,工资
20250609DYLV68,income,1482.62,2025-06-09,购物,奖金
202505276RUGTK,income,4064.20,2025-05-27,补贴,工资
20251116BHP90T,income,8983.42,2025-11-16,补贴,奖金
20250713WIHDJ9,income,1923.04,2025-07-13,正常,工资
2025102692WSRK,income,2219.50,2025-10-26,学习,工资
202511014T9H9I,income,9089.96,2025-11-01,娱乐,津贴
20250804177HLB,income,1479.56,2025-08-04,正常,工资
20250104FB40DA,income,6284.41,2025-01-04,报销,工资
20250903ZXPA9T,income,88.79,2025-09-03,外卖,奖金
20250913F538TL,income,9435.21,2025-09-13,差旅,奖金
20250428SG9VMN,income,5491.30,2025-04-28,补贴,奖金
20250328MJTCTT,income,7675.26,2025-03-28,报销,奖金
20250510Z1NZ6P,income,6714.68,2025-05-10,学习,津贴
20250708FIRS9L,income,2127.23,2025-07-08,正常,奖金
20251215HIWG8H,income,114.90,2025-12-15,学习,津贴
20250104DPI9C2,income,8922.56,2025-01-04,差旅,津贴
20250606ACM5S2,income,7846.20,2025-06-06,购物,工资
20250906PN6AUH,income,9165.78,2025-09-06,生活费,工资
20250920LPS73P,income,4533.58,2025-09-20,差旅,津贴
20250506SHRNBO,income,4249.15,2025-05-06,娱乐,奖金
20250109WMQM1N,income,6733.67,2025-01-09,生活费,工资
20250419DA0CWO,income,3643.52,2025-04-19,娱乐,津贴
20250106XC1ORH,income,7321.24,2025-01-06,加班,津贴
20250404I3K5SR,income,9191.29,2025-04-04,报销,津贴
20251218OS7FDY,income,8405.03,2025-12-18,加班,工资
20250221CPUNGI,income,9275.19,2025-02-21,报销,工资
202508267JA4YS,income,4117.27,2025-08-26,报销,奖金
20251007X7A66I,income,7785.53,2025-10-07,娱乐,工资
20250514OV3PGJ,income,5572.93,2025-05-14,外卖,津贴
20251018OXXCZ2,income,1176.54,2025-10-18,差旅,奖金
20251225J2YEIY,income,6487.97,2025-12-25,正常,工资
20250222YV9GG8,income,6080.15,2025-02-22,生活费,津贴
20251213GZHAIS,income,3797.13,2025-12-13,差旅,工资
20250506C11C2F,income,4377.55,2025-05-06,加班,津贴
20250218VQS5XR,income,9049.63,2025-02-18,购物,工资
20250810KAHF9U,income,3030.19,2025-08-10,购物,津贴
202509174V2RH0,income,7839.38,2025-09-17,报销,津贴
202504163SNLSM,income,4859.44,2025-04-16,购物,奖金
20250409UI64OM,income,8000.16,2025-04-09,学习,奖金
20251119C4KHBZ,income,5888.90,2025-11-19,报销,津贴
20251128YT97TM,income,8452.72,2025-11-28,外卖,奖金
20250823I4L6WE,income,6089.44,2025-08-23,娱乐,津贴
2025051935AO6A,income,810.22,2025-05-19,报销,奖金
20251228RCL5IL,income,5068.93,2025-12-28,购物,津贴
20251201EWVZPR,income,9662.56,2025-12-01,报销,工资
202509220X0HJH,income,2278.17,2025-09-22,补贴,奖金
20250923CBDDBW,income,5134.80,2025-09-23,报销,工资
20250906AFHQVR,income,1571.92,2025-09-06,正常,工资
20250727CARPQJ,income,6594.00,2025-07-27,生活费,津贴
20250419OCFY4N,income,7791.93,2025-04-19,差旅,奖金
20250705SVGPFW,income,8655.55,2025-07-05,加班,工资
202507086P2273,income,4710.41,2025-07-08,外卖,津贴
20251026JS4145,income,335.09,2025-10-26,正常,工资
202510024RTULK,income,4685.58,2025-10-02,加班,津贴
20250912S6ZYT9,income,6136.02,2025-09-12,正常,工资
2025101075JQRL,income,7971.31,2025-10-10,学习,奖金
20250607ETKYG6,income,6830.65,2025-06-07,报销,奖金
20250801M0ICD8,income,912.70,2025-08-01,正常,奖金
202508082FUBPQ,income,8256.23,2025-08-08,加班,工资
20250424IQSBZ6,income,3280.00,2025-04-24,正常,工资
20251011LZIOOK,income,2867.35,2025-10-11,正常,津贴
202501043XBKQO,income,3507.86,2025-01-04,娱乐,工资
20250619CAU50V,income,7077.24,2025-06-19,外卖,津贴
20250326F7E32O,income,7581.36,2025-03-26,购物,工资
20250102T8RP3T,income,2201.82,2025-01-02,生活费,津贴
20250321SIE71Y,income,9805.71,2025-03-21,加班,津贴
20250706B4L7KU,income,3507.87,2025-07-06,购物,工资
20250417VV7T54,income,2612.96,2025-04-17,报销,奖金
20250328HQMZD6,income,5992.82,2025-03-28,补贴,津贴
202511230TFJBC,income,8797.88,2025-11-23,外卖,津贴
20250928J2O83B,income,1069.19,2025-09-28,正常,工资
202501044N85AY,income,1947.72,2025-01-04,正常,奖金
20250926W4UZ3X,income,3777.02,2025-09-26,生活费,津贴
202509027RH7ZR,income,9676.86,2025-09-02,差旅,工资
20251220PD1ZTC,income,8561.13,2025-12-20,学习,奖金
20251222SSQD2Y,income,9328.82,2025-12-22,报销,津贴
20250617RG8EHJ,income,7759.49,2025-06-17,生活费,工资
20250512CJ6FW8,income,397.75,2025-05-12,生活费,奖金
202507063N5GWX,income,3591.84,2025-07-06,正常,工资
20250609ROR39O,income,474.82,2025-06-09,报销,津贴
20251216R5UA7Z,income,4247.90,2025-12-16,学习,奖金
20250928DKJB6E,income,6286.04,2025-09-28,学习,津贴
202510018GHOVN,income,1313.87,2025-10-01,外卖,奖金
20250223IYF71F,income,3981.97,2025-02-23,外卖,工资
20250516RBLDVP,income,8039.28,2025-05-16,正常,工资
20251020ZPUNG8,income,8679.44,2025-10-20,娱乐,奖金
202506289ONS8H,income,1627.06,2025-06-28,娱乐,工资
20250425CG3BQE,income,3429.90,2025-04-25,学习,津贴
202503215APWD9,income,5177.91,2025-03-21,学习,津贴
202511145E9P8H,income,2793.28,2025-11-14,加班,工资
20250528QE7ZU2,income,9930.98,2025-05-28,差旅,津贴
20250703Y8CF7U,income,1385.52,2025-07-03,外卖,工资
20251021E3K6QT,income,6223.06,2025-10-21,补贴,奖金
20250205R48112,income,5823.30,2025-02-05,娱乐,津贴
2025120764Z08W,income,752.02,2025-12-07,补贴,奖金
20250428VJCF1C,income,5688.19,2025-04-28,学习,工资
202512115XEHPU,income,5271.47,2025-12-11,购物,工资
2025030318JILW,income,5343.42,2025-03-03,加班,奖金
20251225DYA0VB,income,9941.15,2025-12-25,外卖,工资
20250518S33RJF,income,9933.63,2025-05-18,生活费,津贴
202501099Q3NJO,income,2471.16,2025-01-09,购物,津贴
20251118HL9QLU,income,904.60,2025-11-18,娱乐,奖金
20251118M7DF5V,income,5229.25,2025-11-18,加班,津贴
20251114HAHZHQ,income,669.09,2025-11-14,补贴,津贴
20250509OPJ5B9,income,1361.85,2025-05-09,购物,津贴
20250704ZQ6YB0,income,4467.36,2025-07-04,购物,津贴
202512208SRGBJ,income,6231.00,2025-12-20,正常,工资
20250106SQYLT7,income,5350.66,2025-01-06,报销,津贴
20250413QP4OQX,income,7887.19,2025-04-13,生活费,工资
20251105OGQT0P,income,6869.13,2025-11-05,学习,奖金
20250223V8W3SS,income,1419.16,2025-02-23,差旅,奖金
20250413I2LW1U,income,929.46,2025-04-13,补贴,津贴
20250313B43HGH,income,7750.08,2025-03-13,补贴,津贴
20250108VD6L4U,income,3850.84,2025-01-08,生活费,津贴
20250211BRB03V,income,9306.46,2025-02-11,加班,工资
20250104S9H0YF,income,8511.23,2025-01-04,生活费,津贴
20250818K26WP8,income,1797.00,2025-08-18,差旅,工资
20250311JKY8KO,income,5434.11,2025-03-11,娱乐,津贴
2025091935AXO6,income,817.26,2025-09-19,学习,津贴
20250626MM4RD1,income,1278.20,2025-06-26,补贴,工资
20251108N94Z13,income,7477.50,2025-11-08,学习,奖金
202509263ADBOP,income,983.94,2025-09-26,购物,工资
20250827966NJR,income,2916.83,2025-08-27,补贴,津贴
20250220HDHG4B,income,5396.67,2025-02-20,报销,奖金
2025120864MC8G,income,8185.98,2025-12-08,购物,津贴
2025051463PAVM,income,8043.30,2025-05-14,外卖,津贴
2025041882SR9D,income,1765.87,2025-04-18,学习,奖金
20250920U13E14,income,4481.64,2025-09-20,正常,津贴
20250305WG4X12,income,6463.54,2025-03-05,差旅,工资
20250609PTOW2O,income,7453.22,2025-06-09,学习,奖金
202511191UAX0E,income,2350.37,2025-11-19,外卖,工资
20250212AVTXJQ,income,784.44,2025-02-12,正常,津贴
202501219V553P,income,1020.18,2025-01-21,差旅,津贴
20251016TBLAZA,income,3579.96,2025-10-16,学习,奖金
20250222HHAE2P,income,2705.58,2025-02-22,外卖,工资
20250914DA6Q3O,income,7349.68,2025-09-14,正常,津贴
202509044WHHMY,income,642.81,2025-09-04,加班,奖金
20251202CB2BBG,income,3439.91,2025-12-02,加班,津贴
20250910GQ3TBB,income,6781.41,2025-09-10,补贴,奖金
202510288Y906D,income,5567.92,2025-10-28,购物,津贴
20250806HWZJ2C,income,6940.70,2025-08-06,补贴,津贴
20250810Z7KL3L,income,6061.84,2025-08-10,报销,奖金
20250627O2Y3AR,income,3355.95,2025-06-27,报销,津贴
202505242XY1Z4,income,2630.44,2025-05-24,加班,津贴
20250523LKNNWZ,income,3214.15,2025-05-23,学习,津贴
20251019FFR173,income,3282.43,2025-10-19,正常,奖金
20251113L5ADGM,income,7051.12,2025-11-13,娱乐,津贴
20251211IOLRZJ,income,4508.23,2025-12-11,生活费,奖金
20250725PTP1MD,income,3352.70,2025-07-25,学习,津贴
20250717WPVS7E,income,9686.81,2025-07-17,外卖,奖金
20250417TUZ0AG,income,6378.97,2025-04-17,报销,奖金
20250901P8U0KN,income,2686.72,2025-09-01,报销,奖金
20251019OQK0IN,income,1363.27,2025-10-19,差旅,工资
20250501AGT8ET,income,7577.73,2025-05-01,外卖,工资
202503097DR7G3,income,7486.36,2025-03-09,生活费,津贴
20250122H2Y2FU,income,3698.52,2025-01-22,生活费,津贴
20250223YUEL22,income,3857.72,2025-02-23,差旅,奖金
2025031592E3JS,income,8152.82,2025-03-15,购物,工资
20250119H4TM9R,income,839.68,2025-01-19,外卖,奖金
20250621XA20QW,income,5834.39,2025-06-21,差旅,津贴
202509123T713J,income,4912.58,2025-09-12,学习,津贴
20250615REA885,income,2375.49,2025-06-15,生活费,奖金
202502285LP1GK,income,4014.79,2025-02-28,外卖,奖金
20250703LTRCKS,income,3534.72,2025-07-03,购物,工资
202501157J590G,income,4646.78,2025-01-15,加班,工资
20250705E3S31V,income,3431.01,2025-07-05,外卖,奖金
20250601L3YAIH,income,6152.34,2025-06-01,外卖,津贴
2025040447D5IJ,income,6804.36,2025-04-04,购物,工资
20251207USXQUB,income,3636.82,2025-12-07,购物,奖金
20251127CCA6VH,income,4400.73,2025-11-27,学习,津贴
20250724GFSQSV,income,2915.37,2025-07-24,正常,津贴
202503153A5HYW,income,6394.64,2025-03-15,购物,工资
202508233YR53N,income,2790.14,2025-08-23,学习,工资
20251015IVNLZV,income,1238.86,2025-10-15,外卖,工资
20250818WA1N6Z,income,2374.49,2025-08-18,补贴,工资
20250616390XMK,income,9561.57,2025-06-16,报销,工资
202511100GNXP0,income,1168.00,2025-11-10,报销,奖金
202502112GU4MX,income,8455.51,2025-02-11,正常,津贴
20250504OOENKM,income,1316.37,2025-05-04,加班,工资
20251124J709M0,income,7619.65,2025-11-24,购物,奖金
202504217P10ZW,income,129.88,2025-04-21,生活费,工资
20250914915Z3E,income,186.27,2025-09-14,加班,奖金
20250526GCEJWT,income,1127.55,2025-05-26,生活费,工资
20250714JRZ6QN,income,9156.78,2025-07-14,生活费,津贴
20250511Q7EYQB,income,4722.65,2025-05-11,正常,津贴
20250324KFSMCP,income,6944.64,2025-03-24,差旅,津贴
202508028KV3G1,income,6424.32,2025-08-02,生活费,津贴
20251226BEW2O1,income,4435.55,2025-12-26,娱乐,奖金
20250319JXHUDK,income,9142.83,2025-03-19,娱乐,工资
202506246LM9WR,income,8037.83,2025-06-24,加班,奖金
20250311SOZHVQ,income,4708.04,2025-03-11,正常,津贴
20251220T1NG37,income,4688.49,2025-12-20,差旅,津贴
20250311S2Y23J,income,5259.31,2025-03-11,购物,奖金
20250528QWJLRO,income,7358.17,2025-05-28,购物,津贴
202507034233WR,income,3159.92,2025-07-03,娱乐,津贴
20250801URC1XU,income,1495.81,2025-08-01,正常,工资
20250801SED19O,income,7158.19,2025-08-01,补贴,津贴
202502154V8SAA,income,4939.41,2025-02-15,补贴,奖金
20251111ZDUML3,income,4899.18,2025-11-11,加班,奖金
202506078DQFXF,income,1882.23,2025-06-07,购物,工资
20250628KO532Z,income,8057.24,2025-06-28,正常,津贴
20250828TJUE7W,income,678.44,2025-08-28,补贴,津贴
20250623H2LF8Z,income,2264.41,2025-06-23,生活费,津贴
202508271P54S9,income,1129.30,2025-08-27,正常,津贴
20251017IPR9YD,income,3454.99,2025-10-17,外卖,工资
20250307ICQKYV,income,7808.68,2025-03-07,娱乐,津贴
202506158I16OH,income,6525.03,2025-06-15,差旅,奖金
20250814OJIU7I,income,4443.47,2025-08-14,补贴,工资
20250422O47WZ2,income,1900.57,2025-04-22,购物,奖金
202511262UF85K,income,4585.59,2025-11-26,补贴,奖金
20250907UBOWYE,income,8628.10,2025-09-07,娱乐,工资
20250614S9J70Z,income,2581.02,2025-06-14,生活费,津贴
20251201Q7MAO5,income,5808.35,2025-12-01,娱乐,奖金
20250623CYLEZR,income,1463.22,2025-06-23,外卖,津贴
20251124WPEIN5,income,3432.32,2025-11-24,加班,奖金
20250520OYRVSC,income,1969.18,2025-05-20,正常,津贴
20250212KLOS22,income,6915.84,2025-02-12,购物,津贴
20250719BGR04E,income,4508.67,2025-07-19,购物,奖金
202505170BVLJK,income,3025.23,2025-05-17,生活费,工资
20250803AWEYDL,income,3799.00,2025-08-03,学习,奖金
202508032ORENE,income,6249.22,2025-08-03,补贴,工资
202504247TJF9L,income,4019.15,2025-04-24,补贴,津贴
20250206BV3748,income,6461.42,2025-02-06,学习,奖金
20250528O629PX,income,1734.16,2025-05-28,学习,奖金
20250706MCRGTB,income,8383.73,2025-07-06,购物,津贴
20250905BG5LQT,income,2674.09,2025-09-05,加班,工资
20250913XCIILL,income,2231.12,2025-09-13,外卖,工资
20250924OZFSEJ,income,6202.49,2025-09-24,购物,津贴
20251015RRM71Y,income,7243.61,2025-10-15,购物,津贴
202511203TSEOD,income,4089.42,2025-11-20,加班,津贴
202501035ZGPLS,income,2226.28,2025-01-03,正常,津贴
20250124HU47XS,income,1942.24,2025-01-24,加班,工资
202507017HTDDU,income,2030.08,2025-07-01,报销,工资
20250809NJ30JO,income,2720.15,2025-08-09,娱乐,奖金
20250222C3U5JD,income,6189.64,2025-02-22,购物,奖金
20250618CO4QJH,income,4569.30,2025-06-18,外卖,津贴
20250824TNA268,income,7172.09,2025-08-24,差旅,奖金
202510074TFBNG,income,2891.63,2025-10-07,差旅,津贴
20250223BZXK8A,income,7488.03,2025-02-23,补贴,工资
20250101L4NJHZ,income,3148.12,2025-01-01,正常,奖金
20250418L5HET6,income,6177.44,2025-04-18,外卖,奖金
20251112XTJCA0,income,3879.43,2025-11-12,学习,工资
20250508R5V1MP,income,3724.17,2025-05-08,学习,津贴
202502184O1N0Z,income,2017.97,2025-02-18,补贴,奖金
20250810W66099,income,6276.84,2025-08-10,外卖,津贴
20250424IXALWV,income,268.33,2025-04-24,报销,工资
20251018OPODHW,income,8941.80,2025-10-18,娱乐,奖金
20250827IV3ST5,income,3476.72,2025-08-27,正常,津贴
20250325QDDMFU,income,6310.08,2025-03-25,补贴,津贴
20251022JB6XG7,income,3868.54,2025-10-22,学习,奖金
202512025CMYTG,income,2585.66,2025-12-02,购物,奖金
20250315AA5C01,income,5229.47,2025-03-15,正常,工资
20250720BBU2UM,income,106.19,2025-07-20,学习,奖金
20250819YPBXGR,income,8162.20,2025-08-19,正常,津贴
20250223ET6NL5,income,3265.88,2025-02-23,加班,津贴
202503154CKMIX,income,7802.38,2025-03-15,差旅,津贴
202510118SX6IN,income,349.53,2025-10-11,学习,奖金
20250813KUGY8E,income,1843.97,2025-08-13,正常,工资
20251205I3RAGK,income,6206.95,2025-12-05,加班,津贴
20250324AQF0IN,income,4439.10,2025-03-24,补贴,工资
202511105F7WKV,income,6294.52,2025-11-10,补贴,奖金
20251124LBLSF3,income,3854.95,2025-11-24,生活费,奖金
20250910KKDETT,income,724.22,2025-09-10,正常,津贴
202503069XC3T2,income,8729.44,2025-03-06,补贴,奖金
20250318NPQP12,income,1750.76,2025-03-18,正常,奖金
20250505PG64SO,income,606.66,2025-05-05,加班,津贴
20251107C475UN,income,6786.61,2025-11-07,外卖,津贴
20251122SH6VLH,income,445.60,2025-11-22,娱乐,津贴
20250124KY6DUH,income,5160.21,2025-01-24,生活费,工资
20250214GMPJW9,income,2965.14,2025-02-14,学习,工资
20250310K9202F,income,46.46,2025-03-10,加班,奖金
20250722RNGKFR,income,1916.31,2025-07-22,补贴,奖金
20251110MFV0D7,income,528.28,2025-11-10,外卖,工资
20250110Y0QPBR,income,6690.11,2025-01-10,生活费,工资
202511245HB2O8,income,4187.72,2025-11-24,差旅,奖金
20250127MF89RH,income,3320.13,2025-01-27,娱乐,奖金
20251024ULVRQ2,income,142.98,2025-10-24,报销,奖金
202512169E1653,income,107.40,2025-12-16,正常,奖金
20251006T0U1N9,income,6053.55,2025-10-06,加班,工资
20250709MM0SMT,income,9183.12,2025-07-09,生活费,工资
202503191HAVEW,income,6970.01,2025-03-19,娱乐,奖金
20250604YEZOTD,income,4705.53,2025-06-04,购物,奖金
20250803PXI6DV,income,2098.95,2025-08-03,购物,工资
202506238ALDW6,income,4117.08,2025-06-23,学习,奖金
2025011866CQDS,income,7576.53,2025-01-18,娱乐,工资
202506271E8O5T,income,625.41,2025-06-27,正常,津贴
20250311PS60OX,income,9473.85,2025-03-11,外卖,津贴
2025050245Q17N,income,1069.30,2025-05-02,加班,奖金
202509165S3MOH,income,4965.33,2025-09-16,补贴,工资
20250909CX8EW2,income,3712.97,2025-09-09,加班,工资
20250128XVGJLF,income,990.89,2025-01-28,差旅,津贴
20250422Q642B3,income,512.22,2025-04-22,购物,奖金
202511068DAQ9T,income,2551.09,2025-11-06,正常,津贴
20251224LMQP5A,income,8717.27,2025-12-24,差旅,津贴
20250123AQJHJH,income,6810.23,2025-01-23,差旅,工资
20250602DQO3P9,income,3026.25,2025-06-02,外卖,奖金
20250620TNW483,income,2607.14,2025-06-20,加班,工资
20251201W1002Y,income,177.89,2025-12-01,正常,奖金
20251014OGV3DD,income,3862.62,2025-10-14,学习,工资
20250103SQBBU6,income,7859.52,2025-01-03,娱乐,奖金
20250904AHJP7Y,income,7161.25,2025-09-04,学习,奖金
20250621T4NTG6,income,801.97,2025-06-21,报销,奖金
20250903L4JOOD,income,7064.65,2025-09-03,正常,工资
20250120VSP7QJ,income,2650.27,2025-01-20,娱乐,奖金
20250916BCSSDX,income,1672.25,2025-09-16,生活费,工资
202501166UVA7B,income,7225.07,2025-01-16,生活费,奖金
20250626TGNFFU,income,2482.62,2025-06-26,学习,津贴
20250122YXB2WD,income,9274.24,2025-01-22,娱乐,奖金
20250822V9XZ5T,income,4749.21,2025-08-22,正常,津贴
202507163ZC8X1,income,6673.22,2025-07-16,差旅,奖金
20250321D5WZR5,income,8529.53,2025-03-21,报销,津贴
20251004PUC5YB,income,2751.34,2025-10-04,购物,津贴
202510067A5UYF,income,4368.19,2025-10-06,娱乐,津贴
20250914GQMT5W,income,4427.84,2025-09-14,补贴,津贴
20250122ONH5YO,income,3690.24,2025-01-22,娱乐,奖金
20251022JA2WIC,income,7889.92,2025-10-22,报销,奖金
20251108WM8YRR,income,6516.36,2025-11-08,学习,工资
20250614G1V8Y5,income,5505.90,2025-06-14,娱乐,津贴
20250602IXJ3S1,income,7933.69,2025-06-02,娱乐,奖金
20251112R5LFH7,income,3278.04,2025-11-12,差旅,奖金
20250701UAW2HL,income,9958.87,2025-07-01,正常,津贴
20251201REIHO8,income,7210.41,2025-12-01,外卖,奖金
20250225ESU3MW,income,9076.42,2025-02-25,娱乐,奖金
20251006PZ950K,income,8739.64,2025-10-06,补贴,工资
20250611NUOG1K,income,3453.78,2025-06-11,报销,津贴
20251212DES3P2,income,4676.04,2025-12-12,娱乐,津贴
20251108L9MC8K,income,9796.79,2025-11-08,外卖,工资
2025050866IC3N,income,1410.12,2025-05-08,差旅,津贴
20250919GBJTE2,income,7722.01,2025-09-19,学习,奖金
20250217FDYYFK,income,4665.37,2025-02-17,外卖,奖金
20250517W8U59H,income,4714.78,2025-05-17,外卖,津贴
20250623AURVOI,income,539.03,2025-06-23,报销,工资
20250404V6XI8B,income,3319.15,2025-04-04,学习,工资
202511046JS9UZ,income,4925.16,2025-11-04,学习,津贴
20251215ZDASIT,income,5373.35,2025-12-15,购物,奖金
20251104ZAGPGU,income,7366.98,2025-11-04,娱乐,工资
20250202KSK91H,income,1738.67,2025-02-02,娱乐,工资
20250710749I3Q,income,5581.99,2025-07-10,学习,津贴
20250119GV1J91,income,657.46,2025-01-19,报销,工资
20250423H8SXTI,income,6758.73,2025-04-23,外卖,奖金
20250121MER6WR,income,2978.97,2025-01-21,学习,津贴
202508124S8XUZ,income,8801.98,2025-08-12,加班,工资
20250903KTVKO4,income,5488.75,2025-09-03,加班,工资
20250524OOUJWN,income,6263.27,2025-05-24,补贴,津贴
20250417ORH33M,income,248.71,2025-04-17,生活费,奖金
20250927KJX4O7,income,5193.15,2025-09-27,补贴,津贴
20250323P9UI9Q,income,4257.51,2025-03-23,正常,工资
20250218CWU2HL,income,8879.77,2025-02-18,补贴,奖金
20251227202Q6B,income,1406.97,2025-12-27,外卖,津贴
2025122452EI3A,income,7714.59,2025-12-24,娱乐,工资
202502272AHZ39,income,9508.25,2025-02-27,学习,奖金
202509199KOHQD,income,8766.04,2025-09-19,学习,津贴
202508249UHNE5,income,2305.57,2025-08-24,购物,奖金
20251024MAHH0M,income,5248.70,2025-10-24,报销,奖金
20250810ZHEX8F,income,6003.10,2025-08-10,差旅,津贴
20251207C7GK92,income,3088.64,2025-12-07,生活费,奖金
202501202OCK0E,income,7961.45,2025-01-20,差旅,津贴
202506123ICOF0,income,1124.06,2025-06-12,购物,工资
20250606UIILKE,income,6337.22,2025-06-06,外卖,奖金
20250427VGHUM8,income,8377.50,2025-04-27,娱乐,津贴
20250322177KPY,income,5494.85,2025-03-22,外卖,奖金
20251020U04YV4,income,1702.28,2025-10-20,正常,工资
20250610E43U7T,income,1037.14,2025-06-10,加班,津贴
20250827DTCYCH,income,6055.31,2025-08-27,购物,工资
20250617094TK7,income,3316.22,2025-06-17,补贴,奖金
20250614V7TEG1,income,3786.83,2025-06-14,差旅,奖金
202512133RZGGQ,income,6094.40,2025-12-13,娱乐,工资
20250918BMWLB0,income,850.03,2025-09-18,生活费,津贴
20250716B60J0K,income,8166.18,2025-07-16,差旅,奖金
20250815594KDT,income,7982.68,2025-08-15,加班,津贴
20250222KF456X,income,551.82,2025-02-22,学习,奖金
20250413QKVDC7,income,6493.56,2025-04-13,加班,奖金
20250928XD3CFP,income,2029.34,2025-09-28,差旅,奖金
20251019GTPAWX,income,2073.17,2025-10-19,补贴,津贴
20250519T3OMWC,income,4083.87,2025-05-19,娱乐,奖金
202504061IUAV9,income,7861.26,2025-04-06,差旅,奖金
20250512UJ2RK8,income,6513.99,2025-05-12,加班,津贴
20250804BDHV8R,income,2796.43,2025-08-04,购物,津贴
20250711VQX8MB,income,3433.86,2025-07-11,差旅,工资
20250603VNWNSH,income,9887.37,2025-06-03,外卖,奖金
202511112K3HHM,income,581.42,2025-11-11,外卖,津贴
20250410G6NDEU,income,5235.60,2025-04-10,娱乐,奖金
202506156WCBJ7,income,2567.55,2025-06-15,娱乐,津贴
202507153S2Q23,income,5213.94,2025-07-15,加班,工资
20250727UPV6S8,income,6230.41,2025-07-27,正常,津贴
20250119GU98SX,income,4947.14,2025-01-19,差旅,奖金
202504059ROE0N,income,2425.34,2025-04-05,购物,奖金
20251019K6RJK3,income,4072.30,2025-10-19,加班,奖金
2025020527YRAL,income,3434.28,2025-02-05,正常,津贴
20250207K2N2Y7,income,3500.03,2025-02-07,外卖,奖金
202506121C04UX,income,386.40,2025-06-12,生活费,奖金
20250716C5DX6G,income,4918.14,2025-07-16,加班,津贴
20250302VMINUQ,income,772.10,2025-03-02,差旅,工资
202508153WPESL,income,3127.31,2025-08-15,补贴,奖金
20250409Z0768F,income,4176.44,2025-04-09,补贴,津贴
20250610RHA0UP,income,7700.46,2025-06-10,生活费,津贴
202503154YESNB,income,1005.34,2025-03-15,加班,奖金
20251112H3QCGP,income,4344.14,2025-11-12,学习,工资
20250902AM35V0,income,4235.99,2025-09-02,正常,工资
20250706OUYSZP,income,8684.23,2025-07-06,娱乐,奖金
202510278H4VM3,income,5340.18,2025-10-27,购物,奖金
20250612YK4W53,income,7931.04,2025-06-12,报销,奖金
20250112YFUXT1,income,6677.01,2025-01-12,购物,工资
20250425PMSHI5,income,2622.58,2025-04-25,外卖,津贴
20251212NPFRGN,income,2989.08,2025-12-12,生活费,津贴
20251126VAE6R6,income,1593.96,2025-11-26,报销,津贴
20250918XT4SMH,income,2138.63,2025-09-18,正常,津贴
20251126HT45BC,income,6665.54,2025-11-26,补贴,津贴
20250109FC8I8M,income,6508.65,2025-01-09,购物,工资
2025092895LWDN,income,2803.06,2025-09-28,报销,津贴
20251118XVGKIN,income,575.16,2025-11-18,加班,奖金
20250227E5KAKI,income,7938.03,2025-02-27,购物,津贴
202502110MP7FJ,income,2746.61,2025-02-11,加班,工资
20250704LJ0B0H,income,3237.62,2025-07-04,加班,工资
20250405UWXZA3,income,8790.17,2025-04-05,正常,津贴
20250917KU1TXO,income,4490.30,2025-09-17,正常,津贴
20250302ZV464G,income,8468.82,2025-03-02,补贴,奖金
20250613LCC5DK,income,4179.19,2025-06-13,正常,奖金
20250122JH55N3,income,6983.17,2025-01-22,正常,奖金
202512079ABUPH,income,331.03,2025-12-07,正常,津贴
20251112CTMLPD,income,722.05,2025-11-12,差旅,津贴
20250702F3HHTJ,income,637.72,2025-07-02,加班,津贴
20250728C6CIIW,income,2294.69,2025-07-28,补贴,奖金
202511193BQ2A3,income,5178.96,2025-11-19,娱乐,工资
202503270ZT7TD,income,1524.64,2025-03-27,外卖,工资
20250401NF0ITI,income,4765.03,2025-04-01,娱乐,津贴
20251123DSYXTH,income,2099.05,2025-11-23,报销,工资
20251222EBJCI3,income,133.55,2025-12-22,生活费,工资
20250802R02577,income,5381.19,2025-08-02,补贴,奖金
20250318VE2897,income,7110.78,2025-03-18,正常,工资
20250706IBBS4O,income,7187.59,2025-07-06,补贴,奖金
20250111N9R3IL,income,8084.08,2025-01-11,购物,奖金
20250519BTEPK1,income,3483.72,2025-05-19,生活费,奖金
20250616Z3EBF6,income,3685.81,2025-06-16,正常,工资
20250821Q1WPOA,income,954.96,2025-08-21,报销,奖金
202508100PIU7X,income,635.61,2025-08-10,生活费,津贴
202511213NQBKW,income,8611.91,2025-11-21,补贴,工资
20250601CKDD2G,income,7427.88,2025-06-01,补贴,津贴
20250723WAZMBE,income,7236.66,2025-07-23,差旅,奖金
20251007I2QS7O,income,7652.57,2025-10-07,差旅,津贴
20250918X3934U,income,5192.95,2025-09-18,外卖,工资
20250825GLB0HC,income,319.42,2025-08-25,差旅,工资
20250516COSM81,income,8086.25,2025-05-16,报销,工资
20250220T6ZC9M,income,6248.91,2025-02-20,购物,奖金
20250408BSHX3M,income,3324.08,2025-04-08,加班,奖金
2025111817F54G,income,4503.03,2025-11-18,外卖,奖金
202511020FF45L,income,960.21,2025-11-02,娱乐,奖金
20251113JVBRAB,income,2534.13,2025-11-13,加班,工资
20250922KK35I2,income,7276.64,2025-09-22,正常,奖金
202506158YEWRL,income,2799.03,2025-06-15,生活费,工资
20250610QFJXCE,income,5612.78,2025-06-10,生活费,工资
202502224U292W,income,1817.13,2025-02-22,生活费,津贴
20250303MSGXA9,income,1918.39,2025-03-03,生活费,工资
202512084LUERA,income,7478.38,2025-12-08,报销,工资
20250127VHY5H7,income,1406.98,2025-01-27,购物,津贴
20250227ZU7FS4,income,501.99,2025-02-27,报销,奖金
20250228242EU1,income,69.87,2025-02-28,生活费,津贴
20251019Y34QOE,income,7111.27,2025-10-19,补贴,津贴
202507167DJXLA,income,933.98,2025-07-16,娱乐,奖金
20251016GVCLAM,income,376.22,2025-10-16,外卖,奖金
20250417OHQF8S,income,2442.93,2025-04-17,正常,津贴
20250407H6POJE,income,7508.53,2025-04-07,差旅,工资
20251120X1HE9R,income,7911.97,2025-11-20,加班,津贴
20250805EJLJ83,income,1403.24,2025-08-05,报销,奖金
20250324F6S6S9,income,4003.14,2025-03-24,生活费,津贴
20250904DRMC8E,income,5820.26,2025-09-04,生活费,津贴
202512173N7XNK,income,1064.29,2025-12-17,外卖,工资
2025090118CQ1O,income,8769.62,2025-09-01,外卖,津贴
202512223EYTRC,income,3887.36,2025-12-22,外卖,工资
20251127HHCLDQ,income,8244.71,2025-11-27,娱乐,奖金
20250611JQ1QTI,income,1186.16,2025-06-11,加班,工资
202506078XUYBD,income,7446.14,2025-06-07,生活费,津贴
20250719OASIXQ,income,9542.59,2025-07-19,差旅,工资
20250925QC4RO2,income,8896.42,2025-09-25,正常,工资
202503121UJJUM,income,8460.81,2025-03-12,购物,工资
20250602WAF78Y,income,1569.53,2025-06-02,购物,津贴
20250201J1ALWF,income,5500.49,2025-02-01,补贴,奖金
202506114ODA7M,income,2666.65,2025-06-11,补贴,奖金
20250318MX0WEC,income,1414.41,2025-03-18,购物,津贴
20251027HBT3O6,income,1073.85,2025-10-27,补贴,奖金
20250627H1CPDJ,income,3981.39,2025-06-27,差旅,奖金
20250405Q77RTE,income,7368.52,2025-04-05,报销,工资
20250905QBM9M6,income,7993.23,2025-09-05,加班,工资
20250405C8CYGH,income,9553.50,2025-04-05,差旅,津贴
20251014HG9HJR,income,3633.70,2025-10-14,差旅,津贴
202506029DX3D5,income,1417.63,2025-06-02,生活费,津贴
20251216861L9J,income,6986.65,2025-12-16,娱乐,津贴
202510018N5F3D,income,4262.06,2025-10-01,购物,奖金
20250806GMC6SZ,income,6040.40,2025-08-06,学习,奖金
20251013WMZ5GN,income,9638.83,2025-10-13,外卖,津贴
202508071T4EDY,income,6471.94,2025-08-07,正常,工资
20250523FIYXXS,income,2446.51,2025-05-23,学习,奖金
202506015SJ0MW,income,8925.84,2025-06-01,报销,工资
202512165U61BP,income,8148.61,2025-12-16,生活费,津贴
202511133BGM2X,income,7143.34,2025-11-13,加班,奖金
20250610UFSA04,income,8785.77,2025-06-10,加班,工资
202507177IDE3I,income,6566.86,2025-07-17,正常,奖金
202510273R8QGZ,income,5583.19,2025-10-27,学习,工资
20250627NWIWZK,income,6060.58,2025-06-27,加班,工资
20250914742TVU,income,1411.94,2025-09-14,报销,奖金
202509169K17JK,income,3760.73,2025-09-16,娱乐,奖金
20250305PFH6W1,income,2239.11,2025-03-05,正常,津贴
20251002LA1HJ2,income,9987.97,2025-10-02,学习,工资
20250103IEIBLN,income,1967.05,2025-01-03,加班,奖金
2025051790E44Q,income,8790.28,2025-05-17,补贴,津贴
20250512S6TYMT,income,1173.58,2025-05-12,外卖,津贴
20250306FGO8YI,income,5778.68,2025-03-06,差旅,工资
20251006PUYORE,income,5276.85,2025-10-06,报销,奖金
20250615NMM2J4,income,5690.99,2025-06-15,学习,津贴
20250723AWPEL3,income,7166.94,2025-07-23,生活费,工资
20251208ZARO1T,income,1655.28,2025-12-08,报销,工资
20250514UISZAA,income,2026.24,2025-05-14,报销,工资
20251116LJINRB,income,168.03,2025-11-16,报销,工资
20251226HQAK2H,income,5965.61,2025-12-26,娱乐,津贴
20250126IHDU4A,income,4222.99,2025-01-26,正常,津贴
20250715G74DU0,income,8883.04,2025-07-15,购物,奖金
20251202WYJQ94,income,3865.26,2025-12-02,生活费,工资
20250603RYR6DB,income,8723.69,2025-06-03,学习,工资
20250912SY5F63,income,3577.48,2025-09-12,学习,奖金
20250913YKNM5Q,income,6797.46,2025-09-13,外卖,工资
20250109TDIJJC,income,6732.29,2025-01-09,报销,津贴
20250818AHWFR6,income,7898.75,2025-08-18,加班,工资
2025071736Z80H,income,6712.69,2025-07-17,学习,津贴
20251104DNR63D,income,3014.66,2025-11-04,购物,工资
20250825YY3FRG,income,1405.85,2025-08-25,正常,奖金
20250217YQKGJ8,income,2948.05,2025-02-17,报销,工资
20250901V5YHPE,income,3810.19,2025-09-01,生活费,津贴
202505114BGVG3,income,9846.29,2025-05-11,差旅,工资
20250314AEFNTO,income,5313.59,2025-03-14,加班,奖金
20250107B2CYHY,income,639.84,2025-01-07,加班,奖金
20251219MDLO8B,income,1145.49,2025-12-19,差旅,津贴
20250908GFRC4N,income,5023.24,2025-09-08,购物,奖金
202504067MGU2Z,income,2823.28,2025-04-06,生活费,工资
20250810LZIK8L,income,8946.75,2025-08-10,差旅,工资
20250703JVN2RT,income,1065.01,2025-07-03,娱乐,奖金
20250502Q6DM5N,income,6750.83,2025-05-02,补贴,津贴
20250216P1BN0I,income,6519.26,2025-02-16,加班,工资
20250203PNS2JH,income,9615.50,2025-02-03,正常,奖金
202512080B2Q4T,income,7287.67,2025-12-08,学习,工资
202511203LBO9L,income,1593.35,2025-11-20,补贴,奖金
20250114UB7G78,income,9109.98,2025-01-14,报销,工资
2025061273PON0,income,4658.08,2025-06-12,报销,津贴
20250301WMZ0YI,income,7220.10,2025-03-01,购物,津贴
20250706QO3QPS,income,8353.97,2025-07-06,补贴,奖金
20250614EK4ZPE,income,6589.85,2025-06-14,报销,工资
2025102302JXLZ,income,4735.94,2025-10-23,差旅,津贴
20251122TQ5QA4,income,8490.47,2025-11-22,购物,奖金
20250106HLKNL3,income,2817.57,2025-01-06,正常,工资
20250127HS44KA,income,9798.35,2025-01-27,正常,津贴
20250925MUGMIA,income,1767.51,2025-09-25,正常,奖金
20251122108Y5M,income,5516.02,2025-11-22,报销,工资
20250526QUCGCC,income,300.88,2025-05-26,外卖,奖金
202506087N4X2E,income,1890.68,2025-06-08,差旅,津贴
20250523USY5E3,income,8706.11,2025-05-23,学习,奖金
20250226727YUU,income,6953.43,2025-02-26,娱乐,津贴
20251018VPNKUJ,income,561.19,2025-10-18,报销,工资
202505185O59V4,income,6444.14,2025-05-18,差旅,津贴
2025022503CMJX,income,292.65,2025-02-25,加班,工资
20250415PDNFO6,income,9065.62,2025-04-15,报销,津贴
20251223KO0H6R,income,857.95,2025-12-23,学习,奖金
20250725SD8113,income,7767.41,2025-07-25,报销,奖金
20251025233X5X,income,2539.65,2025-10-25,报销,津贴
20251211P6GMQ1,income,4157.36,2025-12-11,娱乐,津贴
20251008NBI7KJ,income,9717.04,2025-10-08,报销,奖金
20250705JJDLGQ,income,4851.96,2025-07-05,娱乐,津贴
20250815H6KMXE,income,5630.55,2025-08-15,正常,津贴
20250911EDDF1B,income,9521.65,2025-09-11,购物,奖金
20250925TTHYCL,income,5476.26,2025-09-25,补贴,工资
20250624SDRC0P,income,4618.22,2025-06-24,正常,津贴
20250602GMKRJJ,income,2622.66,2025-06-02,加班,工资
20250224WNN1Z6,income,4012.44,2025-02-24,差旅,工资
20250823QSH6RP,income,1450.47,2025-08-23,外卖,津贴
20250813FQMVK0,income,6126.90,2025-08-13,正常,工资
202503043590F2,income,391.98,2025-03-04,正常,奖金
20250220P53N10,income,877.71,2025-02-20,购物,奖金
20250217XTKGML,income,3928.31,2025-02-17,正常,工资
20250101ZE7I0R,income,9339.51,2025-01-01,购物,津贴
2025022039BCNH,income,1822.04,2025-02-20,补贴,工资
20250101SAF788,income,6638.37,2025-01-01,外卖,工资
202512196WMML9,income,3449.96,2025-12-19,学习,奖金
20250221KW20QJ,income,2858.66,2025-02-21,补贴,工资
20250513RGHFBK,income,6323.13,2025-05-13,娱乐,工资
202505160ADYIA,income,6003.43,2025-05-16,学习,津贴
20250917VI5EXT,income,7329.37,2025-09-17,学习,津贴
20250116ZFVN47,income,8586.68,2025-01-16,生活费,津贴
20251204Z3CHG3,income,4479.59,2025-12-04,外卖,津贴
20250725RLHLDK,income,5914.76,2025-07-25,加班,工资
20250811CDOFCE,income,31.91,2025-08-11,购物,津贴
2025052848TB2F,income,3271.69,2025-05-28,差旅,奖金
20250428S23U5L,income,8038.21,2025-04-28,娱乐,工资
20251212V7ECYL,income,7579.93,2025-12-12,生活费,奖金
20251128LJE9BD,income,8250.39,2025-11-28,差旅,工资
20250128KUVH15,income,6518.92,2025-01-28,学习,津贴
20250904WUT1CP,income,6052.98,2025-09-04,娱乐,工资
20250505KSVJQ0,income,4873.62,2025-05-05,购物,工资
20250314NTBP8W,income,7959.38,2025-03-14,外卖,奖金
202505218PQ6B4,income,6086.21,2025-05-21,娱乐,工资
202501120M8UCD,income,7282.75,2025-01-12,报销,奖金
202508212K35XI,income,2734.23,2025-08-21,学习,奖金
202505071F604Z,income,352.92,2025-05-07,娱乐,奖金
20250904OST2SO,income,4495.02,2025-09-04,报销,奖金
20251112M2ZCJJ,income,2497.06,2025-11-12,正常,工资
202501107PUD2G,income,9568.25,2025-01-10,补贴,奖金
20251224LJGY2J,income,8876.02,2025-12-24,学习,工资
202510130A3ZBG,income,3300.03,2025-10-13,购物,工资
20251023GHZ8GL,income,2252.48,2025-10-23,差旅,工资
20250322G1DUAP,income,2961.27,2025-03-22,正常,津贴
20250125FEEZ8U,income,7965.09,2025-01-25,购物,工资
20250328GZXJE6,income,7891.27,2025-03-28,外卖,津贴
20250820WBBLDT,income,5737.21,2025-08-20,报销,奖金
20250818H78W45,income,841.90,2025-08-18,补贴,奖金
20250309LR6E23,income,779.85,2025-03-09,补贴,工资
20250915P2M8Q9,income,8323.53,2025-09-15,加班,奖金
20250414KLYBXE,income,6152.27,2025-04-14,报销,奖金
20250911CPWTAH,income,4253.83,2025-09-11,娱乐,津贴
20250117TY2R1A,income,7533.39,2025-01-17,差旅,奖金
20250820BBR4R8,income,4179.13,2025-08-20,差旅,奖金
20250404Q6VOBB,income,2128.56,2025-04-04,学习,工资
20250923JSDZDV,income,4539.92,2025-09-23,加班,津贴
20251128ZZXUYQ,income,2991.37,2025-11-28,补贴,工资
20250922DMK6QJ,income,3057.05,2025-09-22,加班,工资
20250104I5AKCN,income,4023.69,2025-01-04,学习,津贴
20250907PMA5D3,income,698.75,2025-09-07,加班,工资
20250603FI8NH3,income,1275.01,2025-06-03,差旅,津贴
20250227AVAN0L,income,9951.32,2025-02-27,差旅,奖金
20251018ACHEPW,income,3050.56,2025-10-18,购物,奖金
20250313ERQTUZ,income,6972.55,2025-03-13,购物,津贴
20250821FQ9JLD,income,2419.58,2025-08-21,正常,奖金
20250206E5TOOK,income,2125.55,2025-02-06,报销,奖金
20250924QV2OXU,income,7535.75,2025-09-24,购物,奖金
20251210RGRPH1,income,190.37,2025-12-10,差旅,奖金
20250122Z2PH5H,income,1523.31,2025-01-22,外卖,奖金
20250325IP2851,income,3669.88,2025-03-25,正常,工资
202511103FQ0Y7,income,4329.39,2025-11-10,加班,工资
20250907N4K0HT,income,9893.97,2025-09-07,购物,工资
202505277UXMCF,income,8450.19,2025-05-27,报销,工资
20250622WPLPHX,income,6152.14,2025-06-22,报销,津贴
20250314V6CW24,income,4915.67,2025-03-14,外卖,津贴
20250823M38JQM,income,9105.35,2025-08-23,购物,工资
202508260I59X9,income,1312.44,2025-08-26,购物,津贴
20251228UWPL33,income,7685.68,2025-12-28,报销,工资
202504123U1YPE,income,6529.46,2025-04-12,正常,工资
20250118MK68KR,income,8860.03,2025-01-18,正常,工资
20250605AWLO0G,income,4201.52,2025-06-05,正常,工资
20250413LDXQLC,income,5857.26,2025-04-13,补贴,奖金
20250126ZU0CMR,income,9301.29,2025-01-26,加班,奖金
20251018STX51U,income,3691.38,2025-10-18,报销,津贴
20250911C27EGY,income,1631.16,2025-09-11,外卖,工资
20250225EDG7W8,income,7614.47,2025-02-25,学习,工资
202511200RGC3M,income,8279.84,2025-11-20,补贴,津贴
202508169ROLUX,income,3003.91,2025-08-16,报销,奖金
20250216PBHUSB,income,466.48,2025-02-16,正常,工资
202503013WI9NP,income,3415.54,2025-03-01,购物,奖金
20251111K2D81V,income,7370.73,2025-11-11,学习,奖金
20250818TP1GFZ,income,499.32,2025-08-18,娱乐,津贴
20250927JVDG9A,income,4618.53,2025-09-27,加班,津贴
20250303UN45VP,income,7521.38,2025-03-03,生活费,津贴
2025060800RW2L,income,6364.45,2025-06-08,补贴,奖金
20251004IDV4PQ,income,2807.03,2025-10-04,学习,工资
20250910N9RJ03,income,8393.68,2025-09-10,生活费,奖金
202506114M1KKY,income,7499.58,2025-06-11,补贴,工资
20251124MY623R,income,485.47,2025-11-24,补贴,奖金
202510108X54MH,income,3553.18,2025-10-10,正常,工资
20250107DSF9HC,income,1981.65,2025-01-07,补贴,津贴
20250826OKKWBD,income,701.26,2025-08-26,娱乐,奖金
20250120J9XZC5,income,8485.79,2025-01-20,加班,津贴
202503192NHZ69,income,233.51,2025-03-19,正常,津贴
20250603TL1GAY,income,1754.81,2025-06-03,正常,津贴
202506070E4UZA,income,138.01,2025-06-07,生活费,奖金
202503059673LO,income,6649.41,2025-03-05,加班,津贴
202511199I3IKQ,income,4285.85,2025-11-19,加班,工资
20250802OD4Z33,income,8115.53,2025-08-02,加班,奖金
20251201F43ST7,income,4448.06,2025-12-01,娱乐,津贴
20250320NLOUU6,income,6918.08,2025-03-20,正常,奖金
20250312PJ0WL6,income,5143.67,2025-03-12,加班,奖金
20250903A4VC7I,income,3008.82,2025-09-03,学习,奖金
202505217N2561,income,6357.04,2025-05-21,报销,奖金
20250814HONZEF,income,2747.04,2025-08-14,加班,奖金
202504235GLQUA,income,9164.76,2025-04-23,学习,津贴
20250211IKZI08,income,9960.95,2025-02-11,娱乐,奖金
20251119DABTFU,income,5963.62,2025-11-19,娱乐,工资
20250427N9BZSS,income,5393.53,2025-04-27,生活费,工资
20251211426SJA,income,1338.06,2025-12-11,娱乐,奖金
20250517NSQGMD,income,6679.82,2025-05-17,学习,津贴
20250804CZN2X2,income,1260.40,2025-08-04,差旅,工资
202507211841H7,income,4461.50,2025-07-21,差旅,工资
202511107UP5S2,income,9241.48,2025-11-10,差旅,津贴
20251221RBUX0H,income,55.63,2025-12-21,加班,工资
20250612TZTH3A,income,6893.40,2025-06-12,正常,奖金
20250325NTLLW6,income,4555.27,2025-03-25,差旅,津贴
20250706J594PB,income,9897.50,2025-07-06,差旅,津贴
20250612ZAKFRN,income,8890.52,2025-06-12,娱乐,津贴
20250528TAEFIC,income,8030.87,2025-05-28,补贴,奖金
202503278X2S5D,income,723.04,2025-03-27,正常,津贴
20250528IM71R3,income,8329.22,2025-05-28,加班,奖金
2025061336AJPX,income,1501.41,2025-06-13,补贴,奖金
20250116RCORPK,income,6310.94,2025-01-16,差旅,工资
20250501NOVPXD,income,7670.36,2025-05-01,娱乐,奖金
20250522FYKDT9,income,6700.29,2025-05-22,生活费,奖金
20250313E7GC75,income,2053.18,2025-03-13,加班,奖金
20250513QK3NC0,income,1593.30,2025-05-13,娱乐,工资
20250911NC6MIY,income,3409.27,2025-09-11,生活费,工资
20250325ODKK8C,income,5892.99,2025-03-25,学习,津贴
20250326KSPYFD,income,7572.28,2025-03-26,外卖,津贴
202511105UUCXU,income,5909.09,2025-11-10,正常,奖金
2025071930RGOG,income,1639.94,2025-07-19,补贴,奖金
20251017UF7G66,income,2842.89,2025-10-17,补贴,奖金
2025122222RYX2,income,659.25,2025-12-22,娱乐,津贴
202510258U9ORJ,income,8895.95,2025-10-25,补贴,工资
20250105UYZK19,income,9577.14,2025-01-05,加班,奖金
20251119QCK6Y9,income,7778.58,2025-11-19,补贴,工资
20250616JKQ9L2,income,7335.64,2025-06-16,购物,津贴
20251125Y8T8CJ,income,3897.10,2025-11-25,报销,津贴
202511225DYKOX,income,3409.10,2025-11-22,购物,奖金
20250916R3CTFQ,income,4618.39,2025-09-16,补贴,津贴
20250112OWR3WH,income,1007.46,2025-01-12,补贴,津贴
202501046GHARG,income,5614.67,2025-01-04,购物,工资
20251012VX88PT,income,3009.98,2025-10-12,外卖,工资
20250726230DRX,income,6186.03,2025-07-26,报销,津贴
20250817NNWW67,income,6436.28,2025-08-17,外卖,奖金
202501149LHQGR,income,4691.76,2025-01-14,加班,津贴
202503269IESRK,income,9479.89,2025-03-26,报销,奖金
20250414ITBYDD,income,6580.00,2025-04-14,外卖,津贴
20250313J9UKMK,income,6166.79,2025-03-13,外卖,工资
20250802G28IX8,income,9526.20,2025-08-02,学习,工资
20250903G1R8BX,income,5098.68,2025-09-03,外卖,奖金
20250801ACRT9I,income,4803.61,2025-08-01,学习,奖金
20250614JB92YH,income,1620.23,2025-06-14,加班,工资
20251226L5HNLB,income,4593.59,2025-12-26,娱乐,工资
20251106IZCX7Z,income,1244.69,2025-11-06,正常,奖金
202501034LV3KP,income,1439.75,2025-01-03,生活费,工资
20250505LGD5J9,income,9874.41,2025-05-05,报销,津贴
20251223O1OV0Y,income,8774.44,2025-12-23,生活费,工资
2025121855MC14,income,8409.42,2025-12-18,报销,津贴
2025042147HFGD,income,7846.28,2025-04-21,娱乐,奖金
202507256SHKNN,income,1075.14,2025-07-25,补贴,工资
2025050320OP66,income,8883.81,2025-05-03,外卖,奖金
20250206G9B7DI,income,2165.72,2025-02-06,正常,津贴
20250205W43PPR,income,4852.87,2025-02-05,补贴,津贴
20250715G3XFYF,income,8992.31,2025-07-15,正常,津贴
2025100558STPT,income,4799.79,2025-10-05,加班,工资
20250828TJVIU7,income,5457.53,2025-08-28,正常,奖金
20250821X5UZBY,income,5226.10,2025-08-21,外卖,津贴
20250727WTRCFC,income,3422.71,2025-07-27,购物,津贴
20250608OSU92U,income,3001.68,2025-06-08,购物,津贴
20250117FDOS4N,income,6741.90,2025-01-17,差旅,津贴
20250713P3K5OC,income,5400.84,2025-07-13,正常,奖金
20250404Z5EZVH,income,842.00,2025-04-04,娱乐,奖金
202505257QH9PY,income,7566.63,2025-05-25,购物,奖金
20251121LUTJQD,income,4325.63,2025-11-21,补贴,工资
202501243IQ58I,income,1574.57,2025-01-24,差旅,工资
202508026I79BG,income,5854.99,2025-08-02,补贴,奖金
20250716O8AM04,income,9922.68,2025-07-16,报销,工资
20250514I5PL3O,income,7343.95,2025-05-14,差旅,奖金
20250625IQK2WF,income,2213.34,2025-06-25,生活费,津贴
20250802UQ3UYH,income,4044.40,2025-08-02,外卖,津贴
20250909WJ0F1V,income,8324.15,2025-09-09,购物,奖金
20251017LNU7N5,income,6457.89,2025-10-17,学习,津贴
20250917VB0RVK,income,8834.67,2025-09-17,差旅,工资
20250303LINMGJ,income,4097.67,2025-03-03,加班,工资
20250306NRE8MW,income,9742.57,2025-03-06,报销,津贴
20251218KN3U90,income,7751.02,2025-12-18,生活费,津贴
20251007D1ERBF,income,2354.15,2025-10-07,差旅,津贴
20250614TU13T1,income,2211.58,2025-06-14,学习,津贴
20250522NLLVZN,income,33.07,2025-05-22,正常,工资
20251003WGDCYK,income,737.77,2025-10-03,购物,奖金
2025060946KEEO,income,9141.40,2025-06-09,娱乐,津贴
20250605AKLR88,income,3905.02,2025-06-05,外卖,工资
20250318STH9UU,income,923.10,2025-03-18,生活费,工资
20251120ZBIFV3,income,6112.42,2025-11-20,外卖,津贴
202511112NYPYP,income,4949.20,2025-11-11,娱乐,奖金
20250702G8566C,income,2424.18,2025-07-02,正常,奖金
20250523VO5FZX,income,2772.12,2025-05-23,购物,工资
20250203NVXKEF,income,7632.00,2025-02-03,购物,工资
20250118FDP2AN,income,8455.42,2025-01-18,学习,奖金
20251119RWFE4V,income,6714.12,2025-11-19,娱乐,津贴
20250424HDI42I,income,5771.74,2025-04-24,差旅,奖金
202512115QIK2L,income,8685.03,2025-12-11,购物,奖金
202506161SUCWV,income,9799.00,2025-06-16,购物,工资
20250718SE2ABY,income,3480.20,2025-07-18,生活费,奖金
20250422K7WTB3,income,1387.41,2025-04-22,差旅,工资
20250603J3Q661,income,7450.32,2025-06-03,生活费,奖金
2025120823AWXA,income,5278.19,2025-12-08,补贴,津贴
20250721L3JFIA,income,7224.47,2025-07-21,加班,津贴
20251206WRIQC9,income,1147.14,2025-12-06,报销,工资
20250911X2N228,income,8100.77,2025-09-11,差旅,津贴
2025061568ZW0J,income,5471.83,2025-06-15,正常,奖金
20250210HNXPU1,income,4926.86,2025-02-10,娱乐,奖金
20251025Z480MR,income,7208.15,2025-10-25,补贴,津贴
20250428WN1MMM,income,6290.50,2025-04-28,外卖,奖金
20250727ZE0J58,income,964.24,2025-07-27,生活费,津贴
20250826GPJ9XH,income,9477.01,2025-08-26,正常,津贴
20250922HRGQRC,income,2604.76,2025-09-22,购物,津贴
20250226NBQCC4,income,7413.07,2025-02-26,正常,奖金
20251213GBR8K6,income,2804.78,2025-12-13,购物,工资
20250425H7C6A7,income,8981.46,2025-04-25,报销,津贴
20250122HFJGZQ,income,2089.83,2025-01-22,购物,津贴
20251005801CDJ,income,6763.52,2025-10-05,报销,津贴
20250602O4UYH2,income,4239.95,2025-06-02,加班,奖金
20250223NYHRW4,income,3374.43,2025-02-23,生活费,津贴
20250317SIQ1O0,income,173.97,2025-03-17,外卖,津贴
202502105X6F0E,income,135.04,2025-02-10,补贴,工资
2025011281PK9W,income,654.24,2025-01-12,学习,工资
20250606MNTB1R,income,9402.84,2025-06-06,外卖,奖金
20250324K02FJU,income,5742.06,2025-03-24,差旅,工资
20250105H0OJH2,income,3225.47,2025-01-05,学习,奖金
20250425M91QGI,income,1110.89,2025-04-25,补贴,奖金
20250417S9NDEK,income,5790.07,2025-04-17,报销,奖金
202501122PTLP0,income,3102.22,2025-01-12,正常,工资
20250213P9C6QF,income,2011.09,2025-02-13,购物,津贴
20251101X5ZLXB,income,2693.03,2025-11-01,加班,奖金
20250722STI0OI,income,5400.71,2025-07-22,学习,奖金
20251004EC0LD6,income,2662.16,2025-10-04,外卖,津贴
20250328Y5QI34,income,2304.37,2025-03-28,生活费,奖金
20250407GFF61P,income,3538.83,2025-04-07,正常,工资
20250710XTCARK,income,7104.78,2025-07-10,加班,津贴
20250810O9GMAS,income,1725.73,2025-08-10,外卖,奖金
20250306UMO8J6,income,9269.59,2025-03-06,购物,工资
20250715MXDQ9J,income,960.34,2025-07-15,购物,工资
2025112793M5EF,income,7577.87,2025-11-27,报销,工资
202506090S2S3J,income,1426.71,2025-06-09,正常,工资
20250918GWUF3K,income,2050.99,2025-09-18,外卖,奖金
2025072088O13K,income,9034.16,2025-07-20,差旅,津贴
20250127DE18B1,income,4672.18,2025-01-27,差旅,奖金
20250210IE3UKJ,income,1932.64,2025-02-10,加班,奖金
20250306WADBA3,income,1897.48,2025-03-06,加班,津贴
20251118JLBH6D,income,4102.53,2025-11-18,加班,工资
20250101ZMS66U,income,9594.71,2025-01-01,学习,工资
20250918VDQGP9,income,5567.52,2025-09-18,正常,工资
202508258ILKT2,income,3269.71,2025-08-25,差旅,工资
20250611SXGLFX,income,1685.41,2025-06-11,外卖,工资
20251022QJYIBQ,income,457.23,2025-10-22,生活费,工资
20250704JSTN07,income,5192.16,2025-07-04,差旅,奖金
2025070447EA5L,income,6570.62,2025-07-04,报销,奖金
202512047QUJQ3,income,2543.56,2025-12-04,补贴,津贴
20251028H94XQ7,income,311.08,2025-10-28,生活费,工资
202509191AZ6CK,income,510.46,2025-09-19,报销,津贴
202503191WEJX6,income,6410.86,2025-03-19,生活费,工资
20250428EGJIIH,income,6138.07,2025-04-28,报销,奖金
20250913QCWM69,income,1464.57,2025-09-13,加班,奖金
20251020OF6S97,income,114.63,2025-10-20,购物,工资
20250910831B2P,income,5181.26,2025-09-10,正常,津贴
20251214YEK7MA,income,5619.69,2025-12-14,补贴,工资
202503271H2GSS,income,8682.99,2025-03-27,加班,津贴
20251123IAES1W,income,2047.43,2025-11-23,购物,奖金
202506096G3YLB,income,5638.62,2025-06-09,补贴,津贴
20250525744ZZW,income,7554.95,2025-05-25,娱乐,津贴
20251108AMNDF4,income,2263.47,2025-11-08,娱乐,奖金
20251126KN61WH,income,4218.85,2025-11-26,加班,奖金
20250302WJZUPN,income,9859.81,2025-03-02,差旅,工资
20250526BTZ7SK,income,9337.73,2025-05-26,补贴,津贴
20250917U925F2,income,2319.86,2025-09-17,学习,工资
202501067JQRU6,income,1025.93,2025-01-06,补贴,津贴
2025070748NRWN,income,7164.92,2025-07-07,购物,工资
202511088DPED8,income,8179.80,2025-11-08,生活费,工资
202502188FBRTX,income,4289.24,2025-02-18,正常,奖金
2025101929IVNC,income,9245.38,2025-10-19,正常,津贴
20250901KYSVAE,income,5921.86,2025-09-01,购物,工资
20251113CYPZUD,income,3384.90,2025-11-13,正常,奖金
20250315OZF7PC,income,5698.91,2025-03-15,加班,津贴
20251227CD47B2,income,499.02,2025-12-27,生活费,奖金
202512100W8X3X,income,7983.46,2025-12-10,学习,奖金
20250814ZKA002,income,3622.34,2025-08-14,报销,津贴
20251003QCN7IP,income,2467.81,2025-10-03,外卖,工资
20251005S780WB,income,2045.25,2025-10-05,正常,奖金
20250609R2RJND,income,5451.76,2025-06-09,学习,奖金
20250906PSYYKV,income,1640.14,2025-09-06,购物,工资
20250215VZG8IR,income,4399.26,2025-02-15,补贴,津贴
20250522HQRDW5,income,9124.38,2025-05-22,加班,津贴
2025102075UY7A,income,3940.01,2025-10-20,生活费,津贴
202512201HU7LL,income,4001.92,2025-12-20,外卖,工资
202510186M4WQ4,income,8104.00,2025-10-18,加班,工资
20250506JF8LHP,income,8169.85,2025-05-06,购物,津贴
20251128TQ8RKZ,income,9363.91,2025-11-28,加班,工资
20250305SB0R2H,income,5568.38,2025-03-05,生活费,工资
2025061456VBFS,income,8463.26,2025-06-14,学习,工资
20250706QYAN1D,income,8053.60,2025-07-06,生活费,津贴
20251109QBFYZZ,income,9661.75,2025-11-09,补贴,津贴
20250302MKDL4J,income,2045.58,2025-03-02,娱乐,津贴
202503166DQON9,income,8684.58,2025-03-16,正常,津贴
20250618V0Q37K,income,2047.39,2025-06-18,娱乐,津贴
202501014M0L4R,income,9662.44,2025-01-01,外卖,津贴
20250416RN0W4I,income,7513.59,2025-04-16,加班,奖金
202503252ZRUFE,income,3344.43,2025-03-25,加班,奖金
20251103WIHG20,income,453.29,2025-11-03,加班,工资
20250817I0S6TL,income,5582.49,2025-08-17,差旅,津贴
20250806KUAPNY,income,8912.22,2025-08-06,报销,奖金
202503060L1KD5,income,9097.21,2025-03-06,报销,工资
2025090966JHTU,income,9073.56,2025-09-09,娱乐,奖金
20250628MW8PW3,income,9790.51,2025-06-28,正常,工资
2025120832LNQ0,income,633.23,2025-12-08,加班,工资
202505039JR03Y,income,2269.12,2025-05-03,外卖,工资
20250520GFSEIF,income,2740.37,2025-05-20,外卖,津贴
20251118C5C5ZX,income,890.21,2025-11-18,生活费,津贴
20250212KH7R6R,income,691.47,2025-02-12,生活费,津贴
20250622AGDXBP,income,1100.26,2025-06-22,加班,工资
20251210AQNEMY,income,540.55,2025-12-10,补贴,津贴
20250722IOTHZX,income,2968.95,2025-07-22,学习,津贴
20251027RRA5NW,income,7848.52,2025-10-27,正常,津贴
20250516F7APED,income,9377.14,2025-05-16,正常,津贴
20250522SHRJZ0,income,6704.72,2025-05-22,正常,工资
20250401FMMWFX,income,2390.88,2025-04-01,差旅,工资
20251008LZ23TU,income,4396.44,2025-10-08,报销,工资
202503133N27UP,income,8432.86,2025-03-13,娱乐,奖金
20250428XOQ7UF,income,2513.84,2025-04-28,正常,津贴
20250328VWBT75,income,4590.29,2025-03-28,差旅,奖金
20250718ALLAV0,income,9293.06,2025-07-18,学习,奖金
20250602KXMA99,income,4823.70,2025-06-02,娱乐,津贴
20250210304XFQ,income,3449.02,2025-02-10,学习,工资
20251117N1DPNN,income,8868.12,2025-11-17,娱乐,津贴
20251005CLFRFH,income,260.64,2025-10-05,外卖,奖金
20250301UQX8WP,income,7840.15,2025-03-01,娱乐,奖金
20250303AOJNAX,income,1135.09,2025-03-03,娱乐,奖金
20250116D65XHH,income,9461.98,2025-01-16,加班,工资
20251220NN8ALB,income,2481.52,2025-12-20,报销,奖金
2025051592R5VJ,income,2076.15,2025-05-15,娱乐,奖金
202508051V010K,income,8128.89,2025-08-05,娱乐,奖金
202507148157OE,income,2664.18,2025-07-14,外卖,工资
20251110897GBW,income,2593.04,2025-11-10,娱乐,工资
20250424I3CEC0,income,7288.20,2025-04-24,生活费,工资
20250327Q7CVQC,income,4693.68,2025-03-27,补贴,工资
202501239XVP92,income,7296.17,2025-01-23,正常,工资
20250728G3XYD2,income,4730.99,2025-07-28,补贴,津贴
202503041WB99P,income,7722.04,2025-03-04,娱乐,工资
20251003UQ3B0F,income,4946.90,2025-10-03,娱乐,津贴
20250710PB22FG,income,9286.76,2025-07-10,报销,奖金
20250612YYPQ21,income,2427.58,2025-06-12,补贴,奖金
20250622AB9WZW,income,5987.24,2025-06-22,加班,工资
20250127H0HL9U,income,6788.90,2025-01-27,学习,工资
2025031806JA9C,income,4369.26,2025-03-18,学习,工资
20250123G76JOE,income,8224.16,2025-01-23,娱乐,津贴
202501272O63TZ,income,3006.85,2025-01-27,生活费,津贴
20250410MXQFQ9,income,6529.27,2025-04-10,学习,津贴
202512064NXHJU,income,1857.19,2025-12-06,生活费,工资
202509147ZBFF8,income,7114.23,2025-09-14,加班,奖金
20250906VMF45S,income,302.66,2025-09-06,补贴,津贴
20250211V2VI5V,income,8010.68,2025-02-11,差旅,工资
20250117IM4BAA,income,5886.50,2025-01-17,加班,奖金
20251206ITQEBE,income,5690.02,2025-12-06,购物,工资
20251012ZBIRLL,income,1122.13,2025-10-12,购物,奖金
20250518WBE54H,income,7163.13,2025-05-18,学习,工资
202512012G5URA,income,6844.33,2025-12-01,生活费,工资
20250606ZJCA4Z,income,7062.33,2025-06-06,加班,奖金
20250804S442Q3,income,226.87,2025-08-04,正常,津贴
20251209OJP9JE,income,7032.56,2025-12-09,学习,工资
202508101U5VZE,income,1337.81,2025-08-10,加班,工资
20250111NLUN9O,income,5104.52,2025-01-11,学习,奖金
20251127TPAUY3,income,5906.64,2025-11-27,生活费,工资
20250416D3IO4E,income,688.22,2025-04-16,报销,工资
202504222T4FQM,income,6156.56,2025-04-22,学习,工资
20250214BTW8PV,income,7685.85,2025-02-14,生活费,津贴
202501153DLXWA,income,7597.45,2025-01-15,外卖,工资
20250418MXCI98,income,6684.52,2025-04-18,外卖,奖金
20251017JYEJX1,income,7366.50,2025-10-17,差旅,津贴
20251020PEI8VK,income,8650.82,2025-10-20,正常,工资
202509199YAYWT,income,4938.86,2025-09-19,娱乐,工资
20250201QHVUN5,income,9407.40,2025-02-01,购物,工资
20250225LWSDNC,income,8210.32,2025-02-25,购物,工资
20250723OZP6B2,income,7759.57,2025-07-23,外卖,津贴
20251112APSTCZ,income,921.84,2025-11-12,生活费,津贴
20250513XUL0R5,income,2086.78,2025-05-13,娱乐,工资
2025011417I4ES,income,7896.44,2025-01-14,娱乐,奖金
20250121U1OD6R,income,4527.52,2025-01-21,差旅,工资
20251023DLG0GM,income,869.53,2025-10-23,正常,工资
20250927RWCZOG,income,6856.59,2025-09-27,学习,奖金
20250214Q8EV9P,income,4084.31,2025-02-14,差旅,工资
20250606QKOGDT,income,7469.30,2025-06-06,差旅,工资
202510125DTZSQ,income,5218.36,2025-10-12,正常,工资
20251110TGPBC4,income,1190.09,2025-11-10,娱乐,奖金
20250505NE8NH4,income,4898.40,2025-05-05,娱乐,工资
20251005F15K3P,income,166.96,2025-10-05,学习,工资
20251124XXN5ZE,income,8655.46,2025-11-24,娱乐,奖金
20250708CERKQZ,income,7098.41,2025-07-08,补贴,津贴
20250412VU369L,income,9509.87,2025-04-12,正常,奖金
202504235959DU,income,3876.17,2025-04-23,购物,工资
202512174EQ8IA,income,1572.28,2025-12-17,报销,工资
20250424OGMYDX,income,8378.33,2025-04-24,外卖,奖金
20250916GR7FH6,income,6105.28,2025-09-16,补贴,工资
202504049IIDWF,income,8471.60,2025-04-04,报销,津贴
20250124NU1S4G,income,1491.20,2025-01-24,生活费,工资
20250307Q0DOF7,income,2501.45,2025-03-07,正常,奖金
2025072620QG1Z,income,7943.17,2025-07-26,补贴,奖金
20250704NZCFG3,income,2461.29,2025-07-04,报销,津贴
202507207BMRQY,income,4153.80,2025-07-20,补贴,工资
20250126WDA3I1,income,1300.42,2025-01-26,加班,津贴
20250111X4VHNP,income,5680.60,2025-01-11,娱乐,津贴
20251122VVA9NR,income,1930.52,2025-11-22,娱乐,津贴
20250719JM3VQF,income,9548.70,2025-07-19,补贴,津贴
20250621P5IZS2,income,8953.22,2025-06-21,娱乐,奖金
20251004FTWYNE,income,5440.15,2025-10-04,学习,工资
20250521FWY5GX,income,751.91,2025-05-21,生活费,津贴
20250303Q5H3YA,income,174.35,2025-03-03,报销,津贴
20251220PMBMNL,income,9185.95,2025-12-20,补贴,工资
20250414TO004W,income,6794.95,2025-04-14,正常,工资
20250621WRNR0X,income,6022.59,2025-06-21,娱乐,奖金
20250205KOXYDO,income,4247.04,2025-02-05,正常,工资
20250224J9G2TU,income,5124.96,2025-02-24,购物,奖金
2025031490U4MZ,income,9745.79,2025-03-14,生活费,奖金
202507223QNC9Z,income,5330.31,2025-07-22,差旅,津贴
20250408A743IQ,income,7757.04,2025-04-08,加班,奖金
20250726EFJWNH,income,4274.12,2025-07-26,报销,工资
202511205DHSC2,income,555.30,2025-11-20,购物,奖金
2025090291AZNB,income,4258.10,2025-09-02,差旅,津贴
20250317VQ4DJV,income,8575.65,2025-03-17,补贴,津贴
20251109YURX48,income,1975.75,2025-11-09,加班,奖金
20250203HHIXMT,income,5502.77,2025-02-03,报销,津贴
20251122BG2NJZ,income,9133.69,2025-11-22,差旅,津贴
20250903TYRTI1,income,2787.28,2025-09-03,报销,工资
2025072733DCNR,income,7623.11,2025-07-27,生活费,津贴
202507051J7BDF,income,4503.15,2025-07-05,补贴,奖金
202503042T9P9I,income,1750.42,2025-03-04,加班,津贴
20251227GOYHZB,income,6254.17,2025-12-27,加班,工资
20251003B4JF3N,income,3505.44,2025-10-03,学习,工资
20250102MQCF3B,income,3212.19,2025-01-02,生活费,奖金
20250916YS33PZ,income,7672.72,2025-09-16,娱乐,工资
202512039XJE5V,income,475.01,2025-12-03,补贴,津贴
20250914WUU4J8,income,7198.89,2025-09-14,差旅,工资
2025110139BWBG,income,720.26,2025-11-01,娱乐,工资
20250119IJZHLQ,income,9450.29,2025-01-19,购物,津贴
20251009XJ2U06,income,3729.16,2025-10-09,学习,奖金
20250809K12LZS,income,4320.10,2025-08-09,生活费,奖金
20250507IIPYBM,income,1981.99,2025-05-07,正常,津贴
20250813WXOYZM,income,5627.47,2025-08-13,娱乐,津贴
20250824I99ZG4,income,8305.24,2025-08-24,购物,奖金
20251111L1702S,income,8406.25,2025-11-11,购物,奖金
20251018IHCQLZ,income,6842.18,2025-10-18,购物,津贴
202508133TSCZ0,income,7909.61,2025-08-13,外卖,津贴
202502018RDTG1,income,1604.24,2025-02-01,差旅,工资
20250219OQR72T,income,1190.42,2025-02-19,外卖,奖金
202501142NGUXF,income,8517.86,2025-01-14,生活费,津贴
2025022859GFAC,income,4140.76,2025-02-28,报销,津贴
202501109TTHTG,income,3199.10,2025-01-10,生活费,津贴
20250610IOU1CK,income,817.03,2025-06-10,购物,津贴
202504165GUGRU,income,1577.12,2025-04-16,购物,津贴
202502269ILB7X,income,4526.99,2025-02-26,补贴,奖金
202511285Y4XDD,income,2961.87,2025-11-28,报销,奖金
20251124HPHR8F,income,5025.57,2025-11-24,娱乐,奖金
202501258XLMAG,income,8552.14,2025-01-25,娱乐,津贴
20251007VZXC2A,income,451.67,2025-10-07,学习,津贴
20250111TLQBK5,income,8002.54,2025-01-11,差旅,奖金
20250906FPMCXY,income,5485.10,2025-09-06,差旅,工资
20250819UX4GTL,income,7392.22,2025-08-19,生活费,奖金
20250823RHA2W8,income,2125.56,2025-08-23,报销,奖金
20250223HN9D3R,income,2564.77,2025-02-23,报销,工资
20250411BYPNC2,income,3361.41,2025-04-11,差旅,奖金
20251221RP6Z2G,income,4969.41,2025-12-21,加班,奖金
20250820AU8UR8,income,7432.54,2025-08-20,外卖,津贴
20250627NAVPSQ,income,4388.36,2025-06-27,学习,工资
202503196XN9T0,income,233.13,2025-03-19,补贴,津贴
20250610YYSTYR,income,6388.20,2025-06-10,购物,津贴
2025121858H5OG,income,5721.62,2025-12-18,外卖,奖金
20250805R1SRWY,income,2665.53,2025-08-05,娱乐,工资
202509185IQMBJ,income,2422.95,2025-09-18,加班,津贴
20250617ARRB35,income,2539.91,2025-06-17,加班,奖金
2025090430V3VN,income,3522.79,2025-09-04,补贴,工资
202501232QZV6C,income,4659.18,2025-01-23,购物,工资
20250411CESD3J,income,6677.04,2025-04-11,补贴,工资
202502018ZV5JN,income,3830.29,2025-02-01,购物,奖金
20250715640SU6,income,5131.02,2025-07-15,外卖,奖金
20251118P0SJNF,income,987.07,2025-11-18,报销,津贴
20251013SCDJBF,income,7822.37,2025-10-13,购物,工资
20250505LCREU0,income,2659.30,2025-05-05,加班,工资
20250508I0VYY0,income,2712.96,2025-05-08,加班,工资
2025110937MYSL,income,6072.66,2025-11-09,学习,津贴
20250919GIW8A4,income,1553.16,2025-09-19,补贴,工资
20251011QQ8GNH,income,3547.38,2025-10-11,生活费,工资
20250725IEYN2H,income,2233.35,2025-07-25,正常,奖金
20250821KR2R4V,income,7622.22,2025-08-21,娱乐,津贴
202502072RTTA8,income,9545.05,2025-02-07,外卖,工资
202503196RWXTP,income,2387.08,2025-03-19,生活费,工资
20251108TL9DTQ,income,6900.05,2025-11-08,正常,奖金
20250624R2LJAF,income,9039.22,2025-06-24,学习,津贴
20251019WM45D0,income,4316.02,2025-10-19,学习,津贴
20250727OU242K,income,1479.85,2025-07-27,差旅,奖金
20250604UEDL9L,income,7771.49,2025-06-04,学习,奖金
20250901W0YUWW,income,8357.15,2025-09-01,差旅,工资
20250409BQPI5U,income,2888.63,2025-04-09,报销,奖金
20250220YE7N0C,income,9487.23,2025-02-20,正常,津贴
20250418WJPMIH,income,9114.16,2025-04-18,学习,奖金
202508177Z2QUK,income,5604.77,2025-08-17,正常,奖金
20250120PEBYZY,income,118.91,2025-01-20,补贴,津贴
20250806E6VCEO,income,3532.54,2025-08-06,外卖,奖金
20250824DHK9CF,income,9144.09,2025-08-24,娱乐,津贴
20250707RQEJ2V,income,1923.55,2025-07-07,正常,工资
202510194N9SJC,income,7289.53,2025-10-19,生活费,奖金
20250523RQDLJF,income,2298.95,2025-05-23,娱乐,工资
20250210HVVS4X,income,148.11,2025-02-10,娱乐,工资
20251011EQVFEJ,income,531.91,2025-10-11,报销,津贴
202505247ITZRO,income,4525.21,2025-05-24,学习,工资
2025121179GE7E,income,207.21,2025-12-11,娱乐,奖金
20250323A2JND3,income,6153.35,2025-03-23,外卖,津贴
2025042592YP40,income,8749.60,2025-04-25,购物,奖金
20250825DTAARL,income,3995.54,2025-08-25,加班,工资
20250812H015CE,income,665.66,2025-08-12,差旅,津贴
2025102719RUL7,income,3369.39,2025-10-27,外卖,奖金
20250909H3WUMD,income,5015.01,2025-09-09,外卖,工资
20250601YLAJ9W,income,1859.58,2025-06-01,加班,奖金
202511214CQT4Y,income,8658.61,2025-11-21,学习,津贴
20250610F5TDJP,income,5828.58,2025-06-10,外卖,工资
20250507RSRD68,income,1342.63,2025-05-07,外卖,工资
202504027G95JH,income,8063.45,2025-04-02,差旅,津贴
20251213Z0XXBR,income,7630.38,2025-12-13,差旅,工资
20250518JVRTM3,income,5712.49,2025-05-18,学习,津贴
20250728TDRGWL,income,7979.24,2025-07-28,购物,津贴
20250224XPUX32,income,8037.71,2025-02-24,学习,津贴
20250508F9P40T,income,1338.32,2025-05-08,生活费,津贴
20250820HW84HP,income,4320.12,2025-08-20,补贴,奖金
20251125MXW18D,income,5840.07,2025-11-25,生活费,工资
202512187I90ZA,income,9092.30,2025-12-18,报销,津贴
20250923HUNC3I,income,4541.93,2025-09-23,生活费,奖金
20250226ETP77Y,income,3361.96,2025-02-26,生活费,奖金
20250601MOJ5K6,income,2459.73,2025-06-01,娱乐,津贴
20250614RK8I6A,income,8932.85,2025-06-14,生活费,奖金
20250303ZCBBDA,income,5209.41,2025-03-03,学习,工资
20250912T2N9C1,income,8119.12,2025-09-12,购物,工资
20250206D430G8,income,3984.47,2025-02-06,生活费,工资
20250621SB4E3J,income,9225.49,2025-06-21,报销,工资
20250209F23BEV,income,154.79,2025-02-09,外卖,津贴
20250502CBYOAG,income,5315.93,2025-05-02,加班,津贴
202503178C58NA,income,9954.86,2025-03-17,生活费,工资
20250105D3CPFN,income,9647.79,2025-01-05,补贴,工资
202512179N56V5,income,9796.64,2025-12-17,外卖,津贴
20250515STQ64N,income,9534.86,2025-05-15,购物,津贴
20250821SZ2SWX,income,4714.71,2025-08-21,差旅,工资
20250513EVS4JT,income,9918.75,2025-05-13,娱乐,工资
20250522WUH2AU,income,1848.86,2025-05-22,购物,工资
202508171KH00B,income,3677.45,2025-08-17,正常,奖金
20250716KH8L94,income,9500.77,2025-07-16,娱乐,工资
20250320FNFKED,income,5782.69,2025-03-20,正常,奖金
20250507FVQO6I,income,5550.95,2025-05-07,报销,工资
20250918BX3PDR,income,5150.00,2025-09-18,学习,奖金
202509078A3W7K,income,7800.39,2025-09-07,外卖,奖金
202510071JISO9,income,6882.59,2025-10-07,购物,奖金
20250615CHZWEX,income,4074.21,2025-06-15,加班,津贴
20250820AZ6KAM,income,3672.01,2025-08-20,娱乐,工资
20251216O0JLZ0,income,4405.64,2025-12-16,娱乐,工资
202501019EE4VX,income,9208.81,2025-01-01,补贴,工资
20250812N24E2V,income,602.24,2025-08-12,正常,工资
20251215RC46A3,income,6014.43,2025-12-15,外卖,奖金
20250602JO4ONS,income,7590.69,2025-06-02,生活费,工资
202507015RRRBS,income,9366.54,2025-07-01,购物,工资
20250709SCW2KI,income,3028.27,2025-07-09,补贴,津贴
20250421RAOE1D,income,8507.16,2025-04-21,学习,奖金
20250814OKZTZN,income,8616.50,2025-08-14,补贴,奖金
202511252G3W3D,income,7716.53,2025-11-25,加班,工资
20250111E4E8H1,income,8267.47,2025-01-11,正常,奖金
20250704VAUCQ7,income,9829.58,2025-07-04,补贴,奖金
20251226GF3JO7,income,2848.54,2025-12-26,正常,工资
20250419HPO0ET,income,2167.69,2025-04-19,学习,奖金
20250210GW4SC7,income,4618.63,2025-02-10,购物,奖金
20250809KBV48U,income,1469.74,2025-08-09,购物,奖金
20250805Y1WSV1,income,1392.75,2025-08-05,生活费,津贴
20250423LW04D6,income,3963.89,2025-04-23,差旅,工资
20250307L95YUO,income,6262.43,2025-03-07,加班,奖金
20250724C32FER,income,9531.37,2025-07-24,差旅,奖金
20250903ELP1SX,income,2721.04,2025-09-03,加班,工资
20250626J1TSJR,income,263.58,2025-06-26,娱乐,津贴
202508087L6BFL,income,3583.71,2025-08-08,正常,津贴
20250706USO8AK,income,53.18,2025-07-06,报销,奖金
20250508DW2DP1,income,1113.08,2025-05-08,生活费,津贴
20250627RNC0Z3,income,8971.65,2025-06-27,报销,奖金
20250601ZZG9L9,income,6286.06,2025-06-01,生活费,工资
2025060976MRS7,income,3976.49,2025-06-09,娱乐,工资
202506121YVKFN,income,5701.21,2025-06-12,差旅,工资
20250611NUIICE,income,4371.86,2025-06-11,生活费,津贴
20251008001MO5,income,5622.59,2025-10-08,娱乐,津贴
20250920QVIAX5,income,4700.28,2025-09-20,差旅,工资
20251023XQSNLU,income,8846.06,2025-10-23,购物,津贴
20250815SA5YVL,income,3364.68,2025-08-15,学习,工资
20250516052VOS,income,3926.95,2025-05-16,学习,工资
202506129KZMJS,income,4931.30,2025-06-12,正常,奖金
20250509DQ16I1,income,9783.41,2025-05-09,差旅,津贴
202506241MIIKA,income,7405.55,2025-06-24,学习,工资
202503076MFGG4,income,1140.17,2025-03-07,差旅,奖金
20250423IKGK12,income,7000.43,2025-04-23,加班,津贴
20251005K9MMEY,income,7979.94,2025-10-05,加班,津贴
20250620G4PUNA,income,7750.01,2025-06-20,正常,工资
20250518SMW41E,income,3138.42,2025-05-18,生活费,津贴
20250721UG4GTU,income,883.63,2025-07-21,外卖,奖金
20250308HGKY0R,income,6034.67,2025-03-08,学习,奖金
20250619FPSA0V,income,7363.03,2025-06-19,外卖,工资
20250727S3S89M,income,9691.04,2025-07-27,正常,奖金
20250126CEH5LC,income,2338.35,2025-01-26,生活费,工资
20250502XFP0LD,income,8588.19,2025-05-02,外卖,津贴
20250606WRU7WQ,income,6176.45,2025-06-06,生活费,奖金
20250721X4SJY1,income,4245.23,2025-07-21,生活费,津贴
20250309SOM58Q,income,8144.42,2025-03-09,差旅,工资
202506071VX5F8,income,3027.36,2025-06-07,学习,津贴
202510034WTWTE,income,6549.54,2025-10-03,正常,津贴
20250910EDRNSH,income,7711.15,2025-09-10,正常,奖金
20251109WFBMLA,income,4977.58,2025-11-09,正常,津贴
20250401WHURW9,income,1147.49,2025-04-01,娱乐,津贴
20250522O72EQS,income,3586.26,2025-05-22,外卖,津贴
20250506DU54MN,income,8019.24,2025-05-06,娱乐,奖金
20250414334N9J,income,8754.50,2025-04-14,正常,奖金
202503033AZ524,income,6164.09,2025-03-03,加班,津贴
20250917GQJP5F,income,2866.58,2025-09-17,补贴,津贴
20250924V6KQKK,income,867.85,2025-09-24,加班,工资
20250623R6QJDR,income,363.02,2025-06-23,补贴,工资
20250715S6OP66,income,8197.54,2025-07-15,娱乐,工资
20250602NDMTGL,income,1690.29,2025-06-02,正常,工资
20250511V7FU06,income,1887.91,2025-05-11,报销,津贴
20250424WWSZNA,income,2079.43,2025-04-24,生活费,工资
2025042120G491,income,9170.56,2025-04-21,补贴,奖金
20250719EX1XTC,income,3818.30,2025-07-19,生活费,奖金
20250525SVGQ77,income,1100.00,2025-05-25,学习,津贴
2025122304COPX,income,3418.49,2025-12-23,正常,工资
20250109RWTLY0,income,8629.44,2025-01-09,外卖,工资
20250424S1YGKU,income,4378.23,2025-04-24,补贴,工资
20250714Q8XJBI,income,893.85,2025-07-14,学习,工资
20251122PXH3WV,income,8864.67,2025-11-22,报销,津贴
202507162UOACB,income,4663.30,2025-07-16,差旅,奖金
20251114QS99LY,income,5260.65,2025-11-14,报销,工资
20250727LJ7KQ5,income,5420.64,2025-07-27,生活费,工资
202511106Z4L57,income,3299.38,2025-11-10,差旅,工资
20250301KGZYPZ,income,9495.72,2025-03-01,补贴,工资
20250725B2AC2M,income,6191.94,2025-07-25,补贴,津贴
20251010L588H4,income,7760.11,2025-10-10,生活费,奖金
20251204WEJTZA,income,1596.99,2025-12-04,外卖,工资
2025112059RTAE,income,2911.25,2025-11-20,外卖,奖金
20250905CZKV4Z,income,4905.27,2025-09-05,购物,津贴
20250423OF2WXW,income,9607.20,2025-04-23,生活费,工资
20250826PIPXPO,income,9712.18,2025-08-26,加班,津贴
20250205RZF0LO,income,9125.48,2025-02-05,差旅,奖金
20250323ZG1IPV,income,6698.04,2025-03-23,购物,工资
20251020T1HW5U,income,2732.19,2025-10-20,娱乐,奖金
20250726Q8J6O0,income,3787.93,2025-07-26,生活费,奖金
20250116VSA2U0,income,1030.55,2025-01-16,学习,津贴
202512272QCD3X,income,5950.71,2025-12-27,娱乐,工资
2025090491Y1VU,income,4321.80,2025-09-04,生活费,奖金
202512247K9A0F,income,9286.03,2025-12-24,外卖,奖金
20250412KF7ABA,income,1932.13,2025-04-12,报销,工资
20251006P7PM3I,income,1642.42,2025-10-06,加班,奖金
202510146MWFRU,income,3828.75,2025-10-14,补贴,奖金
20250702KL9MRE,income,339.87,2025-07-02,学习,津贴
202512118XNLQU,income,3671.40,2025-12-11,购物,工资
202503085CAX5W,income,8333.93,2025-03-08,娱乐,工资
20250514WET7YZ,income,3053.98,2025-05-14,正常,工资
20250226W5QKHP,income,5406.10,2025-02-26,娱乐,津贴
20250327C65ZCW,income,502.96,2025-03-27,生活费,工资
20250621O2GOGZ,income,1055.22,2025-06-21,差旅,工资
20251116CM2YP5,income,3916.23,2025-11-16,报销,工资
202501015DL3UX,income,7501.98,2025-01-01,生活费,津贴
202510027G2OR6,income,2686.39,2025-10-02,外卖,工资
20250803JLGFZY,income,8307.33,2025-08-03,正常,工资
20250819JE6V44,income,3710.25,2025-08-19,外卖,工资
2025100529GQ74,income,7248.37,2025-10-05,正常,津贴
20250817THALYV,income,2592.40,2025-08-17,加班,工资
202511168RFQXB,income,9495.85,2025-11-16,娱乐,工资
20251123I5J41J,income,456.03,2025-11-23,报销,工资
202506061CZRS4,income,3264.43,2025-06-06,娱乐,奖金
20250107SKRBDU,income,5366.25,2025-01-07,报销,奖金
20250308WRNI2G,income,5682.65,2025-03-08,差旅,奖金
20250928MEOUJ5,income,9113.80,2025-09-28,补贴,奖金
20251015MSG1BD,income,7810.12,2025-10-15,生活费,工资
20250406I75205,income,7749.49,2025-04-06,差旅,奖金
202504083H9N40,income,9732.44,2025-04-08,外卖,工资
20250228GHQA0T,income,5194.42,2025-02-28,学习,津贴
20250424XVNTJH,income,9220.44,2025-04-24,补贴,津贴
20251010SWKUJS,income,2075.31,2025-10-10,补贴,工资
202510068QNQ04,income,3128.34,2025-10-06,报销,津贴
20250408JO2345,income,2463.94,2025-04-08,加班,津贴
20250828VKWHLK,income,7597.88,2025-08-28,差旅,奖金
20250612FXILU0,income,8400.33,2025-06-12,差旅,津贴
20250218UPRWV2,income,4147.81,2025-02-18,外卖,工资
20250612QHM7KX,income,3638.79,2025-06-12,差旅,奖金
20250411MT5UOF,income,1839.75,2025-04-11,补贴,奖金
20251127CGL2SF,income,8344.51,2025-11-27,外卖,奖金
202507139HRKEO,income,6821.74,2025-07-13,报销,工资
20251107HPZLSZ,income,3142.73,2025-11-07,补贴,工资
20250128LV0IYZ,income,5415.74,2025-01-28,生活费,工资
20250623RGK81J,income,8446.62,2025-06-23,报销,工资
202511103K2EBX,income,7701.78,2025-11-10,学习,津贴
20251019NHAC4S,income,8433.70,2025-10-19,加班,工资
20251227J7U22T,income,42.84,2025-12-27,购物,津贴
20250921BKIQ2M,income,6088.38,2025-09-21,外卖,津贴
20250716CPO3HG,income,1016.54,2025-07-16,报销,津贴
20250815D20HS5,income,9761.65,2025-08-15,生活费,奖金
20251002ID39SZ,income,7736.47,2025-10-02,报销,工资
202502118WTDE7,income,1288.49,2025-02-11,购物,工资
202507177B931W,income,4218.12,2025-07-17,加班,津贴
20250527WKORMG,income,1244.71,2025-05-27,正常,津贴
20250122RDEUE1,income,4812.26,2025-01-22,学习,津贴
20250227U6OH60,income,8824.30,2025-02-27,差旅,奖金
202512193EER28,income,337.68,2025-12-19,补贴,奖金
20250417DAKY2U,income,8722.05,2025-04-17,学习,津贴
20250202DSIPY3,income,601.46,2025-02-02,报销,奖金
20251116SA397T,income,7708.76,2025-11-16,娱乐,工资
202505012Q304R,income,6927.64,2025-05-01,购物,工资
20250716SBEI4J,income,61.13,2025-07-16,正常,工资
20250913OGEQUY,income,4268.54,2025-09-13,报销,奖金
20250710I5U38L,income,194.73,2025-07-10,购物,奖金
20251113GRV1AR,income,5279.33,2025-11-13,差旅,工资
20250516QNJXPT,income,1390.41,2025-05-16,购物,工资
20250123T6D2FI,income,2047.11,2025-01-23,差旅,工资
202508052AQCXQ,income,5572.20,2025-08-05,购物,工资
20250902RMK2NG,income,7942.57,2025-09-02,学习,工资
2025042338HU61,income,9013.55,2025-04-23,生活费,工资
2025011500YR7S,income,19.97,2025-01-15,正常,工资
20250228AP5PIY,income,2387.11,2025-02-28,外卖,工资
202501180TBXCT,income,5331.79,2025-01-18,正常,津贴
20250819EK097H,income,873.96,2025-08-19,生活费,工资
202505161LIZ5M,income,1571.97,2025-05-16,生活费,奖金
20250128R571X7,income,5244.23,2025-01-28,加班,工资
202510086IIF48,income,2926.99,2025-10-08,生活费,津贴
20250601JMTR3L,income,3354.37,2025-06-01,正常,奖金
20251219UIWKHN,income,5302.41,2025-12-19,差旅,工资
20250926RLYAAP,income,2997.43,2025-09-26,生活费,工资
202505137J0DBC,income,6346.52,2025-05-13,生活费,津贴
202510182LFLSR,income,5236.22,2025-10-18,加班,津贴
20251222Y87I89,income,2076.28,2025-12-22,生活费,津贴
20250819IJ0N7R,income,2879.29,2025-08-19,差旅,工资
20250518AJNPPY,income,1925.52,2025-05-18,生活费,津贴
20250203GYGCK6,income,1917.75,2025-02-03,购物,奖金
202509097OFE8J,income,815.56,2025-09-09,报销,津贴
202504067ZIM3F,income,2260.14,2025-04-06,娱乐,奖金
20250403NYL2HW,income,2870.76,2025-04-03,差旅,奖金
202506019BKL92,income,9045.86,2025-06-01,补贴,奖金
20250603OG6IPO,income,3459.47,2025-06-03,生活费,津贴
20251024CC8Y4H,income,8105.14,2025-10-24,生活费,奖金
202504036F7Y2M,income,7420.02,2025-04-03,加班,奖金
20250308X15C1W,income,3412.52,2025-03-08,差旅,奖金
2025121784INZ3,income,7972.63,2025-12-17,生活费,津贴
20250912EF7PRN,income,7388.73,2025-09-12,差旅,奖金
20251101JE7OA2,income,3860.94,2025-11-01,娱乐,奖金
2025080371912N,income,1854.00,2025-08-03,加班,奖金
20251104DJNOMO,income,4045.26,2025-11-04,外卖,奖金
20250923TXYQ70,income,2806.37,2025-09-23,加班,奖金
20250728P0ODD6,income,3059.62,2025-07-28,生活费,工资
20250404V5YJLE,income,4465.91,2025-04-04,报销,津贴
202504253DC94M,income,7070.75,2025-04-25,补贴,奖金
20250207Y976WL,income,7881.74,2025-02-07,学习,津贴
20250712I9KABY,income,4342.66,2025-07-12,补贴,工资
20250615BBP65V,income,8195.23,2025-06-15,外卖,奖金
20251023DWGXDS,income,8531.31,2025-10-23,娱乐,工资
20250723K9PO28,income,9329.93,2025-07-23,学习,工资
202505072C9VQI,income,4200.57,2025-05-07,报销,奖金
20250927DJDI4V,income,983.69,2025-09-27,学习,奖金
20250910FD9107,income,6514.70,2025-09-10,购物,工资
20251216ET91Q5,income,9300.79,2025-12-16,学习,奖金
20250716VUBFH0,income,9482.67,2025-07-16,差旅,奖金
20250621K9Z0ZD,income,5992.79,2025-06-21,正常,奖金
20251004VPVC7K,income,4540.84,2025-10-04,加班,津贴
20250916MR38UV,income,3956.15,2025-09-16,加班,奖金
20251103C5N97M,income,3803.18,2025-11-03,外卖,奖金
20250523O14BG6,income,2715.35,2025-05-23,生活费,津贴
20250727M9MV2E,income,6314.41,2025-07-27,正常,津贴
20250117PCHHP5,income,7563.92,2025-01-17,正常,奖金
20250315W8DVJR,income,1232.54,2025-03-15,生活费,工资
202509097YRJCJ,income,5168.79,2025-09-09,加班,津贴
20251223EMP118,income,288.23,2025-12-23,娱乐,津贴
202501262MSX91,income,4029.57,2025-01-26,报销,工资
20250218XT4G30,income,2827.25,2025-02-18,补贴,津贴
20251216N1GCLS,income,8032.83,2025-12-16,加班,工资
2025110365C8GE,income,8844.95,2025-11-03,生活费,工资
20250723E8UA7D,income,473.60,2025-07-23,报销,工资
2025101457SONA,income,6423.24,2025-10-14,购物,奖金
20250910F2WUJN,income,6974.71,2025-09-10,娱乐,奖金
202502122VMGH6,income,5542.28,2025-02-12,购物,奖金
202503277H6U6S,income,711.40,2025-03-27,补贴,奖金
20250502AL02VQ,income,1577.80,2025-05-02,购物,奖金
20250610N3LGR4,income,9705.35,2025-06-10,补贴,工资
20250806MERGVW,income,7696.08,2025-08-06,生活费,津贴
20251008HQQJMK,income,5785.75,2025-10-08,差旅,奖金
20250823HA1ZPC,income,8271.82,2025-08-23,报销,奖金
20251103DUPYZL,income,8567.42,2025-11-03,购物,津贴
202512241N10DZ,income,9238.41,2025-12-24,娱乐,津贴
202510086PCQMN,income,8684.97,2025-10-08,娱乐,奖金
20250702CL3YUZ,income,1907.13,2025-07-02,学习,津贴
20250124K62XBI,income,1337.52,2025-01-24,正常,奖金
20250327HCPQS6,income,142.54,2025-03-27,正常,工资
20250824F7F1Q0,income,2342.12,2025-08-24,购物,津贴
202512035SB5GA,income,8744.83,2025-12-03,购物,工资
20250524NCWFDW,income,8013.52,2025-05-24,外卖,奖金
20250601E1F6FR,income,9399.24,2025-06-01,娱乐,工资
202503277UTCLV,income,1192.43,2025-03-27,购物,奖金
202504101KXBZ3,income,8681.20,2025-04-10,差旅,津贴
20250718N331EM,income,822.15,2025-07-18,外卖,津贴
20250119VNMD2I,income,3261.06,2025-01-19,报销,工资
20250727L3SP6T,income,1053.44,2025-07-27,购物,津贴
202510286ME08J,income,592.68,2025-10-28,差旅,工资
2025030494A4G4,income,7588.12,2025-03-04,补贴,津贴
20250718TY1S0B,income,7153.66,2025-07-18,差旅,工资
202504219I3EU2,income,568.71,2025-04-21,补贴,工资
20251209QYFXGB,income,2091.93,2025-12-09,差旅,津贴
202512274MBA23,income,1360.39,2025-12-27,补贴,津贴
20250420HJAM94,income,8260.70,2025-04-20,娱乐,工资
20250524W2XOF9,income,1240.96,2025-05-24,娱乐,津贴
2025082313V4T0,income,1159.02,2025-08-23,补贴,津贴
202512285R96FE,income,9103.62,2025-12-28,生活费,津贴
20250210FULSM0,income,1243.80,2025-02-10,补贴,奖金
20250625GT275D,income,6502.65,2025-06-25,正常,工资
20250928XSZZ77,income,4697.63,2025-09-28,差旅,奖金
20250707MJEHFK,income,3533.92,2025-07-07,购物,奖金
20250106N6SPNJ,income,267.96,2025-01-06,娱乐,工资
20250210FYUBK9,income,1092.22,2025-02-10,生活费,津贴
202512069JISOI,income,5198.11,2025-12-06,生活费,奖金
2025062668YJO8,income,3395.21,2025-06-26,生活费,津贴
20250809OO09L5,income,1245.05,2025-08-09,购物,奖金
202502146VUEPY,income,5790.28,2025-02-14,娱乐,工资
2025080925DGW7,income,4992.85,2025-08-09,报销,津贴
20250421S2UMV0,income,1024.91,2025-04-21,正常,工资
2025102432ST9G,income,1961.96,2025-10-24,购物,奖金
20250426A7B9L3,income,5659.72,2025-04-26,外卖,津贴
202511144WTS0D,income,6595.45,2025-11-14,报销,津贴
20250922A64IZ7,income,9666.61,2025-09-22,加班,津贴
20250209XUDNNO,income,9598.26,2025-02-09,补贴,津贴
20250612I0CVDP,income,2091.37,2025-06-12,学习,津贴
202512012DMUPK,income,4690.08,2025-12-01,学习,津贴
20250225KSZHN0,income,588.20,2025-02-25,报销,工资
20250526SBIVOE,income,6247.53,2025-05-26,正常,津贴
20250518CFRPWW,income,7673.02,2025-05-18,报销,奖金
20250318GGRF80,income,2917.60,2025-03-18,外卖,津贴
20250319AMRJZ9,income,400.41,2025-03-19,补贴,工资
2025110474VENI,income,1286.36,2025-11-04,报销,工资
202507142TCN0K,income,2201.22,2025-07-14,补贴,工资
202509211KOODC,income,2653.94,2025-09-21,差旅,津贴
20251026VIXWAQ,income,7061.46,2025-10-26,正常,津贴
20251015ORK2T9,income,6523.84,2025-10-15,娱乐,津贴
20250222GDTWAK,income,9290.99,2025-02-22,外卖,奖金
2025050184EYPO,income,3429.98,2025-05-01,生活费,津贴
20250210MB64ZD,income,2065.22,2025-02-10,购物,津贴
20250723PL777R,income,4428.80,2025-07-23,学习,津贴
20250828HA5EGA,income,6628.32,2025-08-28,差旅,工资
20250911CU11PH,income,3554.12,2025-09-11,购物,津贴
20250128C9Y43O,income,7695.20,2025-01-28,生活费,津贴
202511200AAL0T,income,9693.15,2025-11-20,学习,津贴
20251002WQCSQD,income,4297.84,2025-10-02,加班,奖金
20250322H39FEC,income,4546.90,2025-03-22,学习,工资
20250309I4CZ74,income,4679.80,2025-03-09,外卖,津贴
202512079JTQH8,income,7592.17,2025-12-07,生活费,奖金
20250902T6B414,income,1590.29,2025-09-02,差旅,奖金
202509064KTIPM,income,3999.95,2025-09-06,正常,津贴
20250110EGW1O5,income,2092.79,2025-01-10,购物,奖金
20250318OA367K,income,3108.38,2025-03-18,加班,奖金
20251209XZ1MMP,income,7202.58,2025-12-09,补贴,工资
20250210WHDQSE,income,9675.03,2025-02-10,差旅,奖金
20250728WGXN6N,income,2168.83,2025-07-28,学习,奖金
20251220OYJJJA,income,1617.40,2025-12-20,外卖,奖金
20250826TQMPUB,income,3132.26,2025-08-26,娱乐,工资
202503287ZDIEM,income,4516.97,2025-03-28,差旅,津贴
20250319PN4QRJ,income,3728.56,2025-03-19,生活费,津贴
20250127W9QPDV,income,7128.68,2025-01-27,补贴,津贴
20251127G29DLL,income,3392.43,2025-11-27,购物,奖金
20250412HECJ9M,income,2064.01,2025-04-12,学习,工资
20250518VE0QM0,income,9461.71,2025-05-18,正常,奖金
20250804IDFLXG,income,5599.89,2025-08-04,购物,奖金
20250601AZMOCV,income,3233.04,2025-06-01,补贴,津贴
20250510GCY2IG,income,4417.92,2025-05-10,补贴,奖金
2025060403GZHJ,income,5743.06,2025-06-04,学习,工资
202509213MBIBG,income,8081.54,2025-09-21,外卖,奖金
20250518G8NVMG,income,5775.12,2025-05-18,生活费,津贴
202502078B7CKH,income,2129.23,2025-02-07,差旅,津贴
202501120DP2UP,income,6195.89,2025-01-12,外卖,工资
202502153ZGZJJ,income,168.15,2025-02-15,加班,工资
20250605U0WHWQ,income,6656.58,2025-06-05,报销,津贴
202503271A8MNF,income,7173.25,2025-03-27,正常,工资
20250516CE9QV6,income,2589.01,2025-05-16,学习,工资
202511160NKJEQ,income,4870.61,2025-11-16,购物,津贴
202502127QXDQJ,income,7433.83,2025-02-12,补贴,津贴
20250227HD0Q6M,income,4044.25,2025-02-27,购物,工资
20250203UO2NRG,income,5989.72,2025-02-03,外卖,工资
20250617S8TKBE,income,4006.16,2025-06-17,差旅,奖金
20251207C9QAN3,income,374.36,2025-12-07,外卖,奖金
20250423LJWHXG,income,9615.62,2025-04-23,正常,工资
20250414PQNF4P,income,28.47,2025-04-14,正常,奖金
202512128UVQLL,income,6222.63,2025-12-12,报销,奖金
20250410YD573G,income,2252.26,2025-04-10,加班,奖金
20251207K1Q1BU,income,7986.15,2025-12-07,报销,奖金
20251209ADFJV0,income,1902.00,2025-12-09,报销,津贴
20251109B4QGGD,income,9615.56,2025-11-09,正常,津贴
202510188E9RKP,income,5996.56,2025-10-18,加班,工资
20250908WH2U11,income,3472.35,2025-09-08,加班,工资
202507053WH2Z0,income,5952.49,2025-07-05,娱乐,奖金
202507154EGPN8,income,2578.50,2025-07-15,加班,津贴
20250125DLW4S7,income,4865.01,2025-01-25,加班,奖金
20250815DBSM8E,income,2481.83,2025-08-15,学习,奖金
20250924QMFAQN,income,6050.92,2025-09-24,报销,工资
202510068AT8GE,income,3163.38,2025-10-06,外卖,津贴
20251025K791L2,income,768.96,2025-10-25,报销,津贴
202512033XZM38,income,9094.27,2025-12-03,娱乐,津贴
20250418QCIKFC,income,5646.42,2025-04-18,外卖,工资
20250502S2J5IR,income,8472.54,2025-05-02,差旅,工资
20250704POXAQN,income,5350.43,2025-07-04,正常,奖金
20250214LSPSVY,income,4266.90,2025-02-14,外卖,奖金
20250317H6AQ3C,income,6053.65,2025-03-17,学习,工资
20250117HAWVSY,income,7440.98,2025-01-17,补贴,奖金
202501040N1CKF,income,8428.77,2025-01-04,报销,工资
20250104QC1QOR,income,514.12,2025-01-04,娱乐,津贴
20251216IOI4HA,income,2951.14,2025-12-16,报销,奖金
20250712E842X2,income,679.06,2025-07-12,娱乐,工资
20250611TGOQUB,income,1012.33,2025-06-11,购物,奖金
20250328GAMYGO,income,1116.85,2025-03-28,娱乐,奖金
20251114O82JE9,income,6106.63,2025-11-14,加班,工资
20250501TLH5AG,income,7960.02,2025-05-01,补贴,工资
20251202GZB630,income,2860.85,2025-12-02,补贴,工资
20250716H0QGPA,income,3762.17,2025-07-16,生活费,奖金
202509142DPDAN,income,3489.19,2025-09-14,补贴,津贴
20250712FM9DJJ,income,617.47,2025-07-12,差旅,工资
20250404Q8SC8A,income,5352.32,2025-04-04,差旅,津贴
20250617BEB1NW,income,4038.60,2025-06-17,娱乐,奖金
20250722HD64BW,income,7173.82,2025-07-22,加班,津贴
20250324PZSLO9,income,4825.96,2025-03-24,学习,津贴
2025052853DUE5,income,5643.33,2025-05-28,差旅,工资
20251013YWW9QG,income,230.10,2025-10-13,生活费,津贴
20250511KN1BIR,income,6285.78,2025-05-11,报销,工资
202506141QWYOC,income,6883.83,2025-06-14,学习,工资
20250409MSKR8W,income,3662.90,2025-04-09,补贴,工资
20250707TLY74C,income,1528.06,2025-07-07,购物,工资
20250714H3VIAG,income,4153.82,2025-07-14,购物,奖金
20250604LZI8AX,income,7194.57,2025-06-04,娱乐,津贴
202505153I744D,income,3317.70,2025-05-15,补贴,津贴
20250201RAQJ2Q,income,5053.44,2025-02-01,加班,津贴
20250812OHMO7P,income,4241.22,2025-08-12,娱乐,奖金
20250622B2ZNRY,income,7709.46,2025-06-22,生活费,奖金
202509038ZG3M3,income,5391.60,2025-09-03,正常,奖金
20251226L223G5,income,577.37,2025-12-26,购物,工资
20251102VTPBYZ,income,6345.28,2025-11-02,报销,工资
20250206WGQG5Q,income,5108.99,2025-02-06,补贴,奖金
20250328R70K34,income,6358.47,2025-03-28,报销,津贴
20250621YJB4PL,income,8840.11,2025-06-21,正常,工资
20250127L7Z4AG,income,3502.79,2025-01-27,生活费,津贴
20250810IXZXDI,income,8192.19,2025-08-10,外卖,工资
20250211VHEMJJ,income,8234.48,2025-02-11,娱乐,工资
20250702GP5295,income,3425.03,2025-07-02,购物,工资
20251023GRJUMP,income,2649.55,2025-10-23,购物,工资
20250115NRFZ1J,income,397.43,2025-01-15,生活费,津贴
20250727J72T62,income,200.76,2025-07-27,外卖,奖金
20251218GWUFRG,income,3605.82,2025-12-18,加班,工资
20250501LDRQBN,income,7770.31,2025-05-01,差旅,奖金
20250703BUTUCY,income,1058.91,2025-07-03,娱乐,奖金
20250917S4R41I,income,1271.44,2025-09-17,正常,津贴
20250611HRHMQL,income,5623.66,2025-06-11,报销,工资
20250303HNX7PA,income,3293.08,2025-03-03,差旅,津贴
20250827SUF3AA,income,7870.59,2025-08-27,学习,津贴
20250723EZB535,income,5656.59,2025-07-23,购物,奖金
20250706LC0868,income,4821.87,2025-07-06,外卖,津贴
20250105LHE7JZ,income,935.79,2025-01-05,差旅,工资
202506196UA8J5,income,7675.59,2025-06-19,差旅,奖金
20251010XUJG2C,income,9508.36,2025-10-10,报销,奖金
20250103NI97F2,income,6356.82,2025-01-03,加班,奖金
20250816HYFX4P,income,2295.63,2025-08-16,补贴,工资
202510209UOL7K,income,9118.12,2025-10-20,外卖,津贴
20250903DQCLI3,income,193.62,2025-09-03,补贴,奖金
20250316PLO8OK,income,374.13,2025-03-16,正常,津贴
20250301SAZGAT,income,6152.18,2025-03-01,正常,工资
20251204M40HQ0,income,7299.97,2025-12-04,报销,津贴
20250404XQMAYR,income,8828.67,2025-04-04,差旅,津贴
20250602WB0UH3,income,37.97,2025-06-02,购物,奖金
20250910LM3Q4B,income,8749.32,2025-09-10,娱乐,工资
20250326LE8SAT,income,8563.16,2025-03-26,差旅,工资
20250226H3K2QG,income,1822.86,2025-02-26,娱乐,奖金
20250618BHGLAM,income,7592.32,2025-06-18,正常,工资
202504036OXLJG,income,1986.56,2025-04-03,差旅,津贴
20250719TYYN3P,income,257.31,2025-07-19,生活费,津贴
202511227EEHYJ,income,6458.42,2025-11-22,报销,工资
20250721ZIWC52,income,1148.78,2025-07-21,生活费,津贴
20250801ZP1D5T,income,240.35,2025-08-01,加班,津贴
20251025F5CFYZ,income,7559.19,2025-10-25,补贴,津贴
202503174VB53N,income,7003.05,2025-03-17,差旅,工资
20250105ULKKYH,income,6362.09,2025-01-05,外卖,津贴
20250604GZFBP9,income,6360.11,2025-06-04,差旅,工资
202504122XP1Y7,income,4764.37,2025-04-12,学习,奖金
20250914CPF4I0,income,1593.54,2025-09-14,购物,津贴
20250113RN35NT,income,4087.57,2025-01-13,购物,津贴
2025100339DA40,income,1157.18,2025-10-03,差旅,奖金
202511070TUGXW,income,9983.73,2025-11-07,学习,工资
20251023OXV9QH,income,4500.96,2025-10-23,外卖,工资
20250716ASHHH7,income,7549.88,2025-07-16,生活费,工资
2025071802NR75,income,8077.96,2025-07-18,差旅,奖金
20251119I3E9O7,income,7852.06,2025-11-19,报销,津贴
20250513UU62PD,income,1878.81,2025-05-13,补贴,津贴
2025062017LHD5,income,8997.07,2025-06-20,差旅,津贴
20250201Z1K5I3,income,8063.77,2025-02-01,外卖,津贴
20251222JO8EYT,income,4965.42,2025-12-22,购物,津贴
20250128XYB4PV,income,3699.17,2025-01-28,外卖,奖金
20251103IH3FA8,income,336.88,2025-11-03,正常,奖金
20251114ONZ6DV,income,4821.58,2025-11-14,娱乐,工资
20251208MJYKFZ,income,3560.67,2025-12-08,购物,奖金
20250223MDYFGK,income,8827.64,2025-02-23,生活费,工资
20251119FLUAX5,income,7.19,2025-11-19,生活费,津贴
202501105HS347,income,2369.56,2025-01-10,生活费,奖金
20251020YPSXMJ,income,238.11,2025-10-20,外卖,津贴
20250122KT3AHQ,income,3989.40,2025-01-22,差旅,奖金
20250101BN2BIW,income,3985.98,2025-01-01,生活费,工资
20250101FTESPI,income,9347.69,2025-01-01,外卖,津贴
20251126OEAAJL,income,9881.93,2025-11-26,外卖,津贴
20250706I9C2A5,income,4180.30,2025-07-06,差旅,津贴
202502088FVQ07,income,1228.14,2025-02-08,购物,工资
20251126MI4BW1,income,5136.19,2025-11-26,学习,工资
20250428N9URSE,income,5475.59,2025-04-28,补贴,工资
20251121ABV63T,income,5397.61,2025-11-21,加班,工资
20250513FL5D2R,income,5953.72,2025-05-13,差旅,津贴
20250619LJH0TU,income,5290.19,2025-06-19,报销,工资
20250620UKW9FE,income,7541.83,2025-06-20,差旅,津贴
20251002KQJP2S,income,2909.58,2025-10-02,外卖,工资
20250817ZZSXQ7,income,5268.37,2025-08-17,购物,奖金
202503037B2SA4,income,9566.15,2025-03-03,加班,津贴
20250627G0Y7L5,income,3500.30,2025-06-27,学习,津贴
20250910LMDSH0,income,9982.87,2025-09-10,加班,工资
20250115T6BHQ9,income,4352.63,2025-01-15,娱乐,津贴
202511267ONMRN,income,2608.09,2025-11-26,娱乐,奖金
20250602R1VGR1,income,8531.00,2025-06-02,补贴,奖金
20250302NOHH5P,income,6818.36,2025-03-02,娱乐,奖金
202502096JAZID,income,477.94,2025-02-09,外卖,津贴
20250710SL0PQR,income,9055.67,2025-07-10,正常,奖金
202510273F1TRE,income,5263.67,2025-10-27,差旅,奖金
20250910F4H2FR,income,4940.25,2025-09-10,娱乐,津贴
20250311Q8JYN2,income,3243.00,2025-03-11,外卖,奖金
202510270ZBO9J,income,4949.70,2025-10-27,娱乐,奖金
20250927W8OHYY,income,2813.72,2025-09-27,购物,奖金
20250919DEPZAM,income,9804.52,2025-09-19,差旅,工资
20250317AZK3IZ,income,2567.50,2025-03-17,外卖,津贴
202511104RQSRC,income,9687.60,2025-11-10,加班,奖金
20250225TJ2GH9,income,9957.78,2025-02-25,购物,工资
20250823D3W2MO,income,6971.20,2025-08-23,加班,奖金
20250328J2X6G9,income,2356.01,2025-03-28,生活费,奖金
20250828KLMHRG,income,9056.22,2025-08-28,补贴,工资
20250812LW28BN,income,8584.31,2025-08-12,报销,津贴
20251207BQB988,income,9737.52,2025-12-07,补贴,工资
20251224GNPBMM,income,4178.87,2025-12-24,补贴,奖金
20250126EB2QXL,income,6040.83,2025-01-26,报销,工资
202511074NVLKC,income,9844.49,2025-11-07,购物,奖金
20250319TALY7Y,income,8933.22,2025-03-19,报销,津贴
20251213SQTXDA,income,3274.44,2025-12-13,差旅,津贴
20251109IG1W5I,income,7458.11,2025-11-09,补贴,奖金
20250115TYY22A,income,8013.19,2025-01-15,娱乐,工资
2025071900Y798,income,1588.13,2025-07-19,正常,工资
20251009R9BAHL,income,9598.30,2025-10-09,外卖,工资
20251123J0G016,income,215.94,2025-11-23,购物,津贴
20250721L1ETIT,income,2196.58,2025-07-21,生活费,津贴
202512222WR3KX,income,9095.40,2025-12-22,加班,工资
20250322U5N5FB,income,1996.86,2025-03-22,外卖,奖金
20250510DMJ6GC,income,3695.59,2025-05-10,生活费,津贴
20250103KE3EHH,income,99.66,2025-01-03,报销,工资
20251005X757ZA,income,3064.57,2025-10-05,报销,奖金
20250603VJ9TPJ,income,1370.09,2025-06-03,补贴,奖金
202502155B2KO8,income,9224.86,2025-02-15,加班,工资
20251027E0UXSW,income,1373.95,2025-10-27,外卖,工资
20250903J35X7V,income,8652.48,2025-09-03,差旅,工资
20250515FT6HPW,income,3385.41,2025-05-15,补贴,津贴
20251007409KRR,income,8699.38,2025-10-07,加班,工资
20250609IAFDIC,income,1121.84,2025-06-09,娱乐,奖金
20250413GLXOKG,income,289.14,2025-04-13,补贴,津贴
20250323OCR5JN,income,3780.82,2025-03-23,外卖,津贴
20251101VWNH0V,income,4236.24,2025-11-01,购物,工资
20250316GV46XG,income,791.40,2025-03-16,报销,津贴
202511144X4RDW,income,8831.78,2025-11-14,正常,奖金
20250127IYQ9WA,income,1233.89,2025-01-27,加班,奖金
20250106126I7G,income,4649.48,2025-01-06,差旅,津贴
20250608K0QLWR,income,6608.52,2025-06-08,生活费,工资
20250907XGU4LV,income,3753.88,2025-09-07,补贴,奖金
20250920D4ERGR,income,974.17,2025-09-20,生活费,奖金
20250519LBSNHA,income,553.23,2025-05-19,报销,工资
20251216TFBO93,income,5176.51,2025-12-16,生活费,奖金
20251102GLMYZG,income,1180.34,2025-11-02,购物,工资
20251014PE48W0,income,6564.14,2025-10-14,加班,工资
20251111G1V7J5,income,4205.52,2025-11-11,正常,奖金
20250112A55V8Z,income,6405.23,2025-01-12,加班,奖金
20251209ZPSCFT,income,1086.82,2025-12-09,报销,工资
202506212KYDG3,income,2166.84,2025-06-21,差旅,奖金
20251210T2EVY7,income,7250.12,2025-12-10,报销,津贴
20251222W7THD2,income,9016.82,2025-12-22,生活费,奖金
202503234UJMLD,income,1599.15,2025-03-23,报销,工资
20251210SFAFJE,income,8913.07,2025-12-10,报销,津贴
20250506YS9SZK,income,1355.56,2025-05-06,娱乐,奖金
2025060324DQFD,income,6986.98,2025-06-03,娱乐,奖金
20250505H92I9H,income,8937.24,2025-05-05,报销,工资
20250902C7O5OP,income,8684.30,2025-09-02,娱乐,奖金
20251011OC80B3,income,7065.92,2025-10-11,加班,津贴
2025110676TP9I,income,5439.46,2025-11-06,报销,津贴
20250525VKUD3R,income,18.32,2025-05-25,报销,工资
20251108L7OYAD,income,1384.31,2025-11-08,加班,工资
202505034CQA3N,income,7253.91,2025-05-03,报销,奖金
20250510GF8BUU,income,4005.16,2025-05-10,学习,津贴
20250716T6ZLIT,income,3048.41,2025-07-16,加班,工资
20250106NKMK0V,income,1855.07,2025-01-06,娱乐,奖金
20250512O4DHTC,income,4739.28,2025-05-12,补贴,奖金
20250206QXNKE2,income,6772.97,2025-02-06,差旅,津贴
20250206E16484,income,6914.15,2025-02-06,学习,工资
20250911XVKSDS,income,5912.91,2025-09-11,学习,津贴
20250104TQBACR,income,3584.09,2025-01-04,娱乐,工资
20250919Q349E0,income,4846.76,2025-09-19,购物,奖金
20250215P2A6Y5,income,6020.10,2025-02-15,差旅,奖金
2025090977E1MD,income,1807.12,2025-09-09,正常,工资
20251111GV1G3E,income,3347.71,2025-11-11,加班,奖金
202509045A2VA0,income,5551.84,2025-09-04,学习,奖金
20250723MYBS0O,income,8746.76,2025-07-23,外卖,工资
20251219MWZW5M,income,4320.76,2025-12-19,外卖,工资
20250101AM9IP9,income,5118.00,2025-01-01,报销,奖金
202507249YN8K2,income,7069.70,2025-07-24,正常,工资
20250902D29DWO,income,6650.52,2025-09-02,报销,津贴
20250226CQF603,income,2748.84,2025-02-26,补贴,奖金
20251125Y7F8K5,income,5020.46,2025-11-25,补贴,工资
2025111742Z4DC,income,1880.60,2025-11-17,生活费,工资
20250706UTDZG7,income,2629.49,2025-07-06,补贴,津贴
20251227XA48FU,income,9520.21,2025-12-27,加班,奖金
20250414UGLPIZ,income,3939.82,2025-04-14,学习,工资
20250702ZFLASC,income,3241.10,2025-07-02,学习,工资
20250810JYCT8S,income,4741.02,2025-08-10,加班,津贴
20250205RTLN9P,income,6356.16,2025-02-05,学习,津贴
20250126THGWXN,income,2963.82,2025-01-26,补贴,工资
20250915RNMOEK,income,3957.52,2025-09-15,外卖,津贴
20250128O7JOX2,income,383.47,2025-01-28,娱乐,奖金
20251214H15WLT,income,8040.74,2025-12-14,娱乐,工资
20250602BD9G84,income,6948.24,2025-06-02,加班,奖金
20250913SGOLS7,income,3417.62,2025-09-13,娱乐,奖金
2025020505RY1X,income,7889.11,2025-02-05,正常,工资
20250206FNOHB6,income,9048.93,2025-02-06,生活费,工资
20251003BL85SS,income,138.53,2025-10-03,加班,奖金
20250907F19SSL,income,2334.97,2025-09-07,加班,津贴
20250924R08WWF,income,4084.49,2025-09-24,购物,津贴
202505246YZFQ0,income,5592.13,2025-05-24,正常,津贴
20250617BC5NRC,income,2003.11,2025-06-17,补贴,津贴
20250117K8WKIM,income,4181.39,2025-01-17,外卖,津贴
2025030231F1C9,income,6121.35,2025-03-02,学习,津贴
20250427MKVEUK,income,9270.00,2025-04-27,外卖,工资
20251126LE126D,income,7957.28,2025-11-26,正常,奖金
20251214CEJMXV,income,4651.67,2025-12-14,报销,津贴
20251217A3WEXB,income,750.23,2025-12-17,购物,津贴
20250417SGNUUD,income,7485.32,2025-04-17,正常,津贴
20250910568UJP,income,2371.41,2025-09-10,报销,津贴
20250506U9UY93,income,1797.92,2025-05-06,外卖,奖金
20251011PG9QQY,income,9993.81,2025-10-11,差旅,津贴
20250104ON4OL0,income,4047.25,2025-01-04,学习,津贴
20250123ZX0JCZ,income,7576.89,2025-01-23,补贴,奖金
20250711WFVSLT,income,9587.42,2025-07-11,学习,工资
20250219EX190P,income,2570.56,2025-02-19,娱乐,奖金
20250312N1U6DR,income,1337.88,2025-03-12,外卖,津贴
20250813E0KHTQ,income,1129.12,2025-08-13,生活费,工资
20250607K8NFOM,income,4543.21,2025-06-07,报销,工资
202511266UTFC9,income,6076.33,2025-11-26,正常,津贴
20250301436FYH,income,6658.91,2025-03-01,差旅,津贴
20250318I4PGM7,income,9077.81,2025-03-18,差旅,工资
20250518WWBV8R,income,494.86,2025-05-18,正常,工资
20250226K8J6MM,income,355.40,2025-02-26,差旅,津贴
20251208O3GYJR,income,155.14,2025-12-08,正常,津贴
20250121AXC9TL,income,8199.60,2025-01-21,外卖,津贴
20250627GDEUGK,income,6572.96,2025-06-27,差旅,奖金
202501246EDZ1W,income,1853.15,2025-01-24,差旅,津贴
20250702M8WHZH,income,8126.16,2025-07-02,生活费,奖金
20250921228SMT,income,9074.53,2025-09-21,正常,工资
202506183PTLX0,income,2787.56,2025-06-18,外卖,工资
20250124R21EPH,income,7764.85,2025-01-24,正常,津贴
20250406T2LZBZ,income,8593.09,2025-04-06,正常,津贴
202506027LPE4F,income,1362.33,2025-06-02,生活费,奖金
202507102O90IR,income,6531.90,2025-07-10,差旅,奖金
20250410U7RXXP,income,377.81,2025-04-10,娱乐,津贴
20250325W5AC5K,income,7987.70,2025-03-25,生活费,工资
20250905FBXDPK,income,4080.96,2025-09-05,差旅,奖金
202512272UL124,income,218.78,2025-12-27,娱乐,工资
20251209E3QY97,income,1913.81,2025-12-09,补贴,津贴
2025080721AG59,income,8780.57,2025-08-07,报销,津贴
202511070TZ5ND,income,3165.62,2025-11-07,补贴,奖金
20250923N9V051,income,4988.29,2025-09-23,报销,奖金
202511036YEIWJ,income,1226.72,2025-11-03,学习,奖金
20251118P71VO0,income,6384.14,2025-11-18,差旅,奖金
20250917YFHQ5H,income,132.31,2025-09-17,娱乐,工资
202512246HNICU,income,4042.11,2025-12-24,加班,奖金
20250122D2PFGA,income,5133.34,2025-01-22,正常,奖金
20250221WYTCW2,income,3964.92,2025-02-21,正常,奖金
20250316MN1Y6B,income,6891.02,2025-03-16,学习,奖金
202502061OVS9R,income,1133.23,2025-02-06,正常,工资
2025060322TYKP,income,765.27,2025-06-03,补贴,奖金
2025031418IKM8,income,5349.75,2025-03-14,购物,奖金
20251005HW74EB,income,3105.23,2025-10-05,报销,奖金
20250901HAOWNE,income,138.94,2025-09-01,学习,工资
20250205MZ16FI,income,173.87,2025-02-05,加班,津贴
20250727HH5C0I,income,8078.48,2025-07-27,外卖,工资
20250712EYZ91B,income,8863.09,2025-07-12,生活费,奖金
20250527O9G973,income,2047.28,2025-05-27,报销,工资
202512083KL8GP,income,6540.13,2025-12-08,学习,工资
20250726NV87OQ,income,6914.08,2025-07-26,差旅,奖金
20250915OK2BOT,income,7690.70,2025-09-15,差旅,工资
20250712Z19J8J,income,8291.14,2025-07-12,生活费,奖金
202504176TRP4J,income,7059.64,2025-04-17,娱乐,工资
20250516Z6FZ8R,income,3204.90,2025-05-16,外卖,津贴
20251206E2ANTI,income,1374.14,2025-12-06,外卖,工资
20250101WBC657,income,7769.55,2025-01-01,差旅,奖金
202506244AHHN6,income,7811.10,2025-06-24,报销,工资
20250428LJ9WAR,income,1509.09,2025-04-28,差旅,工资
20250112U9WF7K,income,5779.41,2025-01-12,购物,奖金
202509193YA251,income,6732.25,2025-09-19,加班,津贴
202501151J3A7S,income,4666.22,2025-01-15,加班,工资
20251023VRAN4P,income,5773.67,2025-10-23,加班,津贴
20250423MF0RRL,income,4139.99,2025-04-23,正常,奖金
202510070R5CIS,income,4322.57,2025-10-07,差旅,奖金
2025121650TGIW,income,7118.46,2025-12-16,生活费,工资
20250110F88H48,income,4927.57,2025-01-10,加班,津贴
2025030723O9QT,income,8496.34,2025-03-07,娱乐,奖金
20251011MBW4Z7,income,5148.67,2025-10-11,加班,津贴
20250106U0R839,income,9999.37,2025-01-06,学习,津贴
20250304DAITPO,income,2488.73,2025-03-04,报销,津贴
20250810GWSY6P,income,8761.28,2025-08-10,生活费,工资
20250321VL3I3N,income,3411.00,2025-03-21,学习,工资
20250201H3Z0DG,income,3992.78,2025-02-01,差旅,工资
20250223QOIP84,income,2078.04,2025-02-23,外卖,津贴
20250715FJHPMO,income,7284.86,2025-07-15,加班,工资
202510262L9I03,income,3099.10,2025-10-26,娱乐,津贴
20250305ZJKD6J,income,46.28,2025-03-05,外卖,奖金
2025051159G5N5,income,3236.14,2025-05-11,报销,工资
202510263S7H0K,income,396.86,2025-10-26,外卖,奖金
202512187QYZMC,income,9490.04,2025-12-18,娱乐,奖金
20251206N82DRE,income,2829.49,2025-12-06,学习,奖金
20250628327YUS,income,3875.62,2025-06-28,学习,工资
202512219HDY13,income,5523.31,2025-12-21,娱乐,奖金
20251013O1FV53,income,8864.64,2025-10-13,学习,工资
20250804R7300X,income,5376.05,2025-08-04,生活费,津贴
20251014G069H8,income,1073.19,2025-10-14,购物,奖金
20250419BHJNHS,income,215.65,2025-04-19,差旅,奖金
2025052645PDLD,income,7894.24,2025-05-26,娱乐,奖金
20250719DJ61A6,income,7160.08,2025-07-19,报销,工资
20250507OELL1W,income,5533.72,2025-05-07,娱乐,奖金
20251218AM1Q57,income,9664.10,2025-12-18,加班,奖金
20250705U9K8KR,income,2642.62,2025-07-05,加班,奖金
202509142U3PF9,income,5010.96,2025-09-14,学习,工资
20251211KD0PJP,income,2031.18,2025-12-11,外卖,奖金
2025022467GC2F,income,9278.36,2025-02-24,娱乐,工资
20250313MO8HH5,income,9513.13,2025-03-13,加班,工资
202502153VFK12,income,389.01,2025-02-15,报销,工资
202505012EQDQ3,income,2555.41,2025-05-01,报销,津贴
20250704QQQTZR,income,3310.25,2025-07-04,外卖,工资
202510176TVWEP,income,9450.62,2025-10-17,补贴,津贴
20250112TTA2AG,income,9072.55,2025-01-12,娱乐,奖金
20251211HEPYM2,income,989.72,2025-12-11,加班,津贴
20250704188LFG,income,8164.54,2025-07-04,差旅,工资
20250606Q8EX5Y,income,3984.68,2025-06-06,差旅,奖金
20250113V8WZSW,income,6111.28,2025-01-13,加班,津贴
20250405I7XCUD,income,7357.90,2025-04-05,差旅,工资
20250709WVLTVD,income,3041.93,2025-07-09,学习,津贴
20250505G0XLX8,income,6511.97,2025-05-05,学习,工资
20251219N19JY0,income,1397.48,2025-12-19,加班,津贴
20250723OE0R04,income,8443.34,2025-07-23,补贴,工资
20250420QWAV7X,income,8573.59,2025-04-20,学习,津贴
20250804VYYMOV,income,244.15,2025-08-04,差旅,津贴
20250710NWH358,income,3681.28,2025-07-10,外卖,津贴
20250810FSVOTP,income,5426.56,2025-08-10,报销,津贴
20250906JJN2GZ,income,9597.48,2025-09-06,补贴,奖金
20250208ZAMLII,income,3815.00,2025-02-08,学习,奖金
2025081794SFY4,income,3964.24,2025-08-17,外卖,工资
20250310UEZTNB,income,1640.10,2025-03-10,报销,工资
20250606WZEMLF,income,4828.19,2025-06-06,加班,津贴
20250207KV77E8,income,4827.88,2025-02-07,报销,奖金
2025090874Q09A,income,8312.45,2025-09-08,娱乐,津贴
20250108PS76PP,income,266.65,2025-01-08,生活费,津贴
2025042809CCDC,income,3972.07,2025-04-28,学习,津贴
20251022KSMF4P,income,7564.58,2025-10-22,学习,奖金
20250627S1QM2W,income,97.44,2025-06-27,加班,奖金
20250107HRJA1Y,income,1075.54,2025-01-07,学习,奖金
20250303922MVZ,income,6966.85,2025-03-03,正常,奖金
20250706SQLVUR,income,2095.43,2025-07-06,差旅,津贴
20250707AJUQ6I,income,8846.02,2025-07-07,生活费,奖金
20250526WCBWA7,income,805.94,2025-05-26,加班,工资
20250921JK7DL3,income,7644.16,2025-09-21,差旅,工资
20250614DHQEND,income,5092.92,2025-06-14,报销,津贴
20250103FRNBEN,income,6352.63,2025-01-03,娱乐,津贴
20251122WCWJUI,income,6013.19,2025-11-22,购物,工资
20250414I1K7K9,income,6924.52,2025-04-14,报销,奖金
20250121A0TM7B,income,6853.75,2025-01-21,生活费,奖金
20250507ATMCID,income,1488.68,2025-05-07,差旅,奖金
202506033N5Y75,income,6673.53,2025-06-03,补贴,奖金
2025041537H2WV,income,1814.08,2025-04-15,正常,津贴
20250127Z18JV0,income,678.95,2025-01-27,加班,津贴
20250503DV9ERI,income,9027.73,2025-05-03,报销,工资
20250703O515G0,income,5492.23,2025-07-03,学习,奖金
20250321F4NKL3,income,9587.45,2025-03-21,娱乐,工资
2025022801M8YJ,income,6181.77,2025-02-28,补贴,工资
20250315RDRNNI,income,7032.92,2025-03-15,娱乐,工资
20250520R4O3OF,income,6863.36,2025-05-20,生活费,工资
202508024NOHAM,income,5783.81,2025-08-02,补贴,工资
20250302MH1HNX,income,1291.60,2025-03-02,学习,奖金
20250803OFAZED,income,7.13,2025-08-03,加班,工资
20251014LNM86F,income,4648.31,2025-10-14,补贴,奖金
20250618GC5MDH,income,2014.29,2025-06-18,外卖,津贴
20250310YDM0QK,income,4648.51,2025-03-10,外卖,奖金
20250627XAB7Z1,income,6546.88,2025-06-27,加班,工资
202512289MFGR0,income,5470.59,2025-12-28,娱乐,工资
20250310HXQVEO,income,5874.32,2025-03-10,补贴,津贴
202506136BKVC1,income,5929.82,2025-06-13,外卖,奖金
202503188Q6C3X,income,2262.39,2025-03-18,正常,奖金
20250908W5Q236,income,3001.12,2025-09-08,加班,工资
20250923D102WW,income,1602.02,2025-09-23,正常,奖金
20250722GOI1GV,income,6948.61,2025-07-22,正常,奖金
20250925Z0NQJ1,income,5562.70,2025-09-25,加班,工资
20250306EQX0IJ,income,2668.89,2025-03-06,加班,津贴
20250122TJCJLW,income,2122.07,2025-01-22,加班,工资
20250805DSM4L4,income,8505.05,2025-08-05,学习,津贴
202509088EVVM3,income,6014.77,2025-09-08,正常,奖金
20251007A8X1UL,income,4598.76,2025-10-07,娱乐,奖金
20250707AHVKWH,income,1168.30,2025-07-07,外卖,津贴
20250520S4NTP9,income,8577.06,2025-05-20,生活费,津贴
20250927XDVWKJ,income,5307.10,2025-09-27,生活费,奖金
20251022TFJXN6,income,3755.66,2025-10-22,补贴,奖金
202508218P3HYO,income,6932.39,2025-08-21,报销,奖金
202510284EPTAI,income,3649.36,2025-10-28,娱乐,津贴
20251012IEMM64,income,1480.89,2025-10-12,差旅,工资
2025070548MGZC,income,5406.53,2025-07-05,正常,奖金
20250515AB0KP4,income,8942.62,2025-05-15,外卖,津贴
20250107BSPMHT,income,8503.22,2025-01-07,正常,工资
20250326BT423D,income,6769.39,2025-03-26,报销,工资
20250120HS6AA7,income,7977.61,2025-01-20,娱乐,奖金
2025060314Q8KA,income,2018.10,2025-06-03,生活费,奖金
202509025GQ8YR,income,1418.51,2025-09-02,学习,津贴
202504180ESYU3,income,1040.28,2025-04-18,购物,奖金
20250818L8M80R,income,6402.80,2025-08-18,购物,津贴
20251205BNGOTD,income,8669.87,2025-12-05,生活费,津贴
20251019Z0F9YM,income,8972.88,2025-10-19,外卖,工资
20250423LRVYJY,income,9447.81,2025-04-23,报销,津贴
20250622HG88XO,income,998.62,2025-06-22,补贴,工资
202504111AAXP6,income,5080.45,2025-04-11,报销,津贴
20251123A43ZZQ,income,1418.32,2025-11-23,生活费,津贴
202512025QP3B4,income,1138.55,2025-12-02,外卖,津贴
20250402ILBCKI,income,4848.10,2025-04-02,生活费,奖金
20251018XSV2AZ,income,8835.00,2025-10-18,购物,奖金
20250420PHHDHD,income,7433.70,2025-04-20,加班,津贴
20250721PTFXYE,income,3481.35,2025-07-21,外卖,津贴
202505207NXB1G,income,2658.40,2025-05-20,差旅,工资
202507101PORYJ,income,5289.34,2025-07-10,补贴,津贴
2025102354FI7X,income,378.81,2025-10-23,报销,津贴
2025051886IUL5,income,5050.33,2025-05-18,差旅,工资
202508285K1NS7,income,8632.90,2025-08-28,外卖,奖金
202505245O0PR8,income,2497.85,2025-05-24,生活费,津贴
20251128PNSEYR,income,229.07,2025-11-28,加班,津贴
20250920VMANT9,income,8834.26,2025-09-20,补贴,奖金
20251010S57WUX,income,6507.56,2025-10-10,报销,工资
20250622DAEZXY,income,8154.38,2025-06-22,生活费,津贴
20250411YZCE0T,income,9280.20,2025-04-11,加班,奖金
20250707G06QTY,income,5027.11,2025-07-07,差旅,工资
20250527PSSTTR,income,7850.40,2025-05-27,加班,津贴
20250515LW6DD9,income,317.76,2025-05-15,生活费,津贴
20250928U0CKEH,income,1096.43,2025-09-28,报销,工资
20250302BXZVMF,income,1101.72,2025-03-02,娱乐,津贴
20250411XARPO1,income,3921.15,2025-04-11,购物,津贴
20250127ZUOGZM,income,1485.35,2025-01-27,加班,工资
20251221REVXTX,income,1189.69,2025-12-21,外卖,奖金
20251208CA1Y5Z,income,280.37,2025-12-08,正常,工资
20250603YCTKHQ,income,4101.70,2025-06-03,娱乐,工资
202504165Q7202,income,2936.94,2025-04-16,学习,奖金
20251103Y2A6Z0,income,9720.30,2025-11-03,购物,工资
20251009FT4AY0,income,2967.37,2025-10-09,补贴,工资
20251120M6MBTP,income,21.18,2025-11-20,购物,工资
202507206U3OBD,income,6614.27,2025-07-20,报销,津贴
20250224JJGFVH,income,4191.18,2025-02-24,学习,奖金
20250228UJMONH,income,4917.54,2025-02-28,正常,奖金
20251008DVMJBM,income,7161.26,2025-10-08,生活费,奖金
20250912DUB2TI,income,1704.29,2025-09-12,补贴,津贴
202510137I3IT3,income,6974.41,2025-10-13,购物,工资
20250114AZK8CX,income,7418.67,2025-01-14,差旅,工资
2025100630XYXX,income,484.65,2025-10-06,正常,奖金
20251214NUMN8X,income,2313.05,2025-12-14,补贴,津贴
20250627SB4XOP,income,518.13,2025-06-27,补贴,津贴
20250919J3O9EX,income,5877.03,2025-09-19,报销,工资
20250105N831BW,income,7412.53,2025-01-05,生活费,工资
202508249TL655,income,1823.59,2025-08-24,生活费,津贴
20251028XEAO6F,income,1201.80,2025-10-28,正常,工资
20250514ACN009,income,2626.97,2025-05-14,娱乐,工资
20250414PJV76U,income,9392.79,2025-04-14,报销,津贴
202502141M7KBG,income,777.30,2025-02-14,差旅,奖金
202503182RF5YK,income,5395.95,2025-03-18,报销,奖金
20251204JSA7ZO,income,4917.14,2025-12-04,报销,奖金
20250306ORIY8Z,income,3208.92,2025-03-06,正常,工资
20250708MPDMIY,income,8992.61,2025-07-08,正常,津贴
2025101711HBOM,income,4809.18,2025-10-17,娱乐,津贴
20250716AOI3VK,income,8059.78,2025-07-16,娱乐,工资
20251104BDU9LT,income,8999.26,2025-11-04,娱乐,工资
2025032629QGVR,income,5769.13,2025-03-26,补贴,奖金
202509078BQZVO,income,379.46,2025-09-07,差旅,奖金
20250823EKJV5T,income,8399.96,2025-08-23,外卖,津贴
202506053VKWV4,income,3922.30,2025-06-05,报销,津贴
20250714Y6A02C,income,9920.65,2025-07-14,差旅,奖金
20251222257SU8,income,6556.06,2025-12-22,加班,津贴
20251208IO2E4U,income,2865.38,2025-12-08,补贴,工资
2025030226ZDJF,income,7737.88,2025-03-02,正常,津贴
20250405T2KV6Y,income,3550.04,2025-04-05,正常,奖金
20251012IBTMUF,income,6327.47,2025-10-12,正常,津贴
2025031554HCD1,income,7118.23,2025-03-15,差旅,奖金
20250407F67N4O,income,8883.07,2025-04-07,补贴,工资
20250610HU39G3,income,6754.75,2025-06-10,购物,工资
2025101609XCAB,income,611.69,2025-10-16,学习,工资
20251117D9HI5U,income,4142.49,2025-11-17,差旅,工资
20250609GWQV1B,income,245.22,2025-06-09,正常,工资
20251001XISUI5,income,6361.09,2025-10-01,报销,工资
20250322PTZIOZ,income,111.96,2025-03-22,差旅,工资
202510094LUF4W,income,3503.12,2025-10-09,学习,津贴
202501116JY8T8,income,9354.93,2025-01-11,正常,津贴
20251013ZH9Z6Y,income,1417.10,2025-10-13,购物,津贴
20250922BTLYN1,income,8517.24,2025-09-22,报销,津贴
20250127OJ4AM3,income,6206.13,2025-01-27,加班,工资
20251007OJXY07,income,4843.42,2025-10-07,正常,津贴
20251223JQ6SAK,income,4704.97,2025-12-23,正常,奖金
20250318LWB712,income,2857.18,2025-03-18,报销,工资
20251018OG1YX6,income,7533.00,2025-10-18,报销,工资
20250821IY8SIS,income,7463.09,2025-08-21,生活费,奖金
2025112000Z926,income,2537.23,2025-11-20,报销,工资
20251203V6VVPJ,income,2633.73,2025-12-03,生活费,奖金
20250312DYXURB,income,8397.71,2025-03-12,加班,工资
20251209OMVWMF,income,298.46,2025-12-09,外卖,工资
2025020207LTGI,income,8102.30,2025-02-02,学习,津贴
20251016LJ173V,income,2845.50,2025-10-16,差旅,工资
20250120K40M60,income,6084.62,2025-01-20,生活费,津贴
202510169B4DPC,income,6233.58,2025-10-16,娱乐,津贴
202512120EBSOT,income,69.12,2025-12-12,娱乐,工资
20250623IWOIBF,income,2535.49,2025-06-23,差旅,工资
20250305QOMMMU,income,2598.06,2025-03-05,购物,工资
20250214NZQ7MX,income,6418.78,2025-02-14,报销,津贴
202507099ETBG5,income,2413.50,2025-07-09,生活费,工资
20251022KXL1DV,income,9939.35,2025-10-22,生活费,工资
202505243M4BEO,income,4142.30,2025-05-24,外卖,工资
202504033NOMGD,income,3983.25,2025-04-03,生活费,奖金
202501282F9FWH,income,241.13,2025-01-28,正常,津贴
20251114OZMF9M,income,5575.15,2025-11-14,购物,工资
2025101811ZMZI,income,1604.69,2025-10-18,购物,津贴
2025010420QDVN,income,9571.89,2025-01-04,学习,奖金
20250304QZCCY3,income,2650.41,2025-03-04,加班,工资
20250508AXM3SG,income,7586.97,2025-05-08,补贴,奖金
20250208SMLUSE,income,2664.74,2025-02-08,学习,奖金
202505064X2LND,income,8138.02,2025-05-06,加班,工资
20250508KZI06H,income,2464.53,2025-05-08,正常,津贴
20251023P3EFLP,income,7872.95,2025-10-23,正常,工资
20250524JFCWN6,income,6868.56,2025-05-24,娱乐,津贴
20251113J6JSRG,income,2875.59,2025-11-13,购物,津贴
202504194VX4NU,income,6321.29,2025-04-19,学习,工资
20250806WJ5A19,income,18.63,2025-08-06,外卖,工资
20250318I4YY2P,income,3469.88,2025-03-18,差旅,津贴
20250409QYM0FG,income,5160.04,2025-04-09,生活费,津贴
20250928L5FKM3,income,8758.49,2025-09-28,补贴,工资
20250709EWKJTO,income,2153.94,2025-07-09,加班,工资
202511092XQKXK,income,4800.34,2025-11-09,差旅,工资
20250519S0S1IS,income,8715.59,2025-05-19,生活费,奖金
202512242QEVI6,income,1043.32,2025-12-24,购物,津贴
202509067YUYFF,income,5083.06,2025-09-06,正常,津贴
20250626GM8S14,income,3048.93,2025-06-26,生活费,工资
202501275XXEQW,income,4553.08,2025-01-27,外卖,津贴
20250621YOG6PA,income,2118.82,2025-06-21,娱乐,奖金
20250220VBIY6H,income,5130.60,2025-02-20,学习,津贴
20250504MEKT0Q,income,229.75,2025-05-04,学习,奖金
20250113JLPB0C,income,6897.50,2025-01-13,学习,工资
20250813ZCGIA6,income,9638.87,2025-08-13,娱乐,工资
20250406MXON6Q,income,6195.30,2025-04-06,生活费,工资
20251011XD1SE7,income,2917.95,2025-10-11,补贴,津贴
20251207JYM2I2,income,7229.56,2025-12-07,生活费,奖金
20251110ONPS78,income,1476.19,2025-11-10,正常,津贴
20250807HZKUZ8,income,9259.88,2025-08-07,差旅,津贴
202508080UE6ZP,income,8141.87,2025-08-08,正常,奖金
20251208Z1KCDM,income,8750.73,2025-12-08,加班,工资
202510270DO5TX,income,5292.76,2025-10-27,生活费,奖金
20251228IKJS8U,income,8114.78,2025-12-28,生活费,津贴
2025030935RXKZ,income,8703.91,2025-03-09,学习,工资
20251125Z8V42Q,income,1651.56,2025-11-25,购物,工资
202511242SV8RW,income,3395.44,2025-11-24,差旅,奖金
202504264X5NZ8,income,1122.85,2025-04-26,娱乐,津贴
20250228YHEY85,income,9285.28,2025-02-28,报销,奖金
202511235BQSUZ,income,7025.90,2025-11-23,购物,工资
20251106HNODOT,income,4793.29,2025-11-06,正常,奖金
20251107ETFJYZ,income,2672.92,2025-11-07,购物,工资
202501077DW8MB,income,6098.51,2025-01-07,购物,工资
20250405Z23WDI,income,9754.39,2025-04-05,生活费,奖金
202506073W29FZ,income,1864.83,2025-06-07,报销,津贴
20251121178G87,income,7960.47,2025-11-21,娱乐,津贴
20251208ZQPZG8,income,3783.92,2025-12-08,生活费,津贴
20250521V0P3OY,income,8057.74,2025-05-21,报销,工资
2025121595JDW1,income,7905.54,2025-12-15,加班,工资
2025082861KF56,income,7588.12,2025-08-28,娱乐,津贴
20250614XPN5EA,income,3354.43,2025-06-14,学习,津贴
202511026R5HHO,income,5427.55,2025-11-02,报销,工资
20250323ID6TQJ,income,2484.62,2025-03-23,正常,津贴
20251018UZIUG3,income,9236.89,2025-10-18,差旅,奖金
20250324M6D9LY,income,4495.43,2025-03-24,补贴,工资
20250722IU0FK5,income,3542.27,2025-07-22,差旅,津贴
20250312Y49ESD,income,5143.97,2025-03-12,生活费,工资
20251117ZM7MXP,income,9846.36,2025-11-17,外卖,津贴
20251223NTWL3T,income,9458.18,2025-12-23,差旅,奖金
202507041BB0SA,income,9932.68,2025-07-04,正常,奖金
20251007HMSTEV,income,7212.65,2025-10-07,生活费,工资
20250314DDIDCS,income,5262.76,2025-03-14,外卖,工资
20251019DKJIMA,income,6233.96,2025-10-19,补贴,工资
202501015ND4OT,income,6296.22,2025-01-01,购物,津贴
20251117VVB32I,income,5054.20,2025-11-17,外卖,奖金
20250915RNXJG1,income,3053.70,2025-09-15,差旅,工资
20251224R1K3VF,income,8293.50,2025-12-24,差旅,津贴
20250113FWNBFX,income,901.64,2025-01-13,补贴,工资
20251107RKXAGV,income,212.51,2025-11-07,差旅,工资
20251220HO5L2F,income,5500.50,2025-12-20,补贴,奖金
20250625Q445DI,income,6144.55,2025-06-25,补贴,工资
2025071837U5LH,income,381.21,2025-07-18,购物,津贴
20251118E2FOIQ,income,3067.97,2025-11-18,生活费,工资
20251004BFJ6Y2,income,5857.96,2025-10-04,娱乐,工资
20250327F47IJX,income,4591.99,2025-03-27,娱乐,奖金
20250210G10ODZ,income,2046.16,2025-02-10,差旅,津贴
20250806PYWS1C,income,7646.65,2025-08-06,娱乐,津贴
20250127FBJIEX,income,1463.23,2025-01-27,报销,奖金
202508252VRZ5R,income,1312.27,2025-08-25,加班,奖金
20250820Q9B98A,income,5189.09,2025-08-20,差旅,奖金
20251013D01Z0X,income,1312.24,2025-10-13,报销,奖金
20250916RYOXZ7,income,5241.50,2025-09-16,娱乐,工资
20250315A8NI3S,income,3547.83,2025-03-15,购物,津贴
20251227JRK6TV,income,2726.11,2025-12-27,正常,津贴
20250611QYNFUU,income,5438.41,2025-06-11,补贴,奖金
20250807PP2GAD,income,9078.82,2025-08-07,娱乐,工资
20250610RTJBYF,income,2596.17,2025-06-10,学习,工资
20251119YBWK6P,income,7569.65,2025-11-19,生活费,津贴
20250519UJ6SN2,income,2369.59,2025-05-19,生活费,工资
20250815T76PE9,income,2780.10,2025-08-15,差旅,津贴
20250221O3L0RK,income,5509.68,2025-02-21,娱乐,津贴
20250509USMIWQ,income,8365.29,2025-05-09,加班,奖金
20250804SY0I93,income,457.51,2025-08-04,购物,奖金
202507046T72DZ,income,7649.40,2025-07-04,娱乐,津贴
20250921AQM2C2,income,3527.54,2025-09-21,生活费,津贴
20250610BBI6JZ,income,9886.04,2025-06-10,娱乐,奖金
202502159RDT7Q,income,6145.68,2025-02-15,学习,奖金
20251012W2VJWX,income,3155.30,2025-10-12,加班,工资
20250516QSILFC,income,1193.11,2025-05-16,外卖,津贴
202505260H6983,income,1730.12,2025-05-26,差旅,工资
20250517HFDOKC,income,7584.70,2025-05-17,补贴,工资
202508259TK8D5,income,3870.22,2025-08-25,娱乐,工资
20250308S1DXXT,income,9574.40,2025-03-08,正常,奖金
20250921BTPX4J,income,6046.45,2025-09-21,正常,工资
20251020AKN2AJ,income,9637.49,2025-10-20,购物,津贴
20251127M9B0C4,income,4693.03,2025-11-27,补贴,奖金
20250511H9CEP8,income,658.29,2025-05-11,补贴,工资
20250708E2BE8T,income,1412.90,2025-07-08,外卖,奖金
202505042768W9,income,3353.83,2025-05-04,购物,奖金
20250321S2NNS1,income,5942.42,2025-03-21,学习,津贴
20250103K42J6K,income,171.72,2025-01-03,生活费,津贴
20250228S4VUO2,income,9071.70,2025-02-28,正常,奖金
20250619ANOVYG,income,4687.82,2025-06-19,外卖,工资
20250327SFJG4A,income,2249.62,2025-03-27,购物,工资
20251206TMT1VK,income,8859.21,2025-12-06,生活费,津贴
2025042062UMA5,income,3940.72,2025-04-20,学习,津贴
202504124K1247,income,9733.92,2025-04-12,学习,工资
20251123QWRG9H,income,7504.26,2025-11-23,学习,奖金
20250114OX7ULW,income,5379.77,2025-01-14,差旅,工资
20250313UIDQXA,income,5729.96,2025-03-13,补贴,奖金
20250502ODMZ8M,income,4627.37,2025-05-02,学习,工资
20250104JG8X81,income,4023.14,2025-01-04,报销,津贴
20250421ZY8YBO,income,9872.95,2025-04-21,差旅,津贴
20250211ILTGNO,income,6864.03,2025-02-11,加班,津贴
20251108ZX3GFD,income,330.66,2025-11-08,学习,工资
20250125SCRILK,income,8003.18,2025-01-25,购物,奖金
20250812DXKG31,income,5720.35,2025-08-12,正常,工资
202505202WL6WL,income,5523.99,2025-05-20,正常,奖金
202503010SIAO6,income,9445.72,2025-03-01,加班,津贴
20250525PDUHKR,income,6198.40,2025-05-25,外卖,奖金
20250218GG7445,income,7388.70,2025-02-18,购物,工资
20250911U2VOTP,income,7304.90,2025-09-11,加班,奖金
20250120ZFVE7I,income,4522.10,2025-01-20,外卖,奖金
202509048MBRRJ,income,8472.05,2025-09-04,生活费,津贴
2025122085CXRT,income,2662.43,2025-12-20,外卖,奖金
202502069DF0BF,income,1349.95,2025-02-06,差旅,奖金
202506236W8S98,income,5832.33,2025-06-23,学习,工资
2025050946DAA5,income,3421.73,2025-05-09,生活费,津贴
20250326BG1JOF,income,1627.38,2025-03-26,加班,奖金
202508072NWBVW,income,2411.77,2025-08-07,补贴,奖金
20250706172F74,income,3752.82,2025-07-06,娱乐,津贴
20250708PVMON0,income,9125.12,2025-07-08,正常,工资
20250203POHBWO,income,122.64,2025-02-03,学习,奖金
20251112C2UDBN,income,22.92,2025-11-12,生活费,工资
20250820D238T6,income,5343.00,2025-08-20,补贴,工资
2025030522XOKG,income,8005.46,2025-03-05,报销,奖金
20250103KRYZO7,income,4921.01,2025-01-03,外卖,奖金
202512216JZW3W,income,6298.02,2025-12-21,外卖,津贴
202507204SAT7Y,income,1545.59,2025-07-20,正常,奖金
202511061CTRKL,income,6193.29,2025-11-06,加班,奖金
2025121130KKHN,income,605.63,2025-12-11,差旅,津贴
20250227ORHV0E,income,2615.76,2025-02-27,娱乐,津贴
202511249NS9M1,income,6958.83,2025-11-24,报销,津贴
202507033GECKM,income,517.50,2025-07-03,购物,工资
20250602DOCPQN,income,1457.97,2025-06-02,报销,津贴
20251014XYFQQO,income,772.99,2025-10-14,娱乐,奖金
20250908H70JY8,income,8112.04,2025-09-08,差旅,奖金
20251116SOAKE9,income,6918.08,2025-11-16,娱乐,工资
20250321Z5KAE2,income,1164.25,2025-03-21,报销,工资
20250403OF87VW,income,7589.44,2025-04-03,娱乐,奖金
20250618PI70T9,income,1113.72,2025-06-18,加班,奖金
20250915N0OWAU,income,3764.97,2025-09-15,补贴,奖金
20250702X5JL0F,income,3374.75,2025-07-02,补贴,奖金
20250813F7QJDG,income,7063.69,2025-08-13,差旅,津贴
202504052DUUTM,income,128.37,2025-04-05,购物,工资
20251226JOJUI5,income,1113.12,2025-12-26,报销,奖金
20250126WNWCOR,income,7298.04,2025-01-26,正常,津贴
2025110655Q3W2,income,3777.10,2025-11-06,娱乐,奖金
20250513ZBTC78,income,4947.25,2025-05-13,学习,工资
202508211S8XSV,income,9001.90,2025-08-21,加班,津贴
20250918425B6K,income,780.37,2025-09-18,学习,奖金
20250406Q65AWJ,income,7844.49,2025-04-06,报销,奖金
202504081URIZN,income,7292.36,2025-04-08,外卖,奖金
20250811TFADUL,income,1011.06,2025-08-11,加班,工资
20250308UAF51U,income,8842.02,2025-03-08,生活费,工资
20250817HUY8CY,income,5179.11,2025-08-17,补贴,津贴
20250901FLOR00,income,2255.74,2025-09-01,娱乐,工资
20251117CMQXUM,income,1149.61,2025-11-17,购物,津贴
202506025VZ7J9,income,1334.47,2025-06-02,学习,奖金
20251007RUVE7C,income,3947.61,2025-10-07,正常,奖金
20250416PKZS98,income,9273.63,2025-04-16,学习,奖金
20250427CHPY5D,income,4890.35,2025-04-27,差旅,奖金
202503061ZVEHK,income,769.11,2025-03-06,学习,工资
20250426SUU5X3,income,9410.93,2025-04-26,补贴,奖金
202502262OA19R,income,4306.58,2025-02-26,加班,奖金
202507178HD22P,income,9894.65,2025-07-17,补贴,奖金
20251213XPV12U,income,5960.41,2025-12-13,差旅,奖金
20250125SKMCEL,income,426.87,2025-01-25,生活费,工资
20250115S0MVPV,income,2570.47,2025-01-15,加班,津贴
20250206H7JDRR,income,4631.85,2025-02-06,学习,工资
20251007AR1VVV,income,9218.54,2025-10-07,外卖,奖金
20250606DDUX80,income,773.05,2025-06-06,差旅,津贴
202512186FBTTO,income,3054.97,2025-12-18,差旅,工资
202509137FEB8A,income,4349.74,2025-09-13,购物,奖金
20251211SOBZTW,income,1118.70,2025-12-11,购物,奖金
20251012NY4TQU,income,3873.85,2025-10-12,加班,奖金
2025081991X1G7,income,9202.93,2025-08-19,正常,工资
20250410KMXFWT,income,7922.86,2025-04-10,学习,津贴
20251010YS73J5,income,2920.04,2025-10-10,学习,工资
20250308T8GYPR,income,5124.49,2025-03-08,学习,津贴
20250207FAE85Z,income,9463.13,2025-02-07,学习,奖金
20250428ZK7OWE,income,4681.90,2025-04-28,娱乐,工资
20250311E6ZDPG,income,5891.01,2025-03-11,正常,津贴
20251109JXGCKO,income,5423.70,2025-11-09,购物,工资
20251126SKH4XI,income,469.99,2025-11-26,学习,津贴
20250624PNGCSC,income,8144.54,2025-06-24,生活费,奖金
20251216QDMEE9,income,2158.74,2025-12-16,差旅,工资
20250710O2IUO9,income,6750.19,2025-07-10,购物,津贴
202511066SORJJ,income,160.25,2025-11-06,生活费,津贴
20250419M1JZAL,income,9952.75,2025-04-19,外卖,津贴
20250802V35K7G,income,3314.32,2025-08-02,娱乐,工资
20250806WVBTO9,income,5893.54,2025-08-06,外卖,工资
20250815C6XP21,income,8310.15,2025-08-15,差旅,工资
20250707TQ4ROC,income,6139.80,2025-07-07,购物,津贴
20250619GR2KSS,income,8320.10,2025-06-19,正常,奖金
202506269XGNBK,income,723.95,2025-06-26,娱乐,津贴
20250419HAWIWO,income,6958.08,2025-04-19,正常,奖金
20251117EGQN4F,income,9436.70,2025-11-17,加班,工资
20250321BIU4RU,income,8983.67,2025-03-21,生活费,津贴
20250817EVCZ3L,income,3217.13,2025-08-17,正常,工资
20251123EZB4B4,income,7833.57,2025-11-23,购物,津贴
20250726V7GOFM,income,2585.57,2025-07-26,生活费,工资
2025050354C343,income,1275.17,2025-05-03,娱乐,津贴
202507182Q0XYN,income,66.56,2025-07-18,外卖,奖金
20250311EQ5HDB,income,1587.13,2025-03-11,外卖,津贴
202503177BE7H2,income,6562.85,2025-03-17,补贴,津贴
2025090206PMVB,income,2525.20,2025-09-02,生活费,津贴
202503075H11X7,income,2899.02,2025-03-07,娱乐,工资
20250304JA0CRQ,income,9825.01,2025-03-04,报销,津贴
20250521KL44E3,income,4066.14,2025-05-21,加班,奖金
202511230G1B45,income,6184.17,2025-11-23,加班,津贴
20250221UYYRJG,income,4779.70,2025-02-21,差旅,津贴
20250512C9Y3OZ,income,2947.78,2025-05-12,正常,津贴
20250914SHGTFG,income,1772.66,2025-09-14,生活费,奖金
20250615T4DA2L,income,1392.12,2025-06-15,娱乐,工资
20250506GWG6KB,income,6171.12,2025-05-06,学习,津贴
20251207VO5M3H,income,6626.82,2025-12-07,正常,津贴
20250920NPR38Y,income,9741.46,2025-09-20,正常,工资
20250928TVTBKE,income,7748.44,2025-09-28,报销,津贴
20250228ZKN4ZY,income,4830.12,2025-02-28,购物,工资
20250810QCT49S,income,8210.11,2025-08-10,差旅,工资
20250705ZGUW1A,income,911.24,2025-07-05,外卖,奖金
20250927UBFI46,income,1676.46,2025-09-27,加班,奖金
20250522K10ZZV,income,8648.43,2025-05-22,外卖,奖金
20250122HRAM81,income,6720.42,2025-01-22,购物,工资
20250201V9DOMV,income,7283.93,2025-02-01,补贴,津贴
202505050VF3K3,income,2474.62,2025-05-05,娱乐,工资
20250606YGCGE0,income,1513.27,2025-06-06,购物,津贴
202505209JBXWX,income,1491.59,2025-05-20,购物,奖金
20250120K6CXL4,income,6069.83,2025-01-20,生活费,工资
20250903VWP9ZV,income,5467.87,2025-09-03,报销,工资
20250926AQS8X8,income,5754.12,2025-09-26,学习,津贴
20250326BFH1I1,income,6893.84,2025-03-26,差旅,津贴
202505095GUE8K,income,2234.20,2025-05-09,外卖,津贴
20250428I6VK32,income,5398.26,2025-04-28,外卖,奖金
20251126GJ9KEC,income,8157.12,2025-11-26,购物,奖金
20250915QVZ27C,income,8793.02,2025-09-15,学习,奖金
202502272N44MP,income,2163.92,2025-02-27,补贴,津贴
20250710FB6KIU,income,6570.51,2025-07-10,加班,工资
202508222OYFV3,income,9648.24,2025-08-22,娱乐,奖金
20251225VV885D,income,1725.68,2025-12-25,外卖,津贴
202503076UO1IM,income,4794.82,2025-03-07,外卖,工资
20251206R9GQOA,income,8835.85,2025-12-06,补贴,津贴
20250716YRXW3S,income,7465.28,2025-07-16,补贴,奖金
202503018QSD0I,income,1801.90,2025-03-01,生活费,工资
20250414P91TBJ,income,5986.28,2025-04-14,差旅,津贴
202508158YV3Q6,income,7796.22,2025-08-15,娱乐,工资
20250610LHKPPA,income,4809.12,2025-06-10,购物,奖金
202512192IWLN8,income,9445.89,2025-12-19,娱乐,津贴
20250506WUOOJ4,income,9194.88,2025-05-06,购物,工资
20250223Q6R2I3,income,9773.08,2025-02-23,差旅,奖金
202504192KASCJ,income,2892.78,2025-04-19,加班,津贴
20251106XBMEGS,income,7652.10,2025-11-06,报销,奖金
202510137Z8KF1,income,954.69,2025-10-13,报销,工资
20250711KH51FM,income,9013.03,2025-07-11,补贴,奖金
20250122WMRVYN,income,2358.18,2025-01-22,补贴,工资
20250101TM1OE5,income,70.82,2025-01-01,娱乐,工资
20250214FCIBI9,income,9731.52,2025-02-14,学习,工资
2025042072DA52,income,6255.69,2025-04-20,购物,奖金
20251019IDAWEM,income,5750.75,2025-10-19,娱乐,奖金
20250705AZVUIO,income,1680.69,2025-07-05,差旅,奖金
20250414SJK0UF,income,5393.48,2025-04-14,外卖,奖金
202512195HVW5L,income,9111.09,2025-12-19,差旅,奖金
2025102780XNC9,income,6805.28,2025-10-27,补贴,津贴
202502245VTV9U,income,4949.35,2025-02-24,报销,津贴
20251103AB5KJJ,income,7483.31,2025-11-03,加班,津贴
20250727Y0WHOA,income,6468.57,2025-07-27,外卖,工资
20251127CGWZSQ,income,4550.33,2025-11-27,差旅,津贴
202501157Z8DKY,income,5712.43,2025-01-15,购物,工资
20250309VS065N,income,8384.66,2025-03-09,正常,津贴
20250924QN4G4J,income,1943.33,2025-09-24,正常,津贴
20251111J9Z93T,income,5254.23,2025-11-11,差旅,工资
20250209VKB2M6,income,7446.64,2025-02-09,外卖,津贴
202502232YLINA,income,2922.41,2025-02-23,娱乐,津贴
20250107DONXBQ,income,8249.50,2025-01-07,学习,工资
20250915CDQPSS,income,8348.24,2025-09-15,正常,奖金
20250205MXH5HS,income,2630.75,2025-02-05,加班,津贴
2025031787M4H7,income,93.78,2025-03-17,补贴,奖金
20250710XOZESL,income,2975.17,2025-07-10,学习,津贴
20250624VOJW5O,income,9977.13,2025-06-24,差旅,津贴
20250924815SHQ,income,7211.20,2025-09-24,差旅,津贴
20250315BLZRO9,income,8375.90,2025-03-15,生活费,奖金
2025042652FPU2,income,888.98,2025-04-26,差旅,工资
20250927JXY8YH,income,5127.58,2025-09-27,报销,奖金
20250405KBTCOA,income,4199.49,2025-04-05,购物,工资
20250711SXRG4C,income,6096.32,2025-07-11,学习,奖金
20250415BYSWGS,income,5964.30,2025-04-15,正常,津贴
20251202V3DV5E,income,1613.86,2025-12-02,差旅,工资
2025071540Q9LS,income,9753.86,2025-07-15,报销,奖金
2025042679ACUD,income,2778.35,2025-04-26,差旅,奖金
20251214G9O321,income,9726.65,2025-12-14,娱乐,工资
20251217MVNDUY,income,7863.37,2025-12-17,生活费,奖金
202511186SFN7P,income,6679.96,2025-11-18,差旅,工资
20250418WCYH85,income,8913.71,2025-04-18,报销,工资
20250228RVXYAZ,income,3625.05,2025-02-28,加班,奖金
20250625RNP1CQ,income,8577.49,2025-06-25,学习,奖金
20250202CJAXYV,income,6498.50,2025-02-02,差旅,奖金
20250315UECEPA,income,2619.32,2025-03-15,娱乐,奖金
20250316HGOL6X,income,6293.34,2025-03-16,外卖,津贴
20250913TFFAJQ,income,3836.95,2025-09-13,差旅,津贴
20251102AB0MDJ,income,9159.99,2025-11-02,报销,奖金
202508053WYQ00,income,2792.35,2025-08-05,补贴,津贴
20250620QEXEEY,income,9649.97,2025-06-20,正常,工资
20250604SNP7RX,income,2694.35,2025-06-04,学习,津贴
2025111368G0HM,income,9835.49,2025-11-13,购物,工资
20250214IL4S3K,income,6289.56,2025-02-14,补贴,奖金
202503137UN9PS,income,3481.06,2025-03-13,报销,工资
20250127X3PDD6,income,3540.28,2025-01-27,差旅,津贴
20251102QE8RC3,income,1229.28,2025-11-02,娱乐,奖金
20251227JOD7NS,income,7483.99,2025-12-27,报销,津贴
20250214NE9RUN,income,3409.74,2025-02-14,购物,工资
20250110DL3J3Y,income,906.62,2025-01-10,生活费,奖金
202509156S3KC5,income,9894.31,2025-09-15,生活费,奖金
20250907EZT71J,income,963.99,2025-09-07,正常,工资
20250528L1LUZU,income,5046.66,2025-05-28,娱乐,津贴
20250107PHFAIQ,income,4704.15,2025-01-07,学习,津贴
202507123YIIPZ,income,235.07,2025-07-12,娱乐,津贴
20250108R7FOJB,income,8994.83,2025-01-08,加班,工资
20250210LTLGDE,income,9346.78,2025-02-10,报销,工资
20250212CNV0IM,income,9757.11,2025-02-12,外卖,奖金
202503174XS7BK,income,6936.31,2025-03-17,生活费,奖金
20251112BVTPPI,income,105.92,2025-11-12,生活费,奖金
20251101FUH95I,income,615.28,2025-11-01,加班,奖金
20250211LVUYF4,income,527.40,2025-02-11,补贴,奖金
20251014YF7BZR,income,101.75,2025-10-14,学习,工资
20250509UCY5JK,income,1237.13,2025-05-09,差旅,奖金
202501279WYG76,income,2210.20,2025-01-27,生活费,津贴
20250103GU7IRI,income,2431.75,2025-01-03,生活费,工资
20250124ZXLZI4,income,9684.49,2025-01-24,购物,奖金
20250418KWEYNR,income,2923.08,2025-04-18,购物,工资
20250306GITI53,income,4632.98,2025-03-06,学习,工资
20250303R9R1LE,income,6640.62,2025-03-03,加班,津贴
202507210FSGVT,income,3103.40,2025-07-21,加班,工资
202502070B6P3F,income,9195.71,2025-02-07,正常,津贴
20251209DM50LO,income,3835.59,2025-12-09,报销,奖金
202508216PM4MF,income,9311.65,2025-08-21,报销,津贴
20250609IV18RO,income,1389.73,2025-06-09,报销,津贴
20250312BJOUBB,income,2480.45,2025-03-12,补贴,津贴
20250505UT9O3F,income,4932.04,2025-05-05,差旅,津贴
20250428MB1ZO8,income,1507.61,2025-04-28,加班,工资
20250314HVL4UZ,income,1772.13,2025-03-14,加班,奖金
20250903MCP0RR,income,1244.03,2025-09-03,购物,奖金
20250128IDNT71,income,3641.38,2025-01-28,生活费,奖金
20250805GR9QQI,income,7708.05,2025-08-05,购物,津贴
20250211B0ESIU,income,3478.62,2025-02-11,加班,津贴
20250113U39BEE,income,335.47,2025-01-13,报销,奖金
202507115OKZXL,income,9447.69,2025-07-11,外卖,奖金
20250423RRN7O6,income,2935.72,2025-04-23,补贴,奖金
202512154OXK29,income,3471.90,2025-12-15,生活费,津贴
20250424CL8Y1Z,income,7663.37,2025-04-24,生活费,工资
202512221RMNQT,income,8359.17,2025-12-22,报销,工资
20251114Y56IZU,income,5175.85,2025-11-14,差旅,奖金
20250526MZHOS3,income,8244.47,2025-05-26,差旅,奖金
20250721ZH5F96,income,3664.13,2025-07-21,补贴,奖金
20251121SB3LQC,income,3964.41,2025-11-21,正常,津贴
20250318HLAFYP,income,7932.28,2025-03-18,正常,工资
20250701GK546Q,income,1917.14,2025-07-01,娱乐,奖金
20251222ZY4MXD,income,6428.47,2025-12-22,学习,津贴
202508285QHFNW,income,2401.60,2025-08-28,报销,工资
20251111OC0B7N,income,5502.15,2025-11-11,购物,津贴
20250513WHNH0W,income,5082.89,2025-05-13,差旅,津贴
20250712K0RD6Y,income,3483.36,2025-07-12,学习,奖金
2025060260O0TN,income,4782.03,2025-06-02,差旅,奖金
2025072211XUXB,income,9713.26,2025-07-22,外卖,工资
20250903NLNXX4,income,8248.46,2025-09-03,正常,津贴
202502160SVPV8,income,9866.59,2025-02-16,购物,奖金
20251028HMH6IV,income,9859.95,2025-10-28,补贴,工资
20251204JR0WBM,income,5794.92,2025-12-04,外卖,工资
20250404Q0HFJ5,income,3563.81,2025-04-04,外卖,工资
20250208GXPZTP,income,3510.97,2025-02-08,补贴,工资
202502068XOEEP,income,1274.80,2025-02-06,加班,奖金
2025030111X2YL,income,3623.80,2025-03-01,加班,津贴
20250521MQZL8X,income,452.46,2025-05-21,娱乐,奖金
20250402B06YHP,income,6849.50,2025-04-02,加班,奖金
20251219AW251F,income,1111.47,2025-12-19,加班,工资
202501162LI2WF,income,3521.69,2025-01-16,学习,津贴
20250622GL5RBT,income,4267.14,2025-06-22,生活费,津贴
20251006DKMEZL,income,250.23,2025-10-06,购物,工资
202505286KL8ZH,income,3754.65,2025-05-28,补贴,奖金
20250228YOZ325,income,7467.07,2025-02-28,生活费,工资
20250322Y07AQE,income,3812.46,2025-03-22,外卖,津贴
20250419JPXK4F,income,2152.85,2025-04-19,生活费,津贴
20251012A074I1,income,9002.07,2025-10-12,购物,工资
20250304K6IG9T,income,3771.40,2025-03-04,报销,津贴
20250219W51FRE,income,1405.63,2025-02-19,加班,奖金
202504059ZUW48,income,4702.41,2025-04-05,正常,津贴
202507083HVNUQ,income,9034.72,2025-07-08,加班,奖金
20250305EX766S,income,7151.17,2025-03-05,外卖,津贴
20250109QS7RLM,income,3821.49,2025-01-09,生活费,奖金
20251114FVDSU2,income,9735.67,2025-11-14,正常,津贴
2025070658D7YH,income,7367.75,2025-07-06,娱乐,工资
20250806TN5ZLJ,income,3776.63,2025-08-06,娱乐,工资
20250826N7GQIZ,income,117.32,2025-08-26,购物,津贴
2025020446BMVY,income,5274.63,2025-02-04,补贴,奖金
202510126OF8KB,income,71.31,2025-10-12,学习,津贴
202503269M0OKV,income,5057.11,2025-03-26,娱乐,奖金
20250122EBTK5H,income,6049.51,2025-01-22,生活费,奖金
20251116E5H9MZ,income,8677.09,2025-11-16,正常,工资
2025041748XYPX,income,2345.37,2025-04-17,补贴,津贴
202512270XIIOW,income,4174.59,2025-12-27,差旅,津贴
20250719UF6BZB,income,7942.98,2025-07-19,外卖,奖金
20250103K740IF,income,3316.89,2025-01-03,娱乐,津贴
20251205GWJAPM,income,4586.34,2025-12-05,娱乐,津贴
2025121042Y4BV,income,112.92,2025-12-10,正常,奖金
20250524P5GEFD,income,8132.19,2025-05-24,差旅,奖金
202504036DNFBK,income,7514.16,2025-04-03,购物,津贴
2025071623DQ8A,income,2973.07,2025-07-16,补贴,奖金
20250616SQ6K4A,income,2023.86,2025-06-16,生活费,工资
2025080538TBSQ,income,5044.17,2025-08-05,加班,工资
20251117W05NCC,income,4565.97,2025-11-17,加班,奖金
202511075EGKAK,income,2928.84,2025-11-07,正常,津贴
20250722KC4A73,income,4221.11,2025-07-22,报销,工资
202504120AY3A9,income,8298.53,2025-04-12,补贴,奖金
20250924DGUNIA,income,5901.57,2025-09-24,学习,奖金
20250115OOEXXE,income,2236.58,2025-01-15,生活费,工资
20251127BKMXU6,income,2488.93,2025-11-27,购物,工资
20250820WLKWS3,income,3698.04,2025-08-20,购物,津贴
20250223X2LNY2,income,8532.96,2025-02-23,差旅,工资
20251115KRJHVH,income,6324.70,2025-11-15,正常,津贴
2025101367XFQR,income,7831.47,2025-10-13,正常,奖金
20251019T5SADD,income,9301.05,2025-10-19,报销,工资
202508011K5OS5,income,2118.39,2025-08-01,加班,奖金
20251102HHZEE9,income,2580.79,2025-11-02,学习,奖金
202512198GI93E,income,4178.53,2025-12-19,报销,津贴
202505030LWRBH,income,612.76,2025-05-03,外卖,奖金
20251007M5Q38C,income,9449.25,2025-10-07,补贴,奖金
20250611ZAJOQU,income,322.53,2025-06-11,娱乐,津贴
20251022EY36J6,income,5485.94,2025-10-22,外卖,津贴
20250823RBUG26,income,8363.84,2025-08-23,生活费,津贴
20250806CI4YT0,income,556.94,2025-08-06,娱乐,津贴
2025110714P2O1,income,8735.41,2025-11-07,差旅,奖金
202503105VVT9F,income,3093.68,2025-03-10,补贴,工资
20250905EOQGDN,income,6430.42,2025-09-05,外卖,工资
20250624B79DX7,income,5210.28,2025-06-24,报销,工资
202502103Y259B,income,9109.83,2025-02-10,正常,奖金
202509177VDLHL,income,1487.20,2025-09-17,报销,工资
20250307ZD7APS,income,4989.13,2025-03-07,生活费,津贴
20250503OREV1R,income,2359.29,2025-05-03,生活费,奖金
20250215OUMZO5,income,856.17,2025-02-15,报销,工资
2025020579WJ1P,income,4110.40,2025-02-05,加班,津贴
20250407COYQ44,income,8498.21,2025-04-07,差旅,工资
20251028WP48PU,income,5968.06,2025-10-28,加班,津贴
20250903T6YC6K,income,8264.97,2025-09-03,差旅,津贴
20250405R41SV1,income,8349.04,2025-04-05,外卖,奖金
20250401YWEV1Z,income,7088.76,2025-04-01,差旅,津贴
20251220FY1OCV,income,9774.72,2025-12-20,外卖,奖金
202507207ZK72K,income,8333.95,2025-07-20,购物,津贴
202510274L2ZRS,income,9151.34,2025-10-27,外卖,工资
202505167MH8S7,income,3076.09,2025-05-16,学习,津贴
2025052407IBMJ,income,1026.31,2025-05-24,外卖,工资
2025071359I5FJ,income,8056.05,2025-07-13,生活费,工资
20250422DZKC3X,income,8085.15,2025-04-22,差旅,奖金
202501066T3W6M,income,5431.28,2025-01-06,外卖,奖金
202505142KB4S5,income,7448.74,2025-05-14,正常,奖金
20251023T41FSW,income,2583.50,2025-10-23,报销,津贴
202508205R9ZL8,income,2999.88,2025-08-20,娱乐,奖金
20251223Q7D8RQ,income,7848.92,2025-12-23,加班,津贴
20250824C25P45,income,8887.62,2025-08-24,报销,奖金
202502129I9JWO,income,6528.65,2025-02-12,补贴,津贴
20251211F1N2QW,income,4632.18,2025-12-11,外卖,津贴
20250409XPJMWH,income,6933.26,2025-04-09,娱乐,工资
202503230GJMFB,income,1038.55,2025-03-23,外卖,工资
20250107JCDAJH,income,6450.48,2025-01-07,生活费,工资
20251018810TSG,income,5860.70,2025-10-18,购物,工资
2025080886Q03G,income,4242.43,2025-08-08,差旅,工资
2025041348R9NB,income,8359.45,2025-04-13,外卖,工资
20250908MLLLUJ,income,7258.13,2025-09-08,正常,工资
202509040TYQXX,income,900.82,2025-09-04,正常,奖金
20250701LS6KSW,income,5934.38,2025-07-01,娱乐,工资
2025112647IUXT,income,8183.30,2025-11-26,报销,津贴
202506039DX2DE,income,3163.29,2025-06-03,正常,奖金
20250514FNZHBI,income,8184.80,2025-05-14,补贴,津贴
20250601IOW7VI,income,3316.88,2025-06-01,学习,奖金
20250304ZQMSSH,income,7642.11,2025-03-04,报销,奖金
20251112FP4DCS,income,9347.08,2025-11-12,差旅,工资
202507126C61FU,income,2458.78,2025-07-12,差旅,津贴
202510025PCJQ1,income,3878.36,2025-10-02,购物,工资
20250326DS7FY7,income,7002.91,2025-03-26,正常,津贴
202501033IGJ7N,income,5916.87,2025-01-03,加班,津贴
20250328Q3ETKT,income,9568.49,2025-03-28,补贴,工资
202507163ILITT,income,5731.57,2025-07-16,外卖,津贴
202506037EWI8L,income,5207.24,2025-06-03,报销,津贴
202511085ACF9R,income,9719.51,2025-11-08,外卖,工资
20250219T7YRXB,income,8713.59,2025-02-19,娱乐,奖金
20251128DFPIIX,income,7456.80,2025-11-28,生活费,奖金
20251218NVR0NG,income,1566.52,2025-12-18,正常,津贴
202505101LZ5SU,income,4897.27,2025-05-10,购物,奖金
20251001C8DS5F,income,6285.72,2025-10-01,学习,津贴
202509155ZYYWM,income,3825.43,2025-09-15,差旅,工资
20250324HVF650,income,8773.58,2025-03-24,差旅,津贴
20251115WK767Y,income,9136.27,2025-11-15,购物,奖金
202501289413RL,income,688.42,2025-01-28,外卖,津贴
20250318FRXEQM,income,2976.83,2025-03-18,正常,工资
20250711I9DPG6,income,252.51,2025-07-11,正常,奖金
20251228EN6G53,income,7333.20,2025-12-28,报销,奖金
20250311L37YW9,income,3902.94,2025-03-11,报销,津贴
20250213VH41QT,income,9219.80,2025-02-13,报销,奖金
20250703UAWJGK,income,6252.06,2025-07-03,娱乐,奖金
20250728IZTAWE,income,1146.62,2025-07-28,生活费,工资
20250807TCGBXE,income,2815.33,2025-08-07,加班,工资
20250523M5BHM8,income,7897.84,2025-05-23,购物,工资
202503231ZBBH3,income,4858.73,2025-03-23,学习,奖金
20250917V9HSMK,income,2596.51,2025-09-17,学习,奖金
20250704PO4HVM,income,4995.28,2025-07-04,外卖,工资
20251023FT55KO,income,4027.20,2025-10-23,外卖,工资
202512245ED8PF,income,2884.07,2025-12-24,正常,奖金
20250520TMGTT4,income,2321.53,2025-05-20,生活费,津贴
20250612651WBY,income,341.94,2025-06-12,外卖,工资
20250919WAMT7S,income,1822.20,2025-09-19,差旅,奖金
2025081157TD9E,income,6337.24,2025-08-11,生活费,工资
20251211V5YMBZ,income,2730.80,2025-12-11,补贴,奖金
20250809FE4NIY,income,954.29,2025-08-09,补贴,津贴
20250424F1WUY2,income,3502.14,2025-04-24,学习,工资
202503137UGUGJ,income,2276.00,2025-03-13,购物,奖金
202512213JJA06,income,6976.54,2025-12-21,生活费,奖金
20250213WD3L73,income,8210.05,2025-02-13,购物,奖金
20250602RGGL7K,income,8771.43,2025-06-02,娱乐,奖金
202504091YD444,income,4952.77,2025-04-09,购物,工资
20250903KFSM13,income,5905.34,2025-09-03,正常,工资
20251203YA3KZ7,income,8197.21,2025-12-03,外卖,工资
20250114O03GC1,income,8254.95,2025-01-14,外卖,津贴
202502152DZ4ZD,income,915.25,2025-02-15,加班,奖金
202503277K7Q7V,income,5491.79,2025-03-27,学习,工资
20251022QI0FCL,income,6469.96,2025-10-22,补贴,奖金
20251227LZIEZC,income,9436.69,2025-12-27,补贴,津贴
20250121D3IA70,income,6997.78,2025-01-21,差旅,奖金
20251011UBEVRE,income,9334.91,2025-10-11,加班,工资
20250704TI3FAE,income,5697.18,2025-07-04,差旅,工资
202502035FX9S6,income,2992.25,2025-02-03,补贴,工资
20251105BKJVAU,income,409.94,2025-11-05,报销,工资
20250118SL83T9,income,9477.96,2025-01-18,购物,津贴
20251015IC1RLO,income,3535.26,2025-10-15,加班,奖金
20250917J5KCA9,income,8011.78,2025-09-17,加班,工资
20251111007EO0,income,1634.12,2025-11-11,购物,奖金
20250928MQILJY,income,7444.31,2025-09-28,差旅,工资
20251223DMPV4R,income,8815.22,2025-12-23,补贴,奖金
20250108347505,income,2567.64,2025-01-08,差旅,奖金
202510189W5VZS,income,3998.97,2025-10-18,生活费,奖金
2025121356AL9U,income,962.64,2025-12-13,娱乐,津贴
20250816O7RROE,income,7021.22,2025-08-16,补贴,津贴
202503248FRYIZ,income,7654.31,2025-03-24,学习,奖金
20250214XSUCXA,income,1524.68,2025-02-14,差旅,工资
20250721P74KVS,income,9206.04,2025-07-21,外卖,工资
20251226G5PWJK,income,46.13,2025-12-26,学习,津贴
20251119MEJ6EB,income,566.75,2025-11-19,购物,奖金
20250622J3ZH9Q,income,3672.12,2025-06-22,购物,津贴
20250411GDC9UO,income,8084.28,2025-04-11,购物,奖金
20250207SNYJBT,income,1521.84,2025-02-07,正常,奖金
20251111XGY9R9,income,30.83,2025-11-11,报销,工资
20250106D5WDKQ,income,2661.17,2025-01-06,学习,津贴
20250513PTY97E,income,3880.12,2025-05-13,学习,工资
20250502TRGF3D,income,5934.15,2025-05-02,娱乐,奖金
20250605WIUMP9,income,6592.91,2025-06-05,加班,津贴
20250316PI8OHD,income,4384.76,2025-03-16,生活费,工资
20250805P5R7MN,income,9001.01,2025-08-05,补贴,津贴
202501055TOLMM,income,3097.39,2025-01-05,生活费,津贴
20250727JHRPU9,income,2392.91,2025-07-27,购物,津贴
20251102XWEDCV,income,6442.68,2025-11-02,报销,工资
20250516NW8H5F,income,70.20,2025-05-16,差旅,工资
202511069DET4I,income,5694.19,2025-11-06,报销,奖金
20250808PINBKX,income,4826.54,2025-08-08,购物,奖金
20251205GCEPNX,income,5133.81,2025-12-05,补贴,奖金
20251205LYEQJY,income,9946.61,2025-12-05,报销,工资
20251128WJ8VVO,income,9940.71,2025-11-28,加班,奖金
20250822NCO2EA,income,6375.56,2025-08-22,补贴,工资
20250118O7FESK,income,8941.26,2025-01-18,购物,津贴
20250502CQ3F3M,income,3770.85,2025-05-02,加班,津贴
202501143NJW9U,income,8701.04,2025-01-14,娱乐,奖金
202509176O87GU,income,8055.17,2025-09-17,补贴,奖金
202510226G5VI3,income,1031.95,2025-10-22,购物,工资
2025100798996X,income,9477.94,2025-10-07,生活费,津贴
20250901U8RQWO,income,659.92,2025-09-01,报销,工资
20250328SANR8A,income,1198.95,2025-03-28,补贴,津贴
20250425Y3WWAT,income,5331.96,2025-04-25,加班,津贴
20250113JQ4LMX,income,3761.38,2025-01-13,购物,津贴
202511217FZI26,income,3756.35,2025-11-21,正常,工资
20250410OVC8S6,income,3610.41,2025-04-10,学习,工资
202510091D2ASH,income,7572.35,2025-10-09,加班,津贴
20250519ZCBRL8,income,6275.04,2025-05-19,外卖,津贴
20250506R3CH9Z,income,6869.47,2025-05-06,学习,奖金
20250720FJWQE3,income,1890.27,2025-07-20,学习,奖金
20251110DZZMIE,income,3413.93,2025-11-10,生活费,津贴
20250917AXOY0F,income,7510.51,2025-09-17,正常,工资
202501102TH5UV,income,5449.86,2025-01-10,学习,奖金
20251016ESN9FM,income,2503.12,2025-10-16,补贴,工资
202501128NPWE4,income,1533.25,2025-01-12,购物,津贴
20250804C04OLI,income,161.02,2025-08-04,正常,津贴
20251208CXOEUZ,income,1881.91,2025-12-08,生活费,津贴
2025120781VW1G,income,4197.73,2025-12-07,购物,奖金
20250614N9WMO5,income,5899.21,2025-06-14,外卖,工资
20250411ZQ1M8A,income,7636.07,2025-04-11,生活费,津贴
20250225HNGNV0,income,1428.14,2025-02-25,外卖,工资
20250804K9660C,income,7313.67,2025-08-04,加班,津贴
20251015SXSQWX,income,4121.92,2025-10-15,外卖,奖金
20250726AR134P,income,7146.44,2025-07-26,加班,工资
202511103RQALJ,income,9951.77,2025-11-10,正常,工资
2025080377U02Z,income,1467.02,2025-08-03,报销,工资
20250803NG95OC,income,8283.83,2025-08-03,补贴,工资
20250924XQ3NF9,income,279.50,2025-09-24,购物,工资
20250414P575MT,income,6893.80,2025-04-14,购物,奖金
20250802NB81LW,income,4780.09,2025-08-02,正常,奖金
20251018YRJZMJ,income,1551.60,2025-10-18,差旅,津贴
20250907CX1VYV,income,8106.01,2025-09-07,购物,津贴
20250111UBUDMN,income,6183.50,2025-01-11,购物,奖金
20250108ZTS59Z,income,8616.59,2025-01-08,正常,工资
20250801RGNL9I,income,9086.55,2025-08-01,差旅,奖金
20251214YMGZVL,income,5483.82,2025-12-14,学习,津贴
20251004GQD0GM,income,8163.34,2025-10-04,生活费,工资
202511161AZWV8,income,2107.82,2025-11-16,补贴,工资
202502235X499Q,income,888.65,2025-02-23,差旅,津贴
2025050168C3Z3,income,3052.50,2025-05-01,学习,奖金
20250706EKPB8J,income,2687.68,2025-07-06,报销,奖金
20251201ICWTNV,income,7710.63,2025-12-01,外卖,奖金
20251001FWLDMG,income,3114.91,2025-10-01,差旅,奖金
20250907FGKD8H,income,6282.09,2025-09-07,学习,工资
20250818TMMZTA,income,9013.46,2025-08-18,补贴,津贴
202511267O5KPM,income,2178.12,2025-11-26,报销,津贴
20250811C26ZTE,income,5994.46,2025-08-11,购物,工资
20250917LGFA5Y,income,3084.56,2025-09-17,学习,奖金
20250124ZBESWL,income,776.69,2025-01-24,加班,奖金
20250322672UEF,income,354.11,2025-03-22,生活费,工资
20250312SP66QE,income,3527.25,2025-03-12,娱乐,津贴
20251103HH9C8B,income,4097.40,2025-11-03,正常,工资
20251104WTH3RO,income,1556.93,2025-11-04,报销,津贴
20251013JTCR9F,income,6628.29,2025-10-13,学习,津贴
20251016F11B0A,income,3261.49,2025-10-16,购物,津贴
20250128KE48XA,income,7605.41,2025-01-28,购物,工资
202511128CGLRG,income,5792.37,2025-11-12,娱乐,津贴
20251127WP8RHB,income,4728.44,2025-11-27,加班,奖金
20251103DR9F23,income,9517.39,2025-11-03,生活费,奖金
2025010191FKY6,income,8683.40,2025-01-01,正常,工资
20251110C2SIO4,income,4606.89,2025-11-10,生活费,奖金
20250406FTWXYS,income,2853.33,2025-04-06,补贴,奖金
20250428Y44IOG,income,6744.69,2025-04-28,加班,工资
20250817G6W867,income,5986.59,2025-08-17,差旅,奖金
20250417YC7ZX6,income,4552.22,2025-04-17,娱乐,工资
2025061189XDXG,income,6433.27,2025-06-11,生活费,工资
20250201XKUB30,income,7588.89,2025-02-01,学习,奖金
20251225GG9V57,income,307.56,2025-12-25,报销,工资
20250311WGVHYL,income,5588.27,2025-03-11,生活费,奖金
20250406SUQF82,income,1257.47,2025-04-06,购物,奖金
20250808E2EYWM,income,3123.38,2025-08-08,学习,津贴
20250212V31A40,income,2400.98,2025-02-12,外卖,津贴
20250815XFU30X,income,9919.26,2025-08-15,外卖,津贴
202508134JVYF9,income,2707.39,2025-08-13,学习,工资
202507107DRVXS,income,9410.25,2025-07-10,生活费,津贴
202505069EOXK3,income,9893.20,2025-05-06,购物,津贴
20250215Q0PRKQ,income,9107.96,2025-02-15,正常,津贴
20250308DXEWPD,income,514.08,2025-03-08,报销,津贴
202505046GPBD0,income,3222.45,2025-05-04,购物,津贴
20250620JBFMSP,income,1050.21,2025-06-20,正常,奖金
202506218H0E6M,income,9844.43,2025-06-21,补贴,工资
20250505TKQO0Q,income,4481.65,2025-05-05,娱乐,津贴
20250505TA6MCF,income,1343.73,2025-05-05,生活费,工资
20250212SME6EI,income,1773.31,2025-02-12,正常,津贴
20250816XZZWV3,income,3854.86,2025-08-16,生活费,奖金
20251008IO4VN6,income,5460.02,2025-10-08,娱乐,奖金
20250208MHI58T,income,5416.62,2025-02-08,外卖,工资
20250408XWK8CM,income,2218.92,2025-04-08,加班,津贴
202509028S5BU5,income,8167.85,2025-09-02,补贴,奖金
202512035FBDUA,income,2397.14,2025-12-03,补贴,工资
20251209QA6WAI,income,3507.22,2025-12-09,购物,津贴
20250119PKXYE1,income,3093.81,2025-01-19,购物,津贴
20250115EG5VVC,income,6849.39,2025-01-15,报销,奖金
20251106823U3B,income,8020.54,2025-11-06,差旅,津贴
20250724PU8H4D,income,3824.96,2025-07-24,正常,津贴
202503216YILTO,income,333.06,2025-03-21,购物,奖金
202511165JYPPY,income,919.63,2025-11-16,正常,工资
20251206DJN55Z,income,268.04,2025-12-06,正常,奖金
20251227J6FRUP,income,469.10,2025-12-27,学习,津贴
20251109RZ2VYI,income,1882.88,2025-11-09,外卖,工资
20250803QEPJ1B,income,9870.92,2025-08-03,正常,奖金
202508202HGZ3O,income,9491.01,2025-08-20,娱乐,津贴
20250827VQ8VBZ,income,1014.14,2025-08-27,学习,工资
20250701XRLVYP,income,3199.36,2025-07-01,外卖,奖金
202508202XF63E,income,9828.26,2025-08-20,报销,奖金
20250221GBPNEK,income,1185.32,2025-02-21,娱乐,工资
202508090BY7NG,income,685.22,2025-08-09,购物,奖金
20250511UW60OC,income,5863.78,2025-05-11,学习,津贴
20250704CP01DZ,income,3347.79,2025-07-04,娱乐,奖金
2025010275F2NB,income,9958.93,2025-01-02,差旅,工资
20250216JCPW4V,income,9378.32,2025-02-16,学习,奖金
20250308GT4VSE,income,9322.43,2025-03-08,正常,津贴
20250226YEAG61,income,6830.99,2025-02-26,加班,奖金
20250420KN8RRV,income,9711.03,2025-04-20,学习,津贴
20250708RKQ68A,income,2099.95,2025-07-08,正常,津贴
20250119FPNBO2,income,2199.72,2025-01-19,报销,工资
20250409RSZOR0,income,4129.08,2025-04-09,正常,工资
20250504HWDSUJ,income,5089.68,2025-05-04,正常,奖金
20250811XVGG5E,income,1530.01,2025-08-11,购物,津贴
20250702KADFHF,income,5946.34,2025-07-02,生活费,奖金
20250718ZUPCV1,income,6755.67,2025-07-18,生活费,津贴
20250727LQV5IA,income,27.28,2025-07-27,生活费,津贴
20250306VZ0TDG,income,5693.20,2025-03-06,差旅,奖金
20250910NVW1XV,income,454.84,2025-09-10,外卖,奖金
20250501Q1JV53,income,5446.90,2025-05-01,外卖,工资
20250825149D83,income,1430.58,2025-08-25,生活费,工资
20250703GB2MR2,income,6664.98,2025-07-03,购物,奖金
202502063OMXCM,income,3835.36,2025-02-06,外卖,工资
202504231M4VQC,income,2884.37,2025-04-23,加班,奖金
20250121GDV2CP,income,3383.32,2025-01-21,生活费,津贴
20250320E7P8IO,income,7987.94,2025-03-20,生活费,津贴
20251011600SX3,income,5104.47,2025-10-11,生活费,奖金
20251112VCGFV7,income,8098.70,2025-11-12,报销,工资
20250513TJIJBN,income,6890.95,2025-05-13,学习,津贴
20250828V5H1R3,income,5153.17,2025-08-28,补贴,工资
202508079YRP4Z,income,1608.65,2025-08-07,购物,工资
20251105A7L0MG,income,5423.22,2025-11-05,正常,奖金
20250617K7Z80F,income,9271.24,2025-06-17,外卖,工资
20251108MMEQ3I,income,4205.13,2025-11-08,生活费,津贴
202501058ZWM2Q,income,5359.82,2025-01-05,学习,津贴
20250714DO8V5K,income,1957.22,2025-07-14,正常,津贴
20250103PB6PJ4,income,1215.90,2025-01-03,加班,奖金
20250506U2IRCM,income,1933.34,2025-05-06,学习,奖金
20250814JQHH5Q,income,1708.52,2025-08-14,补贴,奖金
20250128NF0X76,income,5397.19,2025-01-28,差旅,奖金
2025021995NPQ8,income,9135.54,2025-02-19,外卖,津贴
20250710X2LO78,income,8706.13,2025-07-10,娱乐,奖金
20250908EV9CWR,income,592.68,2025-09-08,娱乐,工资
20250402UJZJDI,income,638.63,2025-04-02,报销,工资
20250919R7PEM8,income,3786.45,2025-09-19,学习,工资
20250728TQG0XS,income,7109.56,2025-07-28,娱乐,工资
20251025ZMZJLW,income,9236.53,2025-10-25,差旅,津贴
20250818KPGX0R,income,8917.18,2025-08-18,加班,奖金
202508029M0RXU,income,3441.63,2025-08-02,购物,津贴
20250602X01LV1,income,8810.74,2025-06-02,报销,津贴
20250619SA80FB,income,7166.57,2025-06-19,正常,奖金
2025012783ZF6T,income,6620.79,2025-01-27,差旅,工资
20251108XCX6BX,income,3038.95,2025-11-08,加班,奖金
20250413UHH93U,income,8271.64,2025-04-13,加班,奖金
20250516SGP2ZI,income,7547.24,2025-05-16,差旅,工资
20250527GADGZ4,income,4254.40,2025-05-27,娱乐,奖金
20251103P236HR,income,7235.17,2025-11-03,购物,奖金
202512275DN39O,income,7852.33,2025-12-27,购物,奖金
20250215N8ZGCY,income,8676.51,2025-02-15,补贴,奖金
202502251XCTP1,income,8528.74,2025-02-25,外卖,津贴
20250126GFLL6T,income,1806.96,2025-01-26,购物,津贴
20250917B8LMFD,income,1043.39,2025-09-17,正常,工资
20251003BC3RNP,income,7068.55,2025-10-03,生活费,工资
20250615QGUVCT,income,6496.56,2025-06-15,报销,津贴
2025122849ZDG3,income,3158.49,2025-12-28,娱乐,工资
2025032152GFUR,income,2464.44,2025-03-21,补贴,津贴
202506090RRC0A,income,6286.32,2025-06-09,正常,工资
20251112IHKBE1,income,6280.03,2025-11-12,报销,奖金
20251112JAJN4Q,income,6621.55,2025-11-12,学习,工资
202508191AIWH9,income,7544.83,2025-08-19,生活费,奖金
20250509GB1F1K,income,3314.99,2025-05-09,外卖,津贴
20250310V3ILZV,income,3338.21,2025-03-10,补贴,奖金
20250505T7OOY4,income,9023.33,2025-05-05,报销,工资
20251219KIGP82,income,109.46,2025-12-19,外卖,工资
20251207DM5J9V,income,7576.05,2025-12-07,报销,津贴
20250215CR06AY,income,8468.11,2025-02-15,补贴,津贴
20250406SO1B7S,income,3424.23,2025-04-06,正常,工资
20250308UEHG4D,income,2439.90,2025-03-08,加班,奖金
20250614HNO5FE,income,3193.19,2025-06-14,正常,工资
20250414I848UK,income,2956.06,2025-04-14,娱乐,奖金
20250705F7D07I,income,8721.58,2025-07-05,补贴,工资
202502080BRPIX,income,986.50,2025-02-08,补贴,津贴
20251018JM7ZHX,income,4044.52,2025-10-18,生活费,津贴
20250810DXQFAO,income,1252.72,2025-08-10,补贴,奖金
20250911AT9S6F,income,490.92,2025-09-11,补贴,津贴
20250613YM5LEC,income,534.33,2025-06-13,学习,津贴
2025040115LWHF,income,4574.82,2025-04-01,学习,工资
202505042OTN5W,income,5942.05,2025-05-04,学习,津贴
20251221O91VVW,income,8207.53,2025-12-21,报销,津贴
20250525TZNVUT,income,144.51,2025-05-25,学习,津贴
20250116BD532U,income,1415.22,2025-01-16,正常,工资
20250404JF3INK,income,4135.55,2025-04-04,加班,工资
20250711G5L8VW,income,158.26,2025-07-11,生活费,工资
20250808SWE11Q,income,1069.09,2025-08-08,生活费,工资
20250701KG9DJ7,income,4746.36,2025-07-01,加班,工资
20251114ED58ZO,income,1110.50,2025-11-14,学习,津贴
20250515L0MLPV,income,8125.41,2025-05-15,补贴,津贴
20250404D6MH4Q,income,7622.91,2025-04-04,学习,津贴
20251127BHACEW,income,9044.08,2025-11-27,报销,工资
2025020450FMVF,income,908.29,2025-02-04,差旅,奖金
20251213JL2KJ5,income,7263.44,2025-12-13,娱乐,工资
20250111VD91AT,income,19.60,2025-01-11,娱乐,奖金
20251122D0YJKK,income,2570.13,2025-11-22,生活费,奖金
202501137R1XTJ,income,9933.52,2025-01-13,娱乐,工资
20250326Q3HX45,income,2847.15,2025-03-26,报销,奖金
20251110VGBHUS,income,1715.26,2025-11-10,生活费,津贴
20250823D6ZQFU,income,2638.13,2025-08-23,差旅,奖金
20251110I21FN9,income,6596.97,2025-11-10,生活费,津贴
20250520WQMPEC,income,3347.05,2025-05-20,正常,津贴
202504223CO7T2,income,5488.63,2025-04-22,加班,工资
202509250VQT57,income,121.54,2025-09-25,外卖,津贴
20250312EUSUOR,income,4057.91,2025-03-12,外卖,奖金
20250528WW8B0E,income,3096.72,2025-05-28,生活费,工资
20251205L5XKNJ,income,9343.02,2025-12-05,补贴,津贴
20251127CW220N,income,9361.57,2025-11-27,正常,奖金
202511148SZ2WN,income,637.07,2025-11-14,购物,津贴
20250825NWV9A2,income,1642.81,2025-08-25,加班,工资
20250608BZJRXR,income,5692.73,2025-06-08,差旅,奖金
20251203N4FOD3,income,8435.74,2025-12-03,学习,津贴
20251205XATE6R,income,4251.10,2025-12-05,差旅,津贴
20250726ZHP5WQ,income,9980.54,2025-07-26,正常,奖金
202512143F6T50,income,7729.81,2025-12-14,生活费,奖金
20250123OSQBSI,income,1224.26,2025-01-23,报销,津贴
20250102QTFG90,income,6952.97,2025-01-02,差旅,奖金
202503031OYAYA,income,9291.16,2025-03-03,加班,津贴
2025072240IG90,income,2910.17,2025-07-22,外卖,奖金
2025121270K7E1,income,2419.78,2025-12-12,购物,津贴
20250418NTTG4I,income,4226.26,2025-04-18,学习,工资
202507058ILYXI,income,2254.10,2025-07-05,加班,工资
20250215E3MIKS,income,6976.40,2025-02-15,加班,工资
202507223UYHBG,income,1440.46,2025-07-22,正常,奖金
202511084JI8F6,income,4835.68,2025-11-08,加班,津贴
202510251APFUZ,income,886.45,2025-10-25,外卖,奖金
20251109C50L17,income,13.99,2025-11-09,加班,奖金
20251209C53DYT,income,6757.20,2025-12-09,正常,津贴
20250121BK38J2,income,573.20,2025-01-21,差旅,工资
202503086I7D1H,income,8225.94,2025-03-08,补贴,奖金
202506086BKVKF,income,2149.97,2025-06-08,生活费,津贴
20251216F5U42F,income,5922.03,2025-12-16,加班,工资
202512091Q3S8E,income,5982.95,2025-12-09,差旅,津贴
20250822HLP05M,income,7858.27,2025-08-22,加班,奖金
20251027VC6IGY,income,2066.23,2025-10-27,外卖,奖金
202509219EPFXD,income,9571.92,2025-09-21,正常,津贴
20250901TUA8Q4,income,6668.38,2025-09-01,差旅,奖金
202504228CM7E7,income,8649.71,2025-04-22,生活费,津贴
20250225DC2ZOW,income,3559.25,2025-02-25,正常,奖金
20250413UDL8WJ,income,7388.16,2025-04-13,补贴,奖金
20251226KKHY7V,income,9512.86,2025-12-26,购物,工资
20250627AOUVSA,income,7040.30,2025-06-27,娱乐,津贴
20251022JC6AUO,income,1554.11,2025-10-22,娱乐,津贴
20250726EWQFVS,income,9515.89,2025-07-26,学习,工资
20250615WEOZ7H,income,1838.41,2025-06-15,差旅,工资
20250407GX7DR8,income,3034.63,2025-04-07,学习,奖金
20250425T20CEM,income,3932.05,2025-04-25,娱乐,工资
20250107WA6M4S,income,8632.49,2025-01-07,报销,工资
202501067HX9OW,income,1554.12,2025-01-06,生活费,奖金
20250523GILFPU,income,4628.19,2025-05-23,补贴,津贴
20250410O05MMO,income,8743.17,2025-04-10,娱乐,工资
20251021BI6AS3,income,4743.55,2025-10-21,补贴,奖金
20250806U5QT1U,income,1011.31,2025-08-06,报销,工资
202508113A3FAR,income,918.15,2025-08-11,报销,工资
202505248D0UZV,income,1918.36,2025-05-24,外卖,奖金
20251207LPT3F8,income,866.75,2025-12-07,购物,工资
20250428K1FYHQ,income,6347.57,2025-04-28,购物,奖金
20250312NGSXQL,income,2594.74,2025-03-12,外卖,奖金
20250622CTK47K,income,8343.62,2025-06-22,娱乐,奖金
202510228ONJYY,income,3026.25,2025-10-22,生活费,津贴
20250525SU5969,income,7707.05,2025-05-25,报销,津贴
202501051NKTNY,income,8163.29,2025-01-05,外卖,津贴
20251024964VMR,income,7267.95,2025-10-24,加班,奖金
20250424671G83,income,806.10,2025-04-24,娱乐,津贴
20250808KZIZUG,income,1153.55,2025-08-08,购物,津贴
20250108SN5CW4,income,9213.18,2025-01-08,报销,津贴
20250227FSM26Z,income,7834.03,2025-02-27,娱乐,工资
20250406KJZMKG,income,8008.36,2025-04-06,外卖,工资
20250720CFZVLH,income,4964.53,2025-07-20,加班,工资
202510286L97C4,income,1378.42,2025-10-28,购物,奖金
2025061597HI0W,income,2242.42,2025-06-15,补贴,工资
20250909RM3PAY,income,3262.38,2025-09-09,正常,奖金
20250914RWHREP,income,3637.83,2025-09-14,加班,工资
20250925QJNGYY,income,7898.51,2025-09-25,生活费,工资
20250410I8552I,income,7624.98,2025-04-10,购物,工资
20250723JRFGRL,income,662.25,2025-07-23,加班,工资
202507029WW7GJ,income,527.89,2025-07-02,购物,工资
20251108WF98ST,income,9656.64,2025-11-08,外卖,津贴
202509115P5ULM,income,7492.61,2025-09-11,生活费,工资
20250102YW7SI9,income,295.14,2025-01-02,学习,津贴
20250813KD8GMN,income,2166.96,2025-08-13,加班,津贴
20250510FOHK3C,income,762.85,2025-05-10,外卖,奖金
202506057YYMDG,income,5480.20,2025-06-05,补贴,工资
202512282T6CYS,income,8309.54,2025-12-28,外卖,奖金
20251007M0ETG2,income,4586.61,2025-10-07,加班,奖金
202506137O6OXG,income,5032.52,2025-06-13,加班,工资
20250519X3B8TT,income,6175.36,2025-05-19,补贴,工资
20250122QAL6B6,income,3740.33,2025-01-22,购物,津贴
20250809MPSALT,income,2356.58,2025-08-09,生活费,奖金
20250504987TBQ,income,3762.27,2025-05-04,娱乐,津贴
20250618XIIPFA,income,337.27,2025-06-18,外卖,奖金
202512282ZEDUV,income,8578.65,2025-12-28,购物,工资
20250314BZ0IZN,income,934.63,2025-03-14,正常,奖金
202501175K1JW0,income,5237.72,2025-01-17,外卖,工资
202508080VW8W8,income,6972.24,2025-08-08,差旅,奖金
20250421Q8F9ZX,income,9272.61,2025-04-21,补贴,奖金
20250301WVX5VW,income,5534.75,2025-03-01,加班,津贴
20250813Y5G5ZT,income,9638.88,2025-08-13,报销,奖金
20251005MRUS5Y,income,7595.77,2025-10-05,差旅,津贴
20250426B0LJY2,income,9384.26,2025-04-26,购物,工资
20250707UK9B2B,income,7058.18,2025-07-07,购物,工资
202506095EAUPT,income,3892.57,2025-06-09,差旅,津贴
202507282UH255,income,81.72,2025-07-28,外卖,工资
202502227FAQ9G,income,647.49,2025-02-22,学习,津贴
202512120VO8CK,income,9108.61,2025-12-12,加班,奖金
20251110IRDBRP,income,4056.09,2025-11-10,加班,津贴
20250605A7UG60,income,8366.59,2025-06-05,生活费,工资
20250706JRQINK,income,5459.48,2025-07-06,正常,工资
20250321ZHU3TH,income,3149.29,2025-03-21,正常,奖金
20250824P7MQF6,income,9863.05,2025-08-24,购物,工资
20250323KHWSES,income,5703.04,2025-03-23,学习,津贴
20250525UTQYH9,income,1652.29,2025-05-25,购物,奖金
2025111456JWL0,income,7972.57,2025-11-14,正常,津贴
202507013RXDON,income,8989.15,2025-07-01,差旅,津贴
20250926XDT81Q,income,6736.74,2025-09-26,娱乐,奖金
202506127EBVY9,income,1390.07,2025-06-12,补贴,工资
20250816YZYW51,income,6567.28,2025-08-16,补贴,奖金
20250702GO9HY8,income,4658.21,2025-07-02,外卖,工资
20250313E3TDSX,income,2004.30,2025-03-13,差旅,工资
20250614H22U7M,income,2204.74,2025-06-14,补贴,津贴
202512278MR4A5,income,527.44,2025-12-27,差旅,奖金
202502193BGORH,income,8087.53,2025-02-19,生活费,奖金
202508168YRHRQ,income,7322.64,2025-08-16,加班,工资
20250927Q9B5O8,income,7972.50,2025-09-27,生活费,奖金
20250119JNEPT5,income,9775.15,2025-01-19,正常,津贴
20250825W5D7YW,income,1144.39,2025-08-25,补贴,津贴
20250709Y7A84M,income,7409.12,2025-07-09,加班,津贴
20250827S7WUND,income,2664.29,2025-08-27,生活费,工资
20250506CNFGI7,income,6741.81,2025-05-06,学习,津贴
20250626F0EM05,income,9787.83,2025-06-26,学习,工资
202508025K4H6J,income,3587.43,2025-08-02,外卖,津贴
20251219TMSBTQ,income,2978.82,2025-12-19,学习,奖金
20250723QFQ8JB,income,7286.07,2025-07-23,正常,奖金
20250710CF987T,income,9134.33,2025-07-10,生活费,津贴
20250103V7PQ99,income,2388.56,2025-01-03,差旅,工资
20250305A7PY7D,income,5718.79,2025-03-05,正常,津贴
20250322Y7YTXT,income,3651.04,2025-03-22,报销,奖金
20250307X7G3B9,income,6491.90,2025-03-07,差旅,津贴
20250603GVQE7V,income,5747.83,2025-06-03,学习,津贴
20250727CRSRSJ,income,5651.97,2025-07-27,娱乐,奖金
20251001M2X4SD,income,8185.51,2025-10-01,学习,津贴
20251220IDGTIY,income,5526.39,2025-12-20,报销,工资
20251014KKS7A5,income,7542.90,2025-10-14,差旅,工资
20250103DKP63H,income,2256.31,2025-01-03,报销,奖金
20250827PWKL6N,income,8395.51,2025-08-27,补贴,津贴
20251216NY9P11,income,8460.46,2025-12-16,学习,奖金
202509078FQBVJ,income,6656.79,2025-09-07,外卖,津贴
20251226JNQSMD,income,3521.79,2025-12-26,学习,奖金
202510183K1K7E,income,1225.56,2025-10-18,补贴,奖金
20251015QNGCND,income,9892.31,2025-10-15,学习,工资
20250114GN3Z2Z,income,253.20,2025-01-14,报销,工资
20250728ONW3XD,income,8098.57,2025-07-28,娱乐,津贴
202506136W9EJJ,income,5964.76,2025-06-13,差旅,工资
2025010193E851,income,4208.30,2025-01-01,购物,津贴
20250217N64NNJ,income,3619.72,2025-02-17,差旅,津贴
20251121QP0SXX,income,6074.42,2025-11-21,补贴,奖金
20250206S134BX,income,998.75,2025-02-06,补贴,津贴
20250405YECIUS,income,8924.71,2025-04-05,外卖,奖金
20251006CYI4N7,income,5009.64,2025-10-06,外卖,津贴
20250804YMHOWT,income,9832.83,2025-08-04,购物,工资
20250219ASU8OO,income,5493.68,2025-02-19,正常,津贴
20250106P0K5PA,income,5292.29,2025-01-06,正常,奖金
20250201IBSVBH,income,1187.95,2025-02-01,购物,津贴
20250414EJHN2R,income,2151.93,2025-04-14,正常,工资
20250927EJLW0A,income,2239.98,2025-09-27,学习,奖金
20250311WUIQ8I,income,1249.44,2025-03-11,差旅,工资
20250817J6EIXH,income,8667.43,2025-08-17,生活费,津贴
20250418MP9JPU,income,3820.39,2025-04-18,学习,工资
20250921UAWCFC,income,4117.68,2025-09-21,补贴,奖金
20250515723GX9,income,3443.00,2025-05-15,补贴,津贴
20251123JH90O4,income,8919.99,2025-11-23,外卖,工资
202503059RUED7,income,8533.15,2025-03-05,正常,工资
20250109631Z7Q,income,4371.10,2025-01-09,学习,津贴
20250104WV0KFL,income,6230.76,2025-01-04,娱乐,津贴
20251104KN2FI9,income,6752.63,2025-11-04,外卖,工资
202509100FQSGT,income,2011.06,2025-09-10,加班,津贴
202505177HC27D,income,8349.71,2025-05-17,正常,津贴
20251014PCOQG6,income,6360.77,2025-10-14,加班,工资
20251113T9OVTS,income,6408.95,2025-11-13,外卖,奖金
20250606IYPJC9,income,6127.72,2025-06-06,学习,奖金
202506093B2HGP,income,9617.22,2025-06-09,生活费,奖金
20250303OX6TMM,income,2784.84,2025-03-03,学习,工资
20250525PGOEEQ,income,5673.13,2025-05-25,差旅,奖金
20250515IVZ5Z0,income,8784.82,2025-05-15,购物,津贴
20250704DCHKVF,income,2331.65,2025-07-04,补贴,工资
20250611495KCP,income,7231.12,2025-06-11,正常,津贴
20250228TX1MTL,income,5387.67,2025-02-28,正常,工资
20250627ZQF2ZL,income,9889.88,2025-06-27,娱乐,奖金
20250204BF8N2N,income,4155.17,2025-02-04,加班,奖金
20250713JPOMTS,income,8928.78,2025-07-13,学习,奖金
20251101J19OL6,income,4158.39,2025-11-01,补贴,奖金
20251201I515WH,income,9702.71,2025-12-01,娱乐,奖金
202506211MIV04,income,9087.00,2025-06-21,正常,奖金
20250303B707SK,income,3403.68,2025-03-03,加班,津贴
202510115CNRY8,income,6330.91,2025-10-11,购物,奖金
202504027SQFMR,income,8599.33,2025-04-02,生活费,津贴
20250312SZMN2Q,income,1230.54,2025-03-12,生活费,工资
20250519WN7OE9,income,1948.68,2025-05-19,正常,奖金
20251202WED9PJ,income,8037.41,2025-12-02,生活费,工资
202502121ODY2V,income,9865.73,2025-02-12,购物,工资
20250604HMD9BX,income,4056.30,2025-06-04,娱乐,工资
20250503EC22Y2,income,2047.06,2025-05-03,购物,津贴
20250109F3R9BW,income,8459.41,2025-01-09,补贴,工资
202511284UYVS4,income,666.40,2025-11-28,正常,工资
20250615QLV00W,income,8922.23,2025-06-15,购物,津贴
20250507IXKZ4O,income,6167.98,2025-05-07,补贴,工资
2025082822T6SR,income,5974.03,2025-08-28,外卖,奖金
20250610SN0WB7,income,2916.15,2025-06-10,娱乐,津贴
20250911C2O583,income,4519.67,2025-09-11,加班,津贴
20250304EF0SXV,income,9120.47,2025-03-04,娱乐,奖金
20250503CFOY86,income,1719.35,2025-05-03,生活费,工资
20251227ORN6GA,income,9464.00,2025-12-27,报销,奖金
20250512L5388A,income,1919.24,2025-05-12,生活费,工资
20250203EXFICC,income,1795.22,2025-02-03,报销,津贴
20251003Q4IP20,income,569.81,2025-10-03,差旅,工资
20251024BHPAIM,income,227.01,2025-10-24,外卖,工资
20251228QKE1R2,income,5899.75,2025-12-28,补贴,津贴
202505172HHGP6,income,3041.82,2025-05-17,补贴,津贴
20250206CKXENP,income,2147.49,2025-02-06,补贴,津贴
20251224M8QFC3,income,6044.60,2025-12-24,娱乐,奖金
20250116V9MKS1,income,1677.20,2025-01-16,娱乐,奖金
20250712B7ZCGG,income,7461.66,2025-07-12,购物,工资
202501180PYDD5,income,4005.72,2025-01-18,购物,工资
20250109BG4T39,income,9362.42,2025-01-09,补贴,奖金
20250504PA3NN6,income,9426.25,2025-05-04,加班,奖金
20250602NXRAFP,income,4997.83,2025-06-02,正常,奖金
20251104TG0KHU,income,3849.94,2025-11-04,购物,工资
20250520JLMLOB,income,1041.80,2025-05-20,生活费,工资
202504257Z8TY0,income,5906.15,2025-04-25,补贴,奖金
20251015U0EPMQ,income,8737.31,2025-10-15,学习,津贴
20250501KU6AB6,income,3682.79,2025-05-01,外卖,津贴
202503041OSQH3,income,7756.17,2025-03-04,正常,奖金
202502044FVTNB,income,2221.12,2025-02-04,娱乐,津贴
20250719AB9UUF,income,2640.52,2025-07-19,外卖,奖金
202501158BSQ0U,income,7055.51,2025-01-15,购物,津贴
20251214XSU6QH,income,5330.91,2025-12-14,差旅,工资
20250708T66QR9,income,1263.04,2025-07-08,娱乐,津贴
202511023RYQI6,income,4520.79,2025-11-02,加班,工资
20250715X9RIKN,income,4360.58,2025-07-15,生活费,奖金
20250213L4E5Y6,income,7132.87,2025-02-13,加班,工资
20250319D37LUT,income,4203.65,2025-03-19,差旅,津贴
20250610I1K9E9,income,1718.22,2025-06-10,娱乐,奖金
20250407CGRER1,income,6605.85,2025-04-07,购物,津贴
202510011S6X8Z,income,9532.01,2025-10-01,差旅,津贴
20250408CWUI96,income,8914.96,2025-04-08,报销,工资
2025081975K3RY,income,7312.68,2025-08-19,加班,津贴
20250304GANH0A,income,173.80,2025-03-04,生活费,工资
20251203YKH6IY,income,6414.82,2025-12-03,娱乐,奖金
202504047IUFO9,income,6604.54,2025-04-04,学习,津贴
20250327CBPHL9,income,9081.28,2025-03-27,差旅,津贴
20250803AHCLF1,income,6507.14,2025-08-03,购物,工资
20251014GZS6G7,income,2681.10,2025-10-14,报销,津贴
20251220EJS6S3,income,9756.20,2025-12-20,正常,工资
20250226NIW75L,income,5387.66,2025-02-26,娱乐,工资
202505237GDU4F,income,9721.45,2025-05-23,报销,津贴
2025102208V9RV,income,6701.99,2025-10-22,补贴,工资
20250415WLELXX,income,4671.19,2025-04-15,报销,奖金
20250810DO2W6N,income,6701.46,2025-08-10,补贴,奖金
20250123SPYWKB,income,4960.60,2025-01-23,外卖,奖金
20250123KJY4SZ,income,1301.00,2025-01-23,报销,奖金
202504048KE1EP,income,1724.05,2025-04-04,购物,工资
20251223VTSAY1,income,8509.15,2025-12-23,报销,奖金
202508116FY9GC,income,8340.84,2025-08-11,补贴,奖金
20250501125TGJ,income,4374.75,2025-05-01,补贴,奖金
20250108EB4FLF,income,4676.16,2025-01-08,生活费,津贴
20250402869AAS,income,6678.34,2025-04-02,购物,工资
20250903I380EY,income,9219.64,2025-09-03,购物,奖金
202512018POQGE,income,1708.01,2025-12-01,学习,工资
20250327UTKG9P,income,9425.90,2025-03-27,购物,津贴
20250205VROGUJ,income,4186.85,2025-02-05,外卖,津贴
20250317FTYEL0,income,7989.53,2025-03-17,购物,奖金
202507094E29MR,income,9602.13,2025-07-09,学习,津贴
20250526D9JVYS,income,7065.04,2025-05-26,学习,工资
20250607FLNGPW,income,1527.49,2025-06-07,生活费,工资
20250105LIXBRL,income,1788.91,2025-01-05,报销,工资
20250106ISEEO1,income,3194.49,2025-01-06,购物,奖金
20250928JSQ5CI,income,619.60,2025-09-28,娱乐,工资
20250715PNBUCJ,income,6165.09,2025-07-15,外卖,工资
20250711VCS6EX,income,9876.78,2025-07-11,加班,工资
20250219GFYL6N,income,607.37,2025-02-19,娱乐,奖金
20250609TOB4ZS,income,7568.26,2025-06-09,购物,奖金
20250216OM8TAY,income,1301.10,2025-02-16,购物,奖金
202503060B9KNJ,income,7506.91,2025-03-06,正常,津贴
20250906OP2F8X,income,9577.51,2025-09-06,娱乐,津贴
20250521AUXTV5,income,8505.25,2025-05-21,报销,工资
20251109E460SC,income,9537.85,2025-11-09,补贴,工资
20250522US2V72,income,7480.69,2025-05-22,生活费,奖金
20250205D43P95,income,2071.49,2025-02-05,正常,工资
20250903X9QP1C,income,4502.07,2025-09-03,外卖,奖金
20250809F17JOW,income,129.29,2025-08-09,娱乐,津贴
20250421CPRFC2,income,1070.17,2025-04-21,生活费,奖金
202501139GS0C7,income,5765.03,2025-01-13,加班,奖金
20251102N4OQTA,income,3852.57,2025-11-02,差旅,津贴
20250122PXI7HW,income,1251.39,2025-01-22,学习,津贴
20250328EUCE1S,income,8681.60,2025-03-28,外卖,工资
202511169RK87O,income,4470.59,2025-11-16,加班,津贴
20250313Y3MCQU,income,2284.08,2025-03-13,学习,津贴
20251005NRFKTO,income,9344.32,2025-10-05,报销,工资
20250210ZQWPDI,income,4614.40,2025-02-10,生活费,工资
20250921R7VW49,income,4985.72,2025-09-21,购物,奖金
202502065MCNJQ,income,5601.46,2025-02-06,正常,津贴
20250903MEOPNE,income,7629.11,2025-09-03,娱乐,奖金
202504050O6MHL,income,7550.42,2025-04-05,差旅,奖金
20250410K1N9QG,income,4295.13,2025-04-10,补贴,工资
202507236WASCT,income,4849.76,2025-07-23,补贴,奖金
20250112LJG665,income,7686.16,2025-01-12,加班,奖金
20250311CMUX6A,income,2130.39,2025-03-11,正常,工资
202507122QAIAI,income,1506.35,2025-07-12,购物,工资
20251022VIK3DC,income,5002.06,2025-10-22,娱乐,工资
20250122UI7JJ3,income,1667.63,2025-01-22,报销,津贴
20250701A8XA8K,income,3375.52,2025-07-01,差旅,工资
20250801027WIP,income,7527.22,2025-08-01,补贴,奖金
20250810I0REX7,income,8916.87,2025-08-10,外卖,津贴
20250417BG1FS0,income,2165.68,2025-04-17,生活费,奖金
20250708Z6GAUJ,income,5817.38,2025-07-08,购物,津贴
20250723X74XF5,income,107.69,2025-07-23,报销,奖金
202510061LGP8I,income,2900.43,2025-10-06,生活费,工资
20250227CO0HGT,income,3144.57,2025-02-27,加班,津贴
20251023UX8TFD,income,5779.32,2025-10-23,报销,津贴
20250301LJX48W,income,991.90,2025-03-01,差旅,津贴
20251016PRN8Q6,income,1830.31,2025-10-16,补贴,奖金
20251003EXU6OM,income,5826.80,2025-10-03,加班,工资
20250522WHTLCZ,income,1204.17,2025-05-22,学习,奖金
20250607MLAYEB,income,9631.88,2025-06-07,购物,津贴
2025021437BY5L,income,7761.25,2025-02-14,正常,工资
20251113MVW7ZA,income,865.35,2025-11-13,加班,津贴
20251215RN3DZ1,income,3569.06,2025-12-15,购物,奖金
20250917APB223,income,2829.30,2025-09-17,娱乐,津贴
20250127DRS8ZO,income,1125.38,2025-01-27,购物,津贴
20251127HVROCN,income,1055.18,2025-11-27,学习,奖金
20250911WDWSPK,income,3241.23,2025-09-11,生活费,奖金
20250920PCFHR9,income,9241.82,2025-09-20,报销,工资
20250825IWSJFW,income,4367.55,2025-08-25,正常,奖金
20250928DAOZC4,income,128.61,2025-09-28,报销,津贴
20250208KHY8DY,income,578.63,2025-02-08,娱乐,工资
20250913UXKQSJ,income,2299.23,2025-09-13,报销,奖金
20251123AD6V8C,income,4962.49,2025-11-23,生活费,工资
2025032076IQP1,income,2177.96,2025-03-20,学习,工资
20250223ANULSL,income,4048.23,2025-02-23,加班,奖金
2025101582BQYX,income,6662.03,2025-10-15,生活费,奖金
2025101586RVPP,income,8558.29,2025-10-15,购物,工资
20251228YXX7RA,income,7257.29,2025-12-28,补贴,津贴
202504174V0DX3,income,7133.36,2025-04-17,加班,工资
20250601HNKJ78,income,6437.38,2025-06-01,加班,津贴
20250924MRKA6Y,income,9947.17,2025-09-24,学习,工资
20251121T515IQ,income,5914.22,2025-11-21,娱乐,奖金
20250405ICVFQV,income,2560.49,2025-04-05,补贴,奖金
20250606N0DIU4,income,5888.90,2025-06-06,外卖,奖金
202505200HFZ25,income,7341.18,2025-05-20,娱乐,津贴
20251220ZGS9TF,income,5424.14,2025-12-20,购物,工资
20250915C9YV7Y,income,4009.07,2025-09-15,报销,工资
202508155096PU,income,6694.25,2025-08-15,补贴,奖金
20250201I7QCLN,income,6240.65,2025-02-01,差旅,津贴
20250614OCAU2C,income,7983.95,2025-06-14,外卖,工资
20250625ED2YNC,income,4929.45,2025-06-25,娱乐,奖金
20250712IQUV4P,income,1955.79,2025-07-12,差旅,奖金
20250722ZMEG2V,income,604.03,2025-07-22,加班,奖金
20250823DWZBDX,income,5288.03,2025-08-23,学习,津贴
2025101306NROX,income,269.09,2025-10-13,娱乐,津贴
20250328ML1BWW,income,987.19,2025-03-28,生活费,工资
20250902Y6STJD,income,3569.05,2025-09-02,报销,津贴
20250502TDR85B,income,3.13,2025-05-02,外卖,津贴
20250507PZKHHW,income,2475.49,2025-05-07,报销,奖金
20250627GH86G4,income,8427.73,2025-06-27,生活费,工资
2025050584NFG7,income,8170.13,2025-05-05,外卖,工资
20250306Y1IQB4,income,164.55,2025-03-06,正常,工资
20250105D87251,income,18.95,2025-01-05,正常,津贴
2025101048DJJ7,income,2589.19,2025-10-10,购物,工资
20251021S11TCB,income,6605.83,2025-10-21,学习,工资
20250620S8HREJ,income,8313.15,2025-06-20,正常,奖金
20250213TC8YO0,income,6661.50,2025-02-13,外卖,津贴
202505092H803C,income,7955.13,2025-05-09,报销,津贴
202501108TX4TM,income,6727.73,2025-01-10,正常,津贴
20250623OHFYV6,income,2824.88,2025-06-23,学习,津贴
2025102103PY8D,income,3999.08,2025-10-21,生活费,工资
2025041481OMDC,income,554.44,2025-04-14,生活费,奖金
20250515JQ1WMQ,income,7603.61,2025-05-15,生活费,奖金
20250501XRY7OR,income,5556.89,2025-05-01,正常,奖金
20250724I7M4A3,income,790.23,2025-07-24,娱乐,奖金
20250115XBCUU6,income,3271.64,2025-01-15,报销,津贴
20250414SWGY27,income,7603.42,2025-04-14,生活费,奖金
20251121HUSXU7,income,3832.22,2025-11-21,学习,工资
20250506XCASMA,income,1947.24,2025-05-06,加班,津贴
20250515BSB3OI,income,6412.19,2025-05-15,正常,工资
20250511EYWR1S,income,8340.84,2025-05-11,购物,津贴
202501164CZWDX,income,3849.27,2025-01-16,差旅,工资
20250111RIN8CR,income,5254.43,2025-01-11,娱乐,奖金
20250802W9TXOC,income,6322.52,2025-08-02,差旅,奖金
20251207Q0Q1XL,income,5388.05,2025-12-07,购物,津贴
202507102K4QY1,income,2791.71,2025-07-10,购物,津贴
20250113KVZD33,income,8989.82,2025-01-13,补贴,津贴
202505163TCNDF,income,7567.37,2025-05-16,购物,奖金
20250509TD9YHP,income,3214.33,2025-05-09,差旅,津贴
20251019INO92B,income,4667.63,2025-10-19,购物,奖金
20250609ZN2L3C,income,2189.26,2025-06-09,补贴,津贴
202503255Q4BVN,income,8384.71,2025-03-25,学习,奖金
202506104PRICI,income,211.40,2025-06-10,报销,奖金
2025071127FBF3,income,8136.89,2025-07-11,生活费,奖金
20250121WD49CD,income,4638.42,2025-01-21,正常,奖金
20250304GQZSMF,income,190.33,2025-03-04,外卖,津贴
20250123OEKMI6,income,1585.63,2025-01-23,学习,工资
20250312O4KY7T,income,3645.75,2025-03-12,正常,津贴
20250310SOZBSK,income,7378.32,2025-03-10,正常,津贴
2025041974YLQ8,income,6092.45,2025-04-19,补贴,津贴
20250313AT383R,income,887.99,2025-03-13,购物,津贴
20251008TOUGC9,income,5712.66,2025-10-08,生活费,奖金
20251026PI4CMU,income,3141.02,2025-10-26,报销,奖金
20251005E9O5ZU,income,8310.95,2025-10-05,娱乐,奖金
20250522X4U550,income,1277.14,2025-05-22,补贴,津贴
202501010FQS36,income,899.63,2025-01-01,学习,奖金
20251006FMPMOG,income,5324.00,2025-10-06,报销,津贴
202508097EC6GY,income,7106.05,2025-08-09,报销,奖金
202506182SD9FV,income,7223.56,2025-06-18,生活费,奖金
202512264WZF0E,income,881.26,2025-12-26,加班,奖金
202509192DBXEY,income,4744.61,2025-09-19,购物,津贴
202511206O8VF1,income,3984.58,2025-11-20,加班,工资
20251106R6MFRZ,income,7857.20,2025-11-06,差旅,工资
20250505UW73QP,income,9328.39,2025-05-05,学习,奖金
20250815QSO0HB,income,9731.45,2025-08-15,差旅,奖金
20250113WORCO6,income,7708.40,2025-01-13,娱乐,工资
20250424NM63ZZ,income,1474.53,2025-04-24,正常,津贴
20250811XA61QP,income,4735.64,2025-08-11,差旅,奖金
202509282HH04Q,income,1041.98,2025-09-28,补贴,工资
202503017386XB,income,3178.82,2025-03-01,报销,奖金
20251208PGH687,income,6028.74,2025-12-08,补贴,津贴
20250121P8KYPV,income,9944.78,2025-01-21,学习,津贴
20250414NXMM08,income,9967.75,2025-04-14,学习,奖金
20250428NYNN4P,income,5048.03,2025-04-28,购物,工资
202501124QUWA3,income,2570.00,2025-01-12,正常,工资
202510034IIHR9,income,5869.72,2025-10-03,报销,奖金
20251012ZUSUI4,income,6709.72,2025-10-12,生活费,工资
20251212X5PJ5W,income,5934.05,2025-12-12,报销,津贴
20250602AS5T1V,income,4975.99,2025-06-02,加班,工资
20251111ZAWRJV,income,2974.06,2025-11-11,购物,工资
20250110OCP977,income,3926.14,2025-01-10,外卖,奖金
20250328WEW2RY,income,6383.96,2025-03-28,补贴,工资
20250528E9XRVO,income,588.53,2025-05-28,购物,津贴
20250826B1ZK6V,income,3328.72,2025-08-26,学习,工资
20250703L8QF9S,income,894.64,2025-07-03,补贴,工资
202512134JMDMP,income,9176.37,2025-12-13,购物,工资
20251114RM3OFC,income,3112.23,2025-11-14,加班,奖金
20250724SW4LOH,income,70.66,2025-07-24,正常,工资
20251106DBT719,income,1457.52,2025-11-06,报销,工资
202503017TCS28,income,1758.12,2025-03-01,差旅,奖金
20251117TQU9H5,income,328.39,2025-11-17,差旅,津贴
20250811XAPWNA,income,106.51,2025-08-11,娱乐,津贴
20250715SC8VI6,income,8705.28,2025-07-15,学习,津贴
20251219L8PSSL,income,7971.11,2025-12-19,补贴,工资
20250413Y9E2QW,income,1576.57,2025-04-13,报销,工资
20250810SHNH63,income,9267.74,2025-08-10,学习,工资
202505146A0AIH,income,4232.30,2025-05-14,外卖,工资
202510197O0002,income,3089.33,2025-10-19,学习,奖金
20250222UGGNZH,income,4222.46,2025-02-22,差旅,工资
20251105NH37EX,income,991.92,2025-11-05,补贴,津贴
202506220Y82T3,income,1432.37,2025-06-22,娱乐,奖金
20250608SRTYVE,income,3515.17,2025-06-08,学习,奖金
20251021C7O7HB,income,7933.13,2025-10-21,学习,工资
202502027WAY3E,income,8777.25,2025-02-02,娱乐,工资
20250702FZXTLS,income,1696.26,2025-07-02,学习,津贴
202509054WUOF8,income,4642.45,2025-09-05,正常,津贴
20251210815Q79,income,1854.85,2025-12-10,生活费,津贴
202506084RCDCT,income,8915.42,2025-06-08,购物,津贴
20250917Z0CWM5,income,6952.73,2025-09-17,购物,津贴
20250210BULGTP,income,1036.24,2025-02-10,加班,津贴
20250317K8UNER,income,455.41,2025-03-17,报销,津贴
20251210T02DM0,income,9435.02,2025-12-10,报销,工资
202505099MH4BL,income,4467.42,2025-05-09,报销,工资
20250610PSLNN9,income,2173.44,2025-06-10,正常,工资
20250901AVETWQ,income,1430.08,2025-09-01,报销,津贴
20250423SGJ28Z,income,6921.35,2025-04-23,购物,工资
20250826HBXEKN,income,763.01,2025-08-26,学习,津贴
20250703N824DX,income,9457.45,2025-07-03,购物,奖金
202509234QT1ZC,income,6517.02,2025-09-23,差旅,工资
20251119WG1ZYZ,income,5725.45,2025-11-19,生活费,奖金
20250401G03X1G,income,1079.47,2025-04-01,生活费,工资
202510119V09BG,income,3054.09,2025-10-11,报销,工资
20251118AG65Q6,income,8903.94,2025-11-18,报销,津贴
20250215EPRM83,income,6468.31,2025-02-15,加班,奖金
202503229RDNC8,income,6342.43,2025-03-22,差旅,津贴
20250223QLJ083,income,7845.27,2025-02-23,报销,奖金
2025121272YFO7,income,5960.99,2025-12-12,生活费,津贴
20250123ZA9XJ9,income,6771.46,2025-01-23,生活费,奖金
202507122R54Y1,income,9524.26,2025-07-12,加班,津贴
2025072287QRSI,income,5664.05,2025-07-22,正常,工资
202504255LT24Y,income,3664.04,2025-04-25,补贴,津贴
20250414GSQLVX,income,6409.05,2025-04-14,学习,津贴
20250514ZM32YQ,income,738.56,2025-05-14,娱乐,津贴
20250401L81Y3O,income,7844.94,2025-04-01,生活费,奖金
20250721HXYD77,income,8703.32,2025-07-21,生活费,工资
202502184POVBA,income,1871.47,2025-02-18,娱乐,奖金
20250320RRSW2R,income,9553.85,2025-03-20,娱乐,奖金
2025070363EAWN,income,1950.69,2025-07-03,补贴,奖金
20250221HA06SH,income,1856.59,2025-02-21,学习,津贴
20250503GE0986,income,5177.45,2025-05-03,外卖,津贴
20251225ON0P3O,income,7687.18,2025-12-25,学习,津贴
20251113ZMWPE0,income,5977.04,2025-11-13,学习,工资
20250726F3INA2,income,9272.43,2025-07-26,补贴,津贴
202512217FAQFE,income,9333.54,2025-12-21,购物,奖金
20250506E4GL00,income,9686.77,2025-05-06,娱乐,工资
20251014YYU6EV,income,5269.83,2025-10-14,生活费,津贴
2025090295USHD,income,2774.65,2025-09-02,加班,工资
20250728F4OKF9,income,6954.06,2025-07-28,补贴,津贴
20251107CO1SFC,income,7851.09,2025-11-07,加班,奖金
202505195VBF96,income,5344.15,2025-05-19,补贴,奖金
20250124RHIUAS,income,2756.54,2025-01-24,正常,工资
202506015884UA,income,9338.96,2025-06-01,补贴,津贴
20251111GO591Y,income,9691.65,2025-11-11,差旅,奖金
20251010TDK6L7,income,4768.12,2025-10-10,生活费,津贴
20251103LDQWC2,income,2036.51,2025-11-03,正常,工资
20250918YO3FY5,income,6847.36,2025-09-18,补贴,奖金
20251111HH4LTM,income,3975.89,2025-11-11,补贴,津贴
20251113GO577B,income,4869.69,2025-11-13,报销,工资
20251209VFPZJX,income,7858.50,2025-12-09,加班,奖金
202503193RM7RD,income,3423.30,2025-03-19,外卖,工资
20250613UMCKI0,income,7815.41,2025-06-13,加班,津贴
20250102TQ5CV2,income,5402.54,2025-01-02,加班,津贴
20251024HY34UT,income,5031.31,2025-10-24,生活费,津贴
20250722XMPXMP,income,6170.89,2025-07-22,加班,奖金
202512094XU78B,income,3169.02,2025-12-09,差旅,工资
20251104FUTYA3,income,3922.25,2025-11-04,报销,工资
20250311790RX9,income,2322.05,2025-03-11,生活费,工资
20250719WD410E,income,5738.90,2025-07-19,购物,奖金
20250401EKN145,income,8881.15,2025-04-01,学习,奖金
20250803Z934QO,income,6798.99,2025-08-03,差旅,津贴
20250316HXKCGY,income,7375.71,2025-03-16,报销,津贴
2025061189MLGK,income,9040.72,2025-06-11,学习,奖金
20250904341BSM,income,2305.37,2025-09-04,正常,奖金
20250110UXBHFO,income,5012.95,2025-01-10,补贴,奖金
20250226UIYIME,income,9987.07,2025-02-26,购物,奖金
20250607S3ZFJ9,income,8700.10,2025-06-07,生活费,工资
202503250S8RO7,income,7442.68,2025-03-25,生活费,工资
20250907TOYKJT,income,4840.11,2025-09-07,报销,工资
20250703Q4OMSH,income,7436.59,2025-07-03,娱乐,津贴
20251120AXLSEU,income,4933.80,2025-11-20,加班,奖金
20250312HIGVIK,income,7039.93,2025-03-12,补贴,工资
20250408H9HVF8,income,1478.24,2025-04-08,生活费,工资
20250126EKASYM,income,7636.11,2025-01-26,加班,奖金
202510070BY1F3,income,8283.43,2025-10-07,生活费,津贴
20251123WQGNWK,income,9760.82,2025-11-23,加班,奖金
20250522SJCLV8,income,8741.45,2025-05-22,学习,工资
202501041SEI83,income,7710.33,2025-01-04,购物,津贴
202507187C450N,income,6858.69,2025-07-18,正常,津贴
20250807SRM8F0,income,9427.58,2025-08-07,差旅,奖金
20250121LOGLQO,income,116.24,2025-01-21,购物,奖金
20250226TIRMOV,income,8006.55,2025-02-26,生活费,奖金
2025042337IJA2,income,7720.22,2025-04-23,补贴,工资
202511043APPRG,income,1970.43,2025-11-04,生活费,津贴
20251024V2D50Q,income,7790.90,2025-10-24,加班,津贴
20251016ALFOY3,income,2899.28,2025-10-16,补贴,工资
20250922LMUS84,income,3141.02,2025-09-22,生活费,工资
20250527DM909I,income,3779.15,2025-05-27,购物,津贴
20250616CC8XDG,income,9256.19,2025-06-16,娱乐,津贴
20251113ED4UOT,income,4471.26,2025-11-13,购物,奖金
20250711PPVM1Y,income,6937.82,2025-07-11,购物,奖金
20250701GABGZ5,income,2594.16,2025-07-01,学习,奖金
202502080WEK6D,income,6032.51,2025-02-08,补贴,津贴
20251124YWTDDC,income,9644.71,2025-11-24,差旅,津贴
2025090218BAYG,income,872.67,2025-09-02,学习,奖金
202511017JE0DC,income,9303.16,2025-11-01,娱乐,工资
202507130NCXYR,income,1470.96,2025-07-13,娱乐,工资
20250812LRZUUU,income,1143.72,2025-08-12,加班,奖金
202510213HQ6XR,income,5360.38,2025-10-21,学习,津贴
20250616REINLI,income,1141.02,2025-06-16,娱乐,津贴
20250106MVO6TM,income,614.30,2025-01-06,学习,津贴
20250925TNH9CB,income,1224.34,2025-09-25,差旅,津贴
202505085ONORB,income,8023.75,2025-05-08,购物,津贴
20250426PH6DK9,income,6535.19,2025-04-26,学习,津贴
2025070770L3CI,income,5827.34,2025-07-07,购物,奖金
2025120493E19O,income,5462.90,2025-12-04,娱乐,奖金
20250517JM29EP,income,1008.34,2025-05-17,报销,工资
202504060IVYHB,income,4964.15,2025-04-06,加班,奖金
20250521R0LSD2,income,2252.17,2025-05-21,正常,奖金
202511274LE8LM,income,2934.76,2025-11-27,正常,工资
20251104BRF9ZL,income,8582.22,2025-11-04,购物,工资
20250214V2X5C3,income,634.42,2025-02-14,正常,津贴
20251122KDWE9T,income,5281.82,2025-11-22,加班,津贴
20250419JJ91NE,income,7203.04,2025-04-19,正常,工资
20250807TFPS6L,income,766.19,2025-08-07,外卖,津贴
20250417H513W4,income,5765.64,2025-04-17,外卖,奖金
202504287PH7KN,income,8093.52,2025-04-28,外卖,工资
20250924OZ7NM0,income,9894.69,2025-09-24,加班,工资
20250914KB8NFK,income,3288.07,2025-09-14,报销,津贴
20250223GJMTCD,income,8488.66,2025-02-23,学习,津贴
20250522963X2W,income,6900.26,2025-05-22,正常,津贴
202501081NLCYB,income,4702.81,2025-01-08,学习,工资
20251226X0SKCM,income,8301.89,2025-12-26,外卖,津贴
202503072EN62K,income,2577.88,2025-03-07,生活费,津贴
20251108MBK38N,income,9940.06,2025-11-08,报销,工资
20250217NST2NW,income,87.49,2025-02-17,生活费,工资
20250213HVGBLD,income,272.26,2025-02-13,外卖,津贴
20251013ZSMCP5,income,5465.97,2025-10-13,正常,奖金
20250505U30C2H,income,5847.31,2025-05-05,正常,工资
20250909UPSGH6,income,9190.34,2025-09-09,生活费,工资
20250818TO7N1Y,income,9200.03,2025-08-18,加班,奖金
202501203EIGF6,income,1744.07,2025-01-20,生活费,奖金
20250403PUW9OO,income,8062.19,2025-04-03,生活费,奖金
202506045VLKEG,income,6217.86,2025-06-04,正常,工资
20251012IHK509,income,7171.70,2025-10-12,学习,工资
20250316HMNQM4,income,7874.69,2025-03-16,外卖,津贴
20250616FV5FCY,income,1830.91,2025-06-16,外卖,奖金
20250604JT6JMO,income,4714.97,2025-06-04,正常,工资
202505027DGJ8Y,income,538.42,2025-05-02,生活费,工资
202502122O18FP,income,2663.82,2025-02-12,学习,津贴
20250913KD74SX,income,8198.74,2025-09-13,加班,工资
202507187FKDFA,income,9243.85,2025-07-18,学习,津贴
20250203NBM4YV,income,147.47,2025-02-03,加班,奖金
20250603BOV0DU,income,574.49,2025-06-03,学习,奖金
20250913C9H4KV,income,8061.10,2025-09-13,外卖,津贴
20250518IS6801,income,1642.51,2025-05-18,正常,津贴
202505265B4N7H,income,8288.87,2025-05-26,报销,工资
20250621EZL0LK,income,4928.57,2025-06-21,学习,奖金
20250614O5ZFLO,income,4630.28,2025-06-14,学习,奖金
2025120971I3IO,income,7246.56,2025-12-09,加班,津贴
20251018IZEDKB,income,7556.65,2025-10-18,学习,奖金
202505063D0FG6,income,1233.26,2025-05-06,报销,津贴
202512056BXKL7,income,8534.08,2025-12-05,正常,工资
20250319JNRZPC,income,9398.57,2025-03-19,报销,工资
20250421PK939X,income,8645.72,2025-04-21,差旅,津贴
20250324HJLWFI,income,4977.83,2025-03-24,补贴,工资
20250912C8C5U0,income,2412.18,2025-09-12,购物,津贴
20251214I8PWOD,income,5807.28,2025-12-14,差旅,津贴
20250207MDTG04,income,3753.89,2025-02-07,差旅,津贴
20250604B91RFJ,income,3478.46,2025-06-04,外卖,津贴
20250711ARO0G5,income,1166.32,2025-07-11,生活费,津贴
202506045YF9PJ,income,2029.10,2025-06-04,生活费,津贴
20250111U7NLE9,income,3228.51,2025-01-11,正常,奖金
20250228SXXW36,income,7970.67,2025-02-28,购物,津贴
20250813CDX3JM,income,5313.62,2025-08-13,差旅,奖金
20250603PAS7SO,income,6720.55,2025-06-03,学习,津贴
20250919YE744S,income,8951.62,2025-09-19,外卖,津贴
20250204W1U9AD,income,4001.57,2025-02-04,学习,奖金
20250506Y9H872,income,3344.49,2025-05-06,学习,奖金
20250323DJJMJQ,income,4767.10,2025-03-23,购物,奖金
20251219U31IJK,income,1465.89,2025-12-19,学习,津贴
20250612NGSD0K,income,6330.21,2025-06-12,购物,奖金
20250506PJYE3X,income,9698.46,2025-05-06,正常,工资
20250313MCW1XS,income,9118.14,2025-03-13,正常,奖金
202510218F4YD4,income,7040.88,2025-10-21,补贴,津贴
202507275GTJLA,income,397.20,2025-07-27,正常,工资
2025030629QJDE,income,2904.52,2025-03-06,补贴,奖金
20250517UYX9NY,income,9963.39,2025-05-17,购物,工资
20250425XPFNMB,income,5455.23,2025-04-25,生活费,奖金
20250608H68MLL,income,2738.68,2025-06-08,正常,津贴
202508139JQT5I,income,6619.38,2025-08-13,报销,津贴
202501232PGLJW,income,2491.59,2025-01-23,报销,津贴
2025060500NXGY,income,1816.98,2025-06-05,补贴,奖金
20250515LR422Q,income,4862.36,2025-05-15,加班,津贴
20250718XM99FW,income,4800.55,2025-07-18,报销,津贴
202504115EKYRG,income,8480.34,2025-04-11,差旅,工资
20251008MCCX4V,income,6226.20,2025-10-08,外卖,津贴
2025050809RQDI,income,8960.45,2025-05-08,购物,津贴
202511276Z8TZU,income,4710.33,2025-11-27,报销,津贴
20250108PEPGQ5,income,581.20,2025-01-08,加班,奖金
20251113JU6KLW,income,2515.20,2025-11-13,学习,津贴
2025031359SC2T,income,9646.74,2025-03-13,娱乐,奖金
20250110XX1SB1,income,1956.07,2025-01-10,差旅,奖金
202505037LQVN2,income,6063.30,2025-05-03,正常,津贴
20250324HVD0VL,income,3910.80,2025-03-24,补贴,奖金
20250114DNYI1I,income,940.54,2025-01-14,报销,津贴
20250413KPSODM,income,7327.28,2025-04-13,购物,工资
20250915FISKNJ,income,1660.93,2025-09-15,报销,奖金
20250226HEE09T,income,1043.81,2025-02-26,补贴,奖金
20250715SNEMDQ,income,148.65,2025-07-15,补贴,奖金
20250818ID2YSE,income,1313.94,2025-08-18,正常,工资
202508123BF679,income,4342.67,2025-08-12,娱乐,津贴
20250516XJDVWR,income,9741.73,2025-05-16,娱乐,奖金
202506193OZR3K,income,3485.71,2025-06-19,娱乐,奖金
202501143FPY22,income,1153.28,2025-01-14,补贴,津贴
20250209Q3AUYF,income,9663.57,2025-02-09,补贴,津贴
202512077OA5JN,income,814.81,2025-12-07,补贴,工资
202501177YCXM8,income,9831.61,2025-01-17,娱乐,津贴
20250104D9AVLL,income,1857.89,2025-01-04,报销,工资
20250424XPQ90F,income,405.91,2025-04-24,补贴,工资
2025062073SEGX,income,4363.56,2025-06-20,学习,工资
20250306KWR62A,income,3020.31,2025-03-06,补贴,奖金
20250209EDP948,income,9273.39,2025-02-09,补贴,奖金
2025062534AEMY,income,6446.52,2025-06-25,生活费,津贴
20250427BNDM83,income,3269.67,2025-04-27,外卖,奖金
20251011CCQVKR,income,1999.53,2025-10-11,学习,津贴
202502173H50IZ,income,3840.25,2025-02-17,报销,奖金
20251116UOO8M6,income,7484.68,2025-11-16,学习,奖金
20250202P1JGI5,income,8516.79,2025-02-02,生活费,奖金
20250418BXKTOS,income,4638.87,2025-04-18,补贴,奖金
20250123H3Q4OK,income,978.98,2025-01-23,差旅,津贴
20250206Z25QMT,income,2169.09,2025-02-06,补贴,奖金
20250203W837XV,income,6541.60,2025-02-03,生活费,工资
20250220YNNLYP,income,1571.37,2025-02-20,正常,工资
202508076E8EGV,income,6841.93,2025-08-07,加班,奖金
20250415WT6YHF,income,4266.27,2025-04-15,差旅,奖金
20251224O7JLJL,income,4044.84,2025-12-24,外卖,奖金
202504233WHOZM,income,8093.68,2025-04-23,购物,奖金
20250826TZG2D5,income,4759.43,2025-08-26,外卖,津贴
20251116CJMA4Z,income,3182.84,2025-11-16,差旅,工资
20250909W8UDO6,income,4969.28,2025-09-09,补贴,奖金
202508040J5CPG,income,5626.84,2025-08-04,学习,工资
20250427JZ6QB0,income,5944.93,2025-04-27,生活费,奖金
202511254IBDMZ,income,862.62,2025-11-25,学习,津贴
20250412QMD6DD,income,6085.64,2025-04-12,学习,奖金
20250808T0MYJO,income,2656.72,2025-08-08,生活费,津贴
20250515GH8MWO,income,5619.52,2025-05-15,娱乐,津贴
202512185ISC08,income,6382.00,2025-12-18,差旅,津贴
20250112I24N4L,income,9516.55,2025-01-12,生活费,奖金
20251102P6WZOY,income,3085.02,2025-11-02,娱乐,奖金
20250820XJLDS7,income,8089.55,2025-08-20,报销,津贴
20251024Q13PIC,income,6985.22,2025-10-24,差旅,工资
20250922HW3YCF,income,3379.73,2025-09-22,购物,奖金
20251222ZSW067,income,6621.05,2025-12-22,差旅,工资
20250824KEQT8D,income,8067.21,2025-08-24,娱乐,工资
20251012CM868K,income,4615.30,2025-10-12,生活费,工资
202504182G96HG,income,458.53,2025-04-18,差旅,工资
202509062S6JS1,income,5875.41,2025-09-06,补贴,奖金
20250109A6ISEX,income,3462.41,2025-01-09,娱乐,工资
20251025HMFNGV,income,1497.60,2025-10-25,学习,工资
20250825V36TYG,income,1947.03,2025-08-25,加班,奖金
2025120703Y90W,income,957.47,2025-12-07,学习,奖金
20250713ZW64D0,income,9377.17,2025-07-13,加班,奖金
202505179VIFZZ,income,8778.19,2025-05-17,学习,奖金
20250816N84I4B,income,7719.43,2025-08-16,娱乐,工资
20250923GKBCZ3,income,5795.84,2025-09-23,正常,工资
20251006IUV7AU,income,3932.28,2025-10-06,差旅,津贴
20250227R92K6H,income,9646.10,2025-02-27,购物,奖金
20251020HIIJKL,income,6686.97,2025-10-20,正常,工资
202512022HBXFV,income,8710.45,2025-12-02,加班,工资
202501250G0AWK,income,778.41,2025-01-25,购物,工资
20250501195LDE,income,5461.33,2025-05-01,差旅,津贴
20250627IX3FFV,income,5142.00,2025-06-27,正常,奖金
20250712JLQMAE,income,4644.18,2025-07-12,外卖,工资
202511149W5259,income,2502.42,2025-11-14,差旅,津贴
20250222UXWQFR,income,8968.66,2025-02-22,娱乐,奖金
20250916L5JNUK,income,8546.08,2025-09-16,外卖,津贴
20250620XS7PJX,income,3138.68,2025-06-20,娱乐,津贴
20250105CUEXA0,income,7688.38,2025-01-05,补贴,津贴
20250504YM1YCG,income,5850.81,2025-05-04,购物,工资
202504050QMYOG,income,9979.01,2025-04-05,加班,工资
202512105W25JO,income,1887.42,2025-12-10,购物,津贴
202506215L7D1P,income,319.24,2025-06-21,报销,津贴
202511257P4RY6,income,4822.49,2025-11-25,生活费,工资
20250707P3Y75O,income,9160.50,2025-07-07,外卖,津贴
20250713GAVBOG,income,9750.42,2025-07-13,正常,工资
20251011JVYA86,income,2007.46,2025-10-11,加班,工资
202505044GD9EB,income,4917.05,2025-05-04,加班,奖金
20250624JFQLM4,income,5961.06,2025-06-24,报销,工资
20251207R7363I,income,6667.37,2025-12-07,报销,奖金
20250915EEYARW,income,7859.03,2025-09-15,学习,工资
20250111NU4WEO,income,6360.16,2025-01-11,补贴,奖金
202508027UQB2B,income,5398.75,2025-08-02,加班,津贴
20250522DVRVSD,income,1787.07,2025-05-22,正常,奖金
202510245PRDQ6,income,4819.38,2025-10-24,报销,奖金
20250813Q27UNL,income,7257.70,2025-08-13,学习,奖金
202508011Z9JX9,income,2243.67,2025-08-01,外卖,奖金
202502125G9UWK,income,4606.73,2025-02-12,正常,工资
202505149C61QE,income,8894.58,2025-05-14,购物,工资
20250725F41DL0,income,8669.74,2025-07-25,补贴,奖金
20250312D4E9OD,income,1741.22,2025-03-12,报销,津贴
202510128VRPDT,income,3303.26,2025-10-12,报销,奖金
20250926OWA2XF,income,7159.96,2025-09-26,差旅,工资
20250923AYM3V2,income,5123.62,2025-09-23,差旅,工资
202509172HK7JQ,income,4381.64,2025-09-17,差旅,津贴
20250311ZLL56P,income,6274.07,2025-03-11,购物,津贴
20250703I4N3PY,income,2602.37,2025-07-03,购物,工资
20251128GCEVLJ,income,8052.43,2025-11-28,加班,奖金
20250527WFU3T1,income,2195.96,2025-05-27,生活费,奖金
20251003H0NBDU,income,7427.32,2025-10-03,补贴,奖金
2025052569JWUU,income,9039.94,2025-05-25,学习,奖金
20251026ZH93G6,income,9555.35,2025-10-26,生活费,奖金
2025092658OQ4H,income,75.62,2025-09-26,生活费,奖金
20250920UIXOLR,income,1452.81,2025-09-20,差旅,津贴
20250920RLYSC3,income,868.06,2025-09-20,外卖,工资
20251214KVEE7J,income,9901.65,2025-12-14,补贴,工资
202511256MXI7P,income,5114.95,2025-11-25,购物,津贴
20250318OJYCN9,income,6055.10,2025-03-18,加班,工资
20250921NRS3WR,income,1478.16,2025-09-21,外卖,津贴
20250724YDH9T0,income,3753.65,2025-07-24,购物,奖金
20250305TZQA4B,income,111.56,2025-03-05,外卖,津贴
20251207IS53PX,income,5094.80,2025-12-07,加班,工资
20250922OWJYT9,income,1591.63,2025-09-22,娱乐,工资
20250618RHLQ8N,income,4424.86,2025-06-18,正常,奖金
20250327K1ZKTQ,income,7173.19,2025-03-27,学习,奖金
20250404KWPVL7,income,2936.66,2025-04-04,学习,工资
202504054ZCX3G,income,983.73,2025-04-05,学习,津贴
20250605SB703L,income,5029.87,2025-06-05,正常,工资
202502174T5A1U,income,7311.91,2025-02-17,正常,津贴
20250411CTILB6,income,2805.01,2025-04-11,学习,津贴
20250720E00J5W,income,6622.22,2025-07-20,补贴,津贴
20250706NIEVVW,income,2068.39,2025-07-06,报销,津贴
20250615VH2G39,income,6169.43,2025-06-15,差旅,津贴
20250801RA6LV2,income,3664.77,2025-08-01,报销,奖金
2025091296L1AT,income,3055.74,2025-09-12,学习,工资
202505109ZF67X,income,3638.29,2025-05-10,外卖,津贴
20250726KIRGMM,income,2076.55,2025-07-26,报销,工资
202508044WNNI0,income,8979.07,2025-08-04,学习,津贴
20250301ZWXSBC,income,3590.10,2025-03-01,生活费,津贴
20250403UPQWVP,income,1649.01,2025-04-03,娱乐,工资
20250226S63ZWL,income,7161.00,2025-02-26,报销,奖金
202511083VM9BQ,income,917.46,2025-11-08,学习,津贴
2025060312O915,income,2200.40,2025-06-03,补贴,奖金
20250520LWPRO4,income,1098.02,2025-05-20,生活费,工资
20251210WT8LP8,income,6475.72,2025-12-10,生活费,工资
20250717KO8VS8,income,1701.47,2025-07-17,娱乐,津贴
202504059JCIQH,income,152.55,2025-04-05,补贴,奖金
20251128NCO575,income,8110.94,2025-11-28,购物,奖金
20250510SHJ3MY,income,8888.68,2025-05-10,娱乐,津贴
20250522W1FIFB,income,4895.81,2025-05-22,学习,津贴
20250324YY6DUB,income,4287.37,2025-03-24,补贴,工资
20250425X77TP8,income,8259.90,2025-04-25,差旅,津贴
202509106RH7SH,income,927.34,2025-09-10,购物,津贴
202506020NZ0P4,income,1397.42,2025-06-02,学习,工资
20250915S29W90,income,7186.14,2025-09-15,差旅,奖金
2025022148LIOT,income,9338.52,2025-02-21,外卖,奖金
20251104MNMSWW,income,9370.43,2025-11-04,正常,工资
2025070954ZJ7U,income,9125.24,2025-07-09,补贴,津贴
20250312TVRCH9,income,4062.23,2025-03-12,外卖,奖金
20250326TXS7DH,income,4703.12,2025-03-26,差旅,工资
202506130D0OVT,income,4411.79,2025-06-13,购物,工资
2025071703L2FX,income,4440.45,2025-07-17,娱乐,津贴
20250220WSOUDS,income,5725.27,2025-02-20,正常,奖金
20251017GZQWTC,income,3750.53,2025-10-17,购物,工资
20250706R9F1HZ,income,6050.36,2025-07-06,学习,津贴
20251208F7NR62,income,6784.44,2025-12-08,正常,津贴
20251012XDY14U,income,6434.18,2025-10-12,加班,工资
20250421KP9Y54,income,2398.97,2025-04-21,正常,津贴
20250619KEOBOE,income,4228.27,2025-06-19,购物,奖金
20250616DWOO7L,income,6872.35,2025-06-16,正常,奖金
20250209TJC6BU,income,8951.14,2025-02-09,正常,津贴
20251219DVT9YM,income,4096.80,2025-12-19,报销,工资
20250221SEM0UZ,income,4739.56,2025-02-21,报销,津贴
2025091230PYPY,income,8038.47,2025-09-12,补贴,津贴
20251010RYGTS7,income,1573.45,2025-10-10,生活费,津贴
20250408KYTVQO,income,4559.14,2025-04-08,外卖,奖金
202501187JW7VO,income,9676.66,2025-01-18,报销,工资
20251024PANS7B,income,4106.52,2025-10-24,购物,工资
20250703XP4TGW,income,6555.34,2025-07-03,正常,工资
20250227C24BQV,income,2232.85,2025-02-27,学习,奖金
202509180Y2HXI,income,3474.45,2025-09-18,娱乐,工资
202511042W5LDX,income,5247.71,2025-11-04,加班,工资
20250605QEODXY,income,8035.16,2025-06-05,报销,津贴
20250406IOC7EI,income,6898.37,2025-04-06,生活费,工资
202506079A45WJ,income,8711.64,2025-06-07,学习,津贴
20250515MTQ7NB,income,6295.34,2025-05-15,正常,奖金
20250822HBD6CG,income,4595.82,2025-08-22,购物,工资
202502051HY2EF,income,5518.96,2025-02-05,正常,工资
20250621O7PQW5,income,4914.92,2025-06-21,生活费,工资
20251212JT6WPZ,income,2818.45,2025-12-12,差旅,工资
20250508AKCZ39,income,3768.66,2025-05-08,购物,工资
20250308UKOPA7,income,4055.03,2025-03-08,外卖,津贴
20250425VBNO4E,income,9736.67,2025-04-25,正常,津贴
202511063YI1JX,income,8695.12,2025-11-06,生活费,津贴
20250109EHRMG3,income,5675.23,2025-01-09,报销,奖金
20251207LI13PB,income,4241.44,2025-12-07,差旅,津贴
202502160S9VMW,income,3207.46,2025-02-16,娱乐,津贴
2025051075RSK1,income,8615.50,2025-05-10,正常,津贴
202507226KX3UU,income,4671.28,2025-07-22,差旅,工资
20250213R1O83M,income,6812.66,2025-02-13,正常,奖金
202512124O8NZ9,income,1556.20,2025-12-12,购物,工资
20250218OLG10X,income,6064.25,2025-02-18,正常,奖金
20250615VKOTX9,income,3168.23,2025-06-15,购物,工资
20251103J2BUPG,income,8097.77,2025-11-03,正常,工资
20251124YT4MF1,income,8067.29,2025-11-24,娱乐,津贴
20250407GS1VQZ,income,2838.88,2025-04-07,加班,津贴
20251107LDFYER,income,6308.55,2025-11-07,娱乐,工资
20250924SLU2RJ,income,8114.87,2025-09-24,学习,工资
20250426MDRLGK,income,1693.52,2025-04-26,补贴,工资
20251103RUEA1W,income,9322.44,2025-11-03,娱乐,工资
20251003BBRKYR,income,6268.11,2025-10-03,补贴,工资
20250810ZBAOOZ,income,1868.81,2025-08-10,差旅,奖金
20251115JH2PZ4,income,8410.98,2025-11-15,正常,工资
20251022NDU6VG,income,4854.13,2025-10-22,外卖,工资
202501034PPVRN,income,1634.93,2025-01-03,外卖,奖金
20250820UXKV9Q,income,7191.68,2025-08-20,购物,津贴
20250508HYID4G,income,5096.54,2025-05-08,娱乐,奖金
20250915BIU8BO,income,7198.66,2025-09-15,娱乐,津贴
20250514K4E14U,income,7914.93,2025-05-14,正常,工资
20250805T3KE2W,income,164.09,2025-08-05,娱乐,奖金
202511052DRPSG,income,9168.08,2025-11-05,生活费,津贴
20251026LT2L9C,income,5726.09,2025-10-26,加班,工资
20250414KQG051,income,8900.52,2025-04-14,差旅,奖金
20250226RHFHT4,income,8940.67,2025-02-26,学习,工资
202504137L0CWH,income,102.39,2025-04-13,外卖,津贴
20250818L53UXW,income,9393.10,2025-08-18,加班,津贴
202504193Z4BG6,income,4872.38,2025-04-19,补贴,津贴
20250527S84O5I,income,9654.04,2025-05-27,学习,奖金
20250706282MQT,income,856.27,2025-07-06,购物,津贴
20251103EIUPGV,income,6983.59,2025-11-03,购物,奖金
20251217CC6LU5,income,3351.40,2025-12-17,购物,奖金
20250301IP2NTP,income,496.88,2025-03-01,加班,津贴
20250404GS2VJE,income,3245.36,2025-04-04,正常,工资
20250227XO93ZS,income,7340.91,2025-02-27,加班,津贴
20251122JTNKL4,income,2063.23,2025-11-22,补贴,津贴
202505245Z6M64,income,9555.58,2025-05-24,报销,工资
20251118LNPBOY,income,1942.29,2025-11-18,购物,奖金
202512040BQCEV,income,3303.00,2025-12-04,补贴,工资
20250402Y8CPX2,income,1269.68,2025-04-02,正常,奖金
20251020YIT1KM,income,7746.10,2025-10-20,外卖,津贴
202501056GTEJC,income,5615.38,2025-01-05,加班,工资
20250507A14RFS,income,6678.80,2025-05-07,加班,津贴
20250501DCSBLF,income,7819.94,2025-05-01,差旅,奖金
20250502N3SGRU,income,7786.45,2025-05-02,补贴,津贴
20250327QCLMWD,income,3646.56,2025-03-27,差旅,工资
20250702O1IEL2,income,9605.17,2025-07-02,差旅,奖金
202504072P0I0R,income,2203.64,2025-04-07,正常,奖金
20250603I773DF,income,3538.29,2025-06-03,生活费,工资
20251024M16KAS,income,4065.60,2025-10-24,报销,工资
20250205MJE9SR,income,3687.22,2025-02-05,娱乐,津贴
2025011638ZME9,income,5721.45,2025-01-16,差旅,奖金
20251018HIOL5X,income,7259.75,2025-10-18,补贴,工资
20250113G7EKIF,income,6082.01,2025-01-13,外卖,工资
20250126U0X3ZG,income,410.48,2025-01-26,生活费,津贴
20251109BZBBUO,income,2067.75,2025-11-09,加班,津贴
202505013TLXQM,income,7807.24,2025-05-01,购物,工资
202511127YJRGD,income,9781.15,2025-11-12,正常,津贴
20250224SRQ3SR,income,7175.70,2025-02-24,生活费,津贴
20250808YHL9X1,income,6914.86,2025-08-08,娱乐,工资
20250207NW9BEN,income,3316.61,2025-02-07,购物,奖金
20250724S4LX86,income,2055.01,2025-07-24,购物,工资
20250202WKGG4N,income,5406.71,2025-02-02,加班,工资
20250522CZU8PR,income,2201.58,2025-05-22,加班,津贴
20250722LHJP2A,income,377.63,2025-07-22,学习,工资
20250604XD8OSG,income,6879.44,2025-06-04,生活费,津贴
20250815MWKASN,income,9740.19,2025-08-15,差旅,津贴
20251123AYHJ4V,income,1364.61,2025-11-23,购物,津贴
20250625X6UBK8,income,6023.65,2025-06-25,购物,奖金
20250515WTUGM6,income,1679.90,2025-05-15,生活费,奖金
20250608R614JE,income,3750.35,2025-06-08,学习,奖金
202505147KV2LQ,income,9977.91,2025-05-14,生活费,奖金
20251013WUHZCV,income,9168.25,2025-10-13,外卖,奖金
20250124FCZHN6,income,7010.33,2025-01-24,购物,奖金
20250807TEZLSC,income,5518.66,2025-08-07,购物,奖金
202508084ONF2X,income,89.40,2025-08-08,补贴,津贴
202501274MKEYO,income,4481.15,2025-01-27,正常,津贴
20251026BM00DG,income,8798.45,2025-10-26,正常,奖金
20250120NYZ9GJ,income,2748.25,2025-01-20,外卖,津贴
202503051SUKFW,income,8415.42,2025-03-05,加班,津贴
2025082625TX5R,income,1362.99,2025-08-26,报销,奖金
2025012807YOGM,income,7283.11,2025-01-28,生活费,奖金
20251210YQ5UFV,income,7445.96,2025-12-10,加班,奖金
20250512IXFJRJ,income,2318.44,2025-05-12,外卖,工资
20251116BUTI9F,income,8707.70,2025-11-16,娱乐,工资
202502204RRLK3,income,681.89,2025-02-20,差旅,奖金
202505253OOQU3,income,6310.35,2025-05-25,购物,奖金
202502103V3358,income,5188.93,2025-02-10,学习,奖金
20250217J7IM2E,income,4544.78,2025-02-17,学习,工资
20251118S3KQZJ,income,4596.55,2025-11-18,加班,津贴
20250508JT0BLM,income,5416.43,2025-05-08,报销,奖金
20251106SZ8O9I,income,6844.76,2025-11-06,外卖,津贴
202506246V3NZV,income,2908.36,2025-06-24,娱乐,奖金
20250405TGXJSS,income,8113.14,2025-04-05,生活费,工资
20251112U81E0O,income,4188.94,2025-11-12,正常,津贴
20251017JGL09C,income,3959.11,2025-10-17,外卖,奖金
20250220Y0VQZ3,income,5288.20,2025-02-20,生活费,工资
20251027Z70R6O,income,8473.12,2025-10-27,购物,奖金
202502103HJYBH,income,5055.03,2025-02-10,加班,工资
20250709YHONGL,income,640.13,2025-07-09,学习,津贴
20250323R8MFPM,income,1596.00,2025-03-23,娱乐,津贴
20250912T55GK8,income,6508.19,2025-09-12,加班,工资
20250802R1D4DW,income,3686.05,2025-08-02,报销,奖金
20250208REY9WG,income,3744.79,2025-02-08,差旅,奖金
20250511HODTFP,income,8763.98,2025-05-11,娱乐,工资
2025022244QHQT,income,8006.47,2025-02-22,生活费,奖金
20251205W11RRR,income,3809.48,2025-12-05,补贴,津贴
202508016J60J2,income,3126.31,2025-08-01,外卖,工资
20251208030E6W,income,3650.86,2025-12-08,购物,津贴
202510091LA4FF,income,8028.79,2025-10-09,报销,奖金
20250813579QXQ,income,6906.36,2025-08-13,生活费,奖金
202510122T4N73,income,9213.57,2025-10-12,学习,工资
20250522UVED6O,income,9464.26,2025-05-22,正常,工资
202506119QXAQ7,income,9645.89,2025-06-11,报销,奖金
20250702LDT9F1,income,6726.45,2025-07-02,购物,工资
20250525WT5FI7,income,3545.09,2025-05-25,外卖,奖金
20250702GOE39U,income,157.19,2025-07-02,生活费,津贴
202502270V9TW9,income,3396.02,2025-02-27,学习,工资
20250215YADNY7,income,9521.24,2025-02-15,加班,津贴
20250501ZZN79F,income,2393.17,2025-05-01,加班,工资
20250317MWJOS6,income,3054.49,2025-03-17,外卖,工资
202502245RC0WA,income,4228.68,2025-02-24,学习,奖金
20250624YTYZUG,income,4229.46,2025-06-24,补贴,奖金
20251026I7CW9S,income,5588.97,2025-10-26,外卖,工资
20250421NCN9RU,income,2974.99,2025-04-21,报销,工资
20250414KQ5WME,income,3337.24,2025-04-14,购物,津贴
20250404STKSDS,income,1474.21,2025-04-04,娱乐,津贴
20250713SP7SDS,income,5774.25,2025-07-13,加班,奖金
20250122QZR1L6,income,8429.01,2025-01-22,加班,津贴
20250822WCFLG2,income,2476.05,2025-08-22,购物,奖金
20250203J3G66X,income,9590.06,2025-02-03,学习,工资
202512211BLBN0,income,979.75,2025-12-21,外卖,奖金
20250217VAD968,income,6243.45,2025-02-17,加班,津贴
20250305BGJGXD,income,7550.91,2025-03-05,加班,工资
202508206682W4,income,2965.46,2025-08-20,生活费,奖金
20250404SVDPEJ,income,906.26,2025-04-04,外卖,津贴
20251109S1Y543,income,36.52,2025-11-09,学习,津贴
20251016856BJB,income,8634.22,2025-10-16,报销,津贴
20250909VKNRYU,income,7536.73,2025-09-09,外卖,奖金
202507158XMY4U,income,2578.57,2025-07-15,差旅,工资
20250621U6HVM6,income,2220.46,2025-06-21,娱乐,津贴
202501042WB2X5,income,4758.81,2025-01-04,生活费,工资
20250417XNVKUL,income,2416.86,2025-04-17,生活费,工资
2025010539PZRK,income,8982.87,2025-01-05,差旅,奖金
20250923OFDA05,income,2339.78,2025-09-23,娱乐,奖金
20250506Q31VLP,income,9265.84,2025-05-06,补贴,工资
20251116YIIE66,income,5403.06,2025-11-16,娱乐,工资
20250224YC5P21,income,4443.20,2025-02-24,学习,津贴
20251013GMMQQH,income,6665.08,2025-10-13,购物,奖金
20250722F4K0QH,income,1668.87,2025-07-22,报销,津贴
20251204ICEPTC,income,7004.81,2025-12-04,正常,奖金
202505173ERU5A,income,2879.11,2025-05-17,外卖,奖金
202511252UPV38,income,7338.21,2025-11-25,加班,津贴
20251102YIMAYJ,income,6244.45,2025-11-02,补贴,奖金
20251214KMCSVK,income,9966.88,2025-12-14,补贴,奖金
202510116O7VNZ,income,2619.47,2025-10-11,外卖,奖金
202502206OOOI8,income,4825.48,2025-02-20,加班,奖金
20250203CAV33D,income,9853.30,2025-02-03,生活费,津贴
20250219MF3GOE,income,752.70,2025-02-19,补贴,工资
20250806K61CE6,income,4369.98,2025-08-06,外卖,工资
20251001Q6SZG4,income,4135.72,2025-10-01,生活费,津贴
202512258T5MDB,income,7271.74,2025-12-25,购物,奖金
202507066Z91UK,income,4128.72,2025-07-06,正常,工资
202504190ZIVWU,income,3453.87,2025-04-19,生活费,工资
20250505YIVD19,income,4284.95,2025-05-05,报销,奖金
20250806KF3QNG,income,6692.80,2025-08-06,正常,津贴
20250503RUSKC7,income,1524.30,2025-05-03,加班,津贴
20250921O2YA5T,income,3318.20,2025-09-21,外卖,工资
20250501UNPSDN,income,9083.83,2025-05-01,生活费,津贴
20251226C40KKP,income,4622.57,2025-12-26,购物,津贴
202507216KGBMO,income,7610.12,2025-07-21,生活费,工资
2025111257MIQG,income,9628.56,2025-11-12,生活费,奖金
20250820XGHERY,income,4000.44,2025-08-20,外卖,津贴
20251010JP7RGM,income,9196.79,2025-10-10,正常,津贴
20250923WYYWWH,income,7518.63,2025-09-23,学习,工资
202508122FQQZM,income,7146.30,2025-08-12,娱乐,津贴
20251220LJU61Z,income,708.83,2025-12-20,外卖,工资
2025020889EP5H,income,5660.99,2025-02-08,报销,工资
20250121RU1LZF,income,1155.06,2025-01-21,正常,工资
20250317C2XWD4,income,7700.10,2025-03-17,报销,津贴
20250425ZBX4QX,income,3047.79,2025-04-25,娱乐,工资
20250612WUQN7L,income,8809.88,2025-06-12,学习,津贴
20250307R3QEC5,income,4535.49,2025-03-07,娱乐,奖金
20250823NCDPPR,income,5513.56,2025-08-23,学习,津贴
20250519RNHQM4,income,1539.55,2025-05-19,学习,工资
20250520CQEN61,income,8469.41,2025-05-20,学习,奖金
20251014P1DC34,income,5634.90,2025-10-14,补贴,工资
2025101489YSF1,income,3040.48,2025-10-14,补贴,津贴
20251106F7Z7XF,income,7230.86,2025-11-06,购物,奖金
20250611G8GUEJ,income,5118.88,2025-06-11,报销,奖金
20250225UPRPFL,income,2790.47,2025-02-25,差旅,津贴
202502104O2RSH,income,7502.85,2025-02-10,生活费,津贴
20250304P2XFRQ,income,7575.12,2025-03-04,报销,津贴
20250324OOJQ3W,income,7820.91,2025-03-24,购物,奖金
20250928MXVRY3,income,222.70,2025-09-28,生活费,工资
202509262SBACF,income,8621.13,2025-09-26,补贴,工资
20250705DKDC0R,income,1078.30,2025-07-05,差旅,津贴
20251018WYZ0QT,income,9087.85,2025-10-18,补贴,奖金
202511062CGZ8D,income,9074.06,2025-11-06,补贴,工资
20251020A8RTTR,income,6468.63,2025-10-20,加班,津贴
202509285SYA1H,income,3807.19,2025-09-28,学习,津贴
20251227508EGL,income,2324.99,2025-12-27,正常,奖金
20250211U1WZC0,income,3792.95,2025-02-11,正常,工资
20250721Y56E34,income,9013.30,2025-07-21,生活费,奖金
20250819D6859Q,income,5886.38,2025-08-19,补贴,津贴
20250520CAL7PH,income,9471.29,2025-05-20,购物,工资
20250304AUEV4P,income,2163.99,2025-03-04,购物,奖金
20250804200PFR,income,2456.68,2025-08-04,娱乐,工资
2025061878JIGQ,income,5659.17,2025-06-18,差旅,津贴
202506273IK5F7,income,1569.26,2025-06-27,娱乐,津贴
20250701X53E19,income,7151.16,2025-07-01,购物,工资
20251107N08Y5J,income,435.29,2025-11-07,购物,奖金
202501175XJZ6P,income,2310.10,2025-01-17,生活费,奖金
20251202QFH3T5,income,1074.25,2025-12-02,补贴,津贴
20251212NDOPPC,income,3681.88,2025-12-12,娱乐,奖金
20251211LHBNM8,income,8101.74,2025-12-11,报销,津贴
202507176KQZFZ,income,5498.50,2025-07-17,外卖,奖金
20250213XXDQXF,income,7543.78,2025-02-13,正常,工资
20250602ST87R1,income,1282.74,2025-06-02,购物,奖金
2025050276L4RM,income,9365.47,2025-05-02,加班,工资
2025111074C3T3,income,845.21,2025-11-10,购物,工资
202508232925VR,income,2091.62,2025-08-23,外卖,工资
20250325DMTWKP,income,4963.54,2025-03-25,生活费,奖金
20250327QPB4JD,income,3653.61,2025-03-27,生活费,工资
202506243PU79Y,income,1580.12,2025-06-24,生活费,津贴
20251126NC6OGR,income,3928.20,2025-11-26,娱乐,津贴
20251221340L3B,income,5632.70,2025-12-21,差旅,津贴
2025061955FHA1,income,468.77,2025-06-19,报销,奖金
20251217G79PE4,income,8738.35,2025-12-17,生活费,工资
20250313B1UAA5,income,6558.71,2025-03-13,购物,津贴
20250210IPH9QC,income,7600.88,2025-02-10,差旅,津贴
202508288P26OJ,income,4150.12,2025-08-28,报销,津贴
20250116JEEYV4,income,4865.92,2025-01-16,加班,津贴
202510122FYZUO,income,5626.14,2025-10-12,加班,工资
20251119ZNUJR5,income,7890.10,2025-11-19,娱乐,津贴
20250201845PIO,income,9836.58,2025-02-01,学习,奖金
20250426PZ5IAK,income,7685.94,2025-04-26,报销,津贴
20250606RZ4CD4,income,975.71,2025-06-06,正常,奖金
20250216LB68Z5,income,32.06,2025-02-16,报销,津贴
20250414UMRM3Y,income,769.60,2025-04-14,购物,津贴
20250820BWSBQC,income,999.13,2025-08-20,差旅,津贴
202511165L4USU,income,9310.85,2025-11-16,加班,奖金
20251103IPL5MI,income,5710.94,2025-11-03,生活费,工资
20250811BL7LEJ,income,1769.70,2025-08-11,娱乐,工资
20250621EARD4E,income,3239.35,2025-06-21,报销,津贴
2025030496THH8,income,1056.62,2025-03-04,补贴,津贴
202509202KA4BX,income,3339.86,2025-09-20,补贴,奖金
20250312DMSCKL,income,8403.70,2025-03-12,补贴,工资
2025012755UDBI,income,2975.33,2025-01-27,差旅,奖金
20250226KW7TN2,income,5817.63,2025-02-26,补贴,奖金
20250727NFX1KN,income,3533.30,2025-07-27,差旅,津贴
20250928BPBOA0,income,8663.52,2025-09-28,加班,津贴
20250321L0OSPA,income,7077.33,2025-03-21,学习,奖金
20250422JBWU3X,income,453.17,2025-04-22,报销,奖金
20250512H6QD8T,income,8663.73,2025-05-12,生活费,津贴
20250917GQPL4R,income,5320.36,2025-09-17,差旅,奖金
20250901E5KSTQ,income,9927.46,2025-09-01,加班,津贴
20250623FV4VGU,income,3902.57,2025-06-23,生活费,津贴
20251213ABZOQB,income,8790.70,2025-12-13,报销,奖金
20250302UVRRFI,income,9489.32,2025-03-02,娱乐,津贴
20250818VVWL9R,income,991.44,2025-08-18,报销,津贴
202505090QP5NT,income,6515.76,2025-05-09,差旅,津贴
20251018OAXMFS,income,2877.22,2025-10-18,报销,津贴
20251018AFBHRO,income,4042.56,2025-10-18,外卖,工资
2025070119FMLD,income,7520.86,2025-07-01,购物,工资
20250601TQD31H,income,6352.45,2025-06-01,正常,津贴
202512184JFGHN,income,8687.51,2025-12-18,差旅,奖金
20250226UIO6E1,income,946.36,2025-02-26,娱乐,工资
20250319WUJUK0,income,2854.54,2025-03-19,补贴,工资
20250915Z3YEY5,income,5675.70,2025-09-15,生活费,奖金
20250310NV4MO1,income,6869.04,2025-03-10,外卖,奖金
20251121Q2KK65,income,213.78,2025-11-21,正常,奖金
20250427CMCEEF,income,1929.73,2025-04-27,正常,工资
20250714KYSE23,income,6308.64,2025-07-14,购物,奖金
20250424C24YKO,income,5458.99,2025-04-24,正常,工资
20250108MIDIBP,income,486.06,2025-01-08,报销,津贴
20250203Z6NXVC,income,5241.05,2025-02-03,学习,工资
20250117RV0TQZ,income,2931.96,2025-01-17,加班,奖金
20250415F2A4ZE,income,9476.59,2025-04-15,生活费,工资
20251107N7E2UN,income,3349.29,2025-11-07,补贴,奖金
20250123QBKJBG,income,785.10,2025-01-23,外卖,津贴
20250314AIK167,income,9036.13,2025-03-14,娱乐,工资
20250112ODOUMZ,income,3204.09,2025-01-12,差旅,津贴
20250912LFK993,income,6985.19,2025-09-12,正常,津贴
202505109BP649,income,7990.86,2025-05-10,外卖,工资
202510058WJV54,income,5900.95,2025-10-05,差旅,津贴
20250810Q93G9K,income,8564.15,2025-08-10,正常,工资
202507103HD1RA,income,6869.74,2025-07-10,生活费,奖金
202507235YLGO9,income,2344.78,2025-07-23,差旅,奖金
20251112KN98JA,income,9916.34,2025-11-12,生活费,工资
20251015FBHRHX,income,8767.44,2025-10-15,娱乐,奖金
202508148UZD1X,income,6693.60,2025-08-14,购物,奖金
2025030802BC8F,income,719.83,2025-03-08,生活费,奖金
20250228MZC56A,income,8940.81,2025-02-28,购物,工资
20250728O5C4CX,income,9611.94,2025-07-28,购物,津贴
20251202DB3ZDS,income,5968.38,2025-12-02,学习,奖金
20250915U7LHB3,income,3597.37,2025-09-15,正常,奖金
20251201KKOEA1,income,1111.49,2025-12-01,报销,奖金
20250316SDURAP,income,5080.59,2025-03-16,差旅,工资
20251120S5KWKM,income,9927.68,2025-11-20,外卖,工资
20250108US9JMV,income,7441.68,2025-01-08,正常,工资
20250728KLTS88,income,5988.64,2025-07-28,外卖,工资
20250815LVVU6U,income,7025.34,2025-08-15,加班,工资
20251106HZRL2J,income,9027.38,2025-11-06,娱乐,奖金
202512117RKBXQ,income,160.11,2025-12-11,购物,奖金
202509078W6DLY,income,4098.87,2025-09-07,学习,工资
20250211PI9Y8A,income,3160.64,2025-02-11,学习,工资
20251115HXXSOD,income,1721.80,2025-11-15,正常,津贴
20250425AKSUGO,income,3165.28,2025-04-25,外卖,津贴
20250114SST0YE,income,1322.49,2025-01-14,外卖,工资
20251221BV6I4G,income,4845.43,2025-12-21,生活费,工资
20250703ZDHMWO,income,1864.30,2025-07-03,加班,津贴
20250822IYROAJ,income,7089.60,2025-08-22,差旅,津贴
20250614GG1RYU,income,463.38,2025-06-14,正常,奖金
20250511P1UB5F,income,3959.79,2025-05-11,娱乐,奖金
202506144L9GOX,income,6569.04,2025-06-14,补贴,奖金
20251119R8KJ7N,income,642.72,2025-11-19,正常,工资
20250312IUNCQS,income,3999.30,2025-03-12,生活费,工资
20250406THMQXZ,income,7384.56,2025-04-06,补贴,津贴
20250127439Y7X,income,8716.49,2025-01-27,加班,奖金
20250905GQIFOG,income,4206.14,2025-09-05,学习,工资
20251021HOZCE9,income,9026.47,2025-10-21,加班,奖金
20250816ZF7I6S,income,8859.94,2025-08-16,购物,津贴
2025010802TUBV,income,1216.67,2025-01-08,加班,奖金
202509062FEDN4,income,5695.50,2025-09-06,学习,工资
20250514SC6UKC,income,7129.47,2025-05-14,外卖,工资
20251025LBQGOL,income,3959.30,2025-10-25,差旅,工资
20250203QL3QO9,income,3897.65,2025-02-03,差旅,工资
202510058E95Y6,income,9624.46,2025-10-05,购物,奖金
20250101X9WBSY,income,8111.44,2025-01-01,报销,奖金
20251116N9DKZF,income,6477.91,2025-11-16,生活费,津贴
20250316XNFEFH,income,1114.31,2025-03-16,加班,奖金
202502178KRQDL,income,3589.83,2025-02-17,购物,奖金
20251001S7B6CM,income,3210.71,2025-10-01,正常,奖金
20250306R9U24M,income,4564.95,2025-03-06,外卖,奖金
202511216BVH62,income,668.89,2025-11-21,补贴,奖金
20250219QV6SJ2,income,6174.78,2025-02-19,正常,奖金
20250524ETVCXA,income,9321.30,2025-05-24,外卖,工资
20250509JI5FRM,income,6355.35,2025-05-09,加班,工资
202504283OK8MJ,income,1859.79,2025-04-28,正常,工资
20251008K0AQVX,income,6674.52,2025-10-08,学习,工资
20251118IW41O9,income,4725.99,2025-11-18,生活费,津贴
20250501VCPB9J,income,5958.19,2025-05-01,生活费,奖金
2025030994S19U,income,9567.68,2025-03-09,外卖,津贴
202511032E5CY5,income,5055.75,2025-11-03,报销,津贴
20251222V0ZKPB,income,4979.47,2025-12-22,正常,工资
20250917LYI9K8,income,8101.88,2025-09-17,正常,工资
20251017XK14E9,income,7495.31,2025-10-17,外卖,津贴
20250701PEVVOD,income,7863.08,2025-07-01,娱乐,奖金
20250902QI5FII,income,2255.52,2025-09-02,差旅,工资
20250925UXTXJ2,income,2387.81,2025-09-25,购物,工资
20250323LLQPXM,income,1598.82,2025-03-23,娱乐,津贴
20250911I2ZQ5D,income,8778.43,2025-09-11,购物,工资
202511020HTL2D,income,7666.21,2025-11-02,娱乐,工资
20250407F4RX2K,income,3787.75,2025-04-07,差旅,奖金
20251119CTI0FH,income,7905.68,2025-11-19,正常,奖金
20251117HOHUP3,income,3490.15,2025-11-17,报销,津贴
20251009X6O2W6,income,7451.41,2025-10-09,娱乐,奖金
20250121LQW2VK,income,6852.25,2025-01-21,生活费,奖金
20250426VU9UWI,income,6021.99,2025-04-26,差旅,奖金
20250608YINQCR,income,5200.08,2025-06-08,正常,奖金
20250312J7FKSQ,income,5831.12,2025-03-12,补贴,奖金
20250824ANV5DS,income,4109.22,2025-08-24,报销,工资
20251126N77TOU,income,7356.83,2025-11-26,学习,工资
20250615ESQRUG,income,1123.47,2025-06-15,学习,奖金
20251213B5ICIO,income,2268.06,2025-12-13,购物,工资
20250320OAUME7,income,4336.90,2025-03-20,报销,工资
2025121334YA8L,income,7119.37,2025-12-13,学习,奖金
20250404LDOEZ0,income,3456.38,2025-04-04,娱乐,津贴
20251112ZVH3ON,income,5496.70,2025-11-12,生活费,工资
202501026ZUYL1,income,6065.21,2025-01-02,差旅,工资
20250926E6V0WE,income,4340.01,2025-09-26,娱乐,奖金
20250327BUY6ZU,income,5130.86,2025-03-27,补贴,奖金
20250326L3E78Q,income,6198.77,2025-03-26,生活费,奖金
20250708K02B8J,income,9214.26,2025-07-08,加班,奖金
20250313WUQ8IR,income,6120.01,2025-03-13,正常,奖金
202512289W0M0J,income,8378.79,2025-12-28,购物,奖金
20250725RHL7MB,income,6792.13,2025-07-25,报销,津贴
20250621QCB4FR,income,3407.40,2025-06-21,生活费,奖金
2025070922V6U7,income,9428.13,2025-07-09,报销,津贴
20251127QS0NGX,income,4421.89,2025-11-27,加班,津贴
20251020CQ9PU4,income,9436.75,2025-10-20,加班,津贴
202504069D8T7Y,income,1030.36,2025-04-06,娱乐,津贴
202501205UQS6Z,income,5275.78,2025-01-20,购物,工资
20250415SH33OS,income,5084.06,2025-04-15,外卖,工资
20250222WU6FKR,income,6233.10,2025-02-22,报销,津贴
202505056OV4JO,income,9695.67,2025-05-05,加班,奖金
2025082061A4JZ,income,5001.47,2025-08-20,购物,津贴
202511093FH5BB,income,6198.37,2025-11-09,加班,津贴
20250118993JXE,income,7314.63,2025-01-18,外卖,津贴
20250227TEFMVZ,income,9152.59,2025-02-27,购物,津贴
20250206ZUZPQC,income,3988.91,2025-02-06,差旅,奖金
20250911SLSKI8,income,5670.02,2025-09-11,差旅,工资
202512235UEZC6,income,720.19,2025-12-23,正常,津贴
202502012G9XM5,income,553.03,2025-02-01,正常,工资
20251222B4K1FX,income,4444.66,2025-12-22,学习,奖金
20250614XJEICF,income,6522.24,2025-06-14,差旅,工资
20250708FEPWA5,income,4683.29,2025-07-08,学习,工资
20250417TZTPPW,income,3955.49,2025-04-17,报销,津贴
20251223ZL2Z05,income,3117.56,2025-12-23,加班,津贴
20250902IPKVGM,income,2585.15,2025-09-02,报销,工资
20250712J5TJ4E,income,7601.65,2025-07-12,娱乐,工资
20251121559M4G,income,7603.11,2025-11-21,差旅,津贴
202503062NH1IQ,income,2731.41,2025-03-06,外卖,奖金
202507077WUZTJ,income,6899.60,2025-07-07,学习,奖金
202505022B7843,income,7659.83,2025-05-02,补贴,奖金
20251013J6QVQ4,income,8758.67,2025-10-13,补贴,奖金
20251210ZAK90A,income,5396.41,2025-12-10,差旅,工资
202509220A9KLD,income,8659.81,2025-09-22,正常,津贴
202509124WU2BO,income,2653.51,2025-09-12,生活费,奖金
20250928CP04FQ,income,741.95,2025-09-28,补贴,津贴
202507089V3SCX,income,6976.41,2025-07-08,学习,津贴
20251015JBY7TQ,income,8686.70,2025-10-15,购物,津贴
20250922LDTZ5F,income,9461.34,2025-09-22,娱乐,奖金
202503106UTW2G,income,7521.43,2025-03-10,生活费,奖金
202504038N5KDN,income,34.79,2025-04-03,购物,奖金
2025030638A3S0,income,2915.09,2025-03-06,外卖,奖金
20250314B8D7ZS,income,6362.96,2025-03-14,学习,奖金
202503149DSGAT,income,2231.78,2025-03-14,购物,津贴
20250619Z2D4EE,income,3543.16,2025-06-19,学习,奖金
20250709IMVRKD,income,8108.88,2025-07-09,差旅,工资
20251124I27E5X,income,6749.49,2025-11-24,生活费,奖金
202504076VM9JG,income,2332.69,2025-04-07,购物,津贴
20250520OXL3XP,income,2101.45,2025-05-20,生活费,工资
20251219ZJAVWN,income,1370.46,2025-12-19,正常,奖金
2025072645BAVD,income,394.59,2025-07-26,加班,工资
20250901QUR3ED,income,1920.44,2025-09-01,补贴,工资
2025121935XW9N,income,6459.78,2025-12-19,加班,津贴
20250409IXMOUS,income,4572.27,2025-04-09,报销,工资
202509240HXDQB,income,7030.24,2025-09-24,购物,工资
20250608ENTVMD,income,3997.91,2025-06-08,补贴,奖金
202512155DS5IZ,income,342.76,2025-12-15,购物,津贴
20250108V8LFSF,income,9991.97,2025-01-08,差旅,奖金
20250208F8LJV7,income,7553.29,2025-02-08,购物,工资
20250115QOR92Y,income,8760.88,2025-01-15,报销,奖金
20250107FM4RCB,income,1065.92,2025-01-07,正常,津贴
20250211PJFUU6,income,3357.60,2025-02-11,补贴,津贴
20251005Z1KV9K,income,3348.65,2025-10-05,报销,奖金
20251125ZG4GSL,income,8077.40,2025-11-25,补贴,津贴
202508178BKCMX,income,1954.22,2025-08-17,加班,工资
20250920VGZKCL,income,8153.31,2025-09-20,加班,工资
20250522G5Z57A,income,5043.44,2025-05-22,补贴,工资
202505260KF1O2,income,5414.10,2025-05-26,正常,津贴
20250807GOEBVH,income,8667.98,2025-08-07,差旅,津贴
20250418H4IJ75,income,2496.93,2025-04-18,外卖,工资
20250127LMLFKV,income,7963.85,2025-01-27,生活费,奖金
20250421IXQ404,income,5700.40,2025-04-21,购物,奖金
2025100375JL2S,income,1812.31,2025-10-03,报销,奖金
20251211CGKALW,income,1584.78,2025-12-11,差旅,工资
20250701E1OLUZ,income,8147.18,2025-07-01,生活费,津贴
20250613925B17,income,1074.96,2025-06-13,差旅,工资
20250827I2M1YW,income,1340.08,2025-08-27,补贴,奖金
20250602ILQ19G,income,9555.44,2025-06-02,正常,工资
20250621DTQE37,income,9149.07,2025-06-21,报销,奖金
20250311TCNNI0,income,4519.25,2025-03-11,报销,奖金
20250708A5RV7G,income,4728.30,2025-07-08,正常,津贴
20250920F11GZ2,income,363.55,2025-09-20,差旅,奖金
2025120894H7FO,income,4100.31,2025-12-08,差旅,工资
20250904IHYT0S,income,1907.80,2025-09-04,外卖,工资
20250501351IXY,income,4729.57,2025-05-01,购物,奖金
202506092RUWFA,income,4566.58,2025-06-09,外卖,奖金
20250907KAGRE3,income,7487.71,2025-09-07,购物,津贴
20250906J9ZLFY,income,2752.61,2025-09-06,差旅,工资
20250512CYH6G0,income,9817.91,2025-05-12,正常,工资
20250827SIVJH8,income,7514.04,2025-08-27,娱乐,工资
20251003CTOJBK,income,4139.01,2025-10-03,正常,津贴
20250111SCY1DT,income,9729.27,2025-01-11,正常,津贴
20251002LZ5M9M,income,9677.60,2025-10-02,购物,奖金
20250516Z61WLV,income,3673.24,2025-05-16,加班,奖金
20250420Y2T8JB,income,5955.95,2025-04-20,加班,工资
20251224EIB5EI,income,2389.80,2025-12-24,报销,奖金
20250110LZILWA,income,3843.25,2025-01-10,购物,奖金
20250407QOYY4E,income,8029.95,2025-04-07,加班,工资
202503049UPUD1,income,2618.66,2025-03-04,补贴,工资
20250214C30SCK,income,4867.67,2025-02-14,补贴,奖金
20250901JCLNEU,income,9540.10,2025-09-01,报销,工资
2025051109JIQO,income,6411.45,2025-05-11,娱乐,工资
20250428UX0GL8,income,7997.24,2025-04-28,补贴,工资
202510027L4B0I,income,6478.61,2025-10-02,娱乐,工资
2025010901FIDE,income,5521.17,2025-01-09,正常,工资
202509089L61NC,income,9458.84,2025-09-08,差旅,奖金
20250416STCYTI,income,2069.84,2025-04-16,加班,工资
20251023C6YRX2,income,4433.62,2025-10-23,学习,奖金
20250525J6P50T,income,2440.61,2025-05-25,购物,奖金
202508271OFEDL,income,1820.81,2025-08-27,购物,奖金
20250426QAHQXG,income,9138.17,2025-04-26,购物,津贴
20250709BG784M,income,9346.81,2025-07-09,购物,奖金
20250206MDW2H8,income,7327.20,2025-02-06,正常,奖金
202510178U9OLC,income,7626.77,2025-10-17,娱乐,奖金
20250322G175WP,income,5039.59,2025-03-22,补贴,津贴
20251106VAB90Q,income,6754.79,2025-11-06,报销,奖金
20250622UBVATR,income,3238.78,2025-06-22,差旅,津贴
202510144X5LT8,income,2843.59,2025-10-14,娱乐,奖金
20251125SCPOUG,income,8819.14,2025-11-25,购物,工资
20250923INWF9X,income,6345.85,2025-09-23,娱乐,奖金
20250527Y7XGHA,income,5223.96,2025-05-27,报销,奖金
20250302PN5OZ9,income,8404.69,2025-03-02,外卖,津贴
202509226MLM42,income,5853.73,2025-09-22,正常,奖金
20250515BH25TL,income,8525.94,2025-05-15,正常,奖金
20250819ZWPGQ9,income,2776.74,2025-08-19,学习,奖金
20250210E7FD5Q,income,9687.46,2025-02-10,补贴,工资
20250526MY4401,income,2710.29,2025-05-26,购物,奖金
20251117LILJ3S,income,8411.99,2025-11-17,正常,奖金
20250616P1HUXV,income,6439.67,2025-06-16,生活费,奖金
20250603DPUD4F,income,3887.35,2025-06-03,差旅,津贴
20251118EOEA4J,income,5217.24,2025-11-18,补贴,工资
202504019LNA79,income,9019.36,2025-04-01,外卖,津贴
20250204CQWXCT,income,187.28,2025-02-04,差旅,津贴
20250907U2XVGA,income,4112.06,2025-09-07,加班,津贴
20250608KGS51X,income,3020.60,2025-06-08,外卖,津贴
20250418XJ0IOM,income,783.45,2025-04-18,报销,津贴
20251117A2EJLV,income,104.85,2025-11-17,购物,津贴
20250914NVBOVV,income,5483.79,2025-09-14,差旅,津贴
20251219QND54V,income,751.78,2025-12-19,加班,津贴
202503278ALAH6,income,3507.38,2025-03-27,娱乐,奖金
202511053NXX7I,income,2922.72,2025-11-05,报销,奖金
202509254F9WSR,income,9158.44,2025-09-25,正常,工资
20251114KOGZ02,income,9723.27,2025-11-14,学习,津贴
20250417Y2NBM5,income,173.83,2025-04-17,购物,津贴
202504094EBWZT,income,7432.37,2025-04-09,购物,津贴
20250127QRKFF7,income,3255.73,2025-01-27,报销,工资
20251216VZJQD6,income,3467.59,2025-12-16,生活费,津贴
20250526Z8EQAL,income,1116.06,2025-05-26,加班,工资
20250704YX8QUO,income,1169.53,2025-07-04,外卖,工资
202502199M78H3,income,8104.32,2025-02-19,学习,奖金
20251204CUOKYG,income,1349.41,2025-12-04,生活费,工资
2025071487931O,income,4379.76,2025-07-14,正常,津贴
20250215584FX1,income,6176.83,2025-02-15,生活费,奖金
2025082663ZCY8,income,6931.26,2025-08-26,外卖,奖金
20250904RKRV69,income,9000.05,2025-09-04,加班,津贴
202511042BPJXI,income,2734.56,2025-11-04,补贴,工资
20250225WLQT7O,income,2458.99,2025-02-25,学习,工资
20251121ZNFLKV,income,2518.01,2025-11-21,学习,工资
20251213DW1O6L,income,2525.63,2025-12-13,补贴,津贴
20251009SNILUU,income,9522.69,2025-10-09,正常,工资
20250224E0JFKH,income,6125.46,2025-02-24,学习,奖金
20251111ZZMA8D,income,2190.57,2025-11-11,购物,工资
20250111AF3B0R,income,7081.46,2025-01-11,差旅,奖金
202503263MYZQ0,income,4367.88,2025-03-26,补贴,奖金
20251117A3323U,income,226.20,2025-11-17,购物,奖金
20250521SJFRQU,income,415.84,2025-05-21,正常,奖金
202501120LWWUQ,income,5240.11,2025-01-12,外卖,奖金
20250428798ZLK,income,1529.12,2025-04-28,娱乐,津贴
20250202FW59Z5,income,8282.75,2025-02-02,购物,津贴
20250420PC9WJ9,income,6888.03,2025-04-20,报销,工资
20251013OIADW9,income,9874.04,2025-10-13,差旅,津贴
202510103WS0FJ,income,9753.26,2025-10-10,生活费,津贴
20250122XNL36C,income,3955.22,2025-01-22,购物,工资
2025092042V7O9,income,2819.67,2025-09-20,加班,工资
20250906DX0LBB,income,1993.26,2025-09-06,补贴,工资
20251008XBKO26,income,4407.89,2025-10-08,娱乐,奖金
20250709XQUXHN,income,5747.03,2025-07-09,报销,津贴
202508261FEMYO,income,769.33,2025-08-26,购物,工资
20250301P7EYWD,income,8135.23,2025-03-01,娱乐,津贴
20250909JAJ37A,income,6610.79,2025-09-09,正常,津贴
20250819WB0RY1,income,3786.18,2025-08-19,报销,奖金
202501132LMFIX,income,3072.23,2025-01-13,报销,工资
20250222J4Z1RB,income,5875.89,2025-02-22,加班,工资
20250108VUFDTW,income,4708.07,2025-01-08,学习,津贴
202503012FGYES,income,659.12,2025-03-01,外卖,工资
20250511M7MW1N,income,7975.81,2025-05-11,学习,津贴
202504182RRFQQ,income,475.22,2025-04-18,差旅,津贴
2025020993XN56,income,3105.06,2025-02-09,学习,津贴
2025012126JQPC,income,6338.98,2025-01-21,补贴,工资
20250324TIOG0V,income,1975.21,2025-03-24,学习,工资
20251202J0I0NV,income,6617.62,2025-12-02,生活费,奖金
20251111VPSQTM,income,2760.27,2025-11-11,补贴,奖金
20250305IPJCPP,income,4070.64,2025-03-05,正常,工资
202508122QB9CC,income,315.20,2025-08-12,学习,奖金
20250228IYTMCF,income,2737.25,2025-02-28,购物,工资
20250306EF9NR9,income,3455.19,2025-03-06,学习,工资
20250403TYYLRG,income,1863.71,2025-04-03,补贴,津贴
202503113Q779P,income,7495.88,2025-03-11,差旅,津贴
20250616UA1XT9,income,5952.07,2025-06-16,报销,工资
20251018FSL4UC,income,3785.26,2025-10-18,差旅,奖金
20250109XK4X8W,income,3431.55,2025-01-09,购物,奖金
20250211VDKNQS,income,652.84,2025-02-11,娱乐,奖金
20250227YFUF7F,income,942.62,2025-02-27,外卖,工资
20250120AZF3DG,income,7523.92,2025-01-20,生活费,奖金
20250417D6VOFA,income,6707.02,2025-04-17,报销,津贴
20250815UX90BK,income,4896.16,2025-08-15,正常,奖金
20250926M1DGMR,income,443.24,2025-09-26,补贴,工资
202510223HKBOR,income,3201.98,2025-10-22,正常,津贴
20250207VYSAOY,income,6257.60,2025-02-07,学习,奖金
20250621RZ2MBT,income,9849.27,2025-06-21,生活费,津贴
20250122K6RF81,income,9460.59,2025-01-22,正常,津贴
2025061891898V,income,3155.72,2025-06-18,报销,工资
202510136MRZ7P,income,451.45,2025-10-13,正常,奖金
20250308VEZWQ1,income,3393.47,2025-03-08,购物,奖金
20251027I6F4X4,income,6701.92,2025-10-27,正常,津贴
20250501N5DCHW,income,9013.53,2025-05-01,正常,奖金
20251201TU08Q5,income,2833.12,2025-12-01,报销,津贴
20250105B5U0BW,income,2113.09,2025-01-05,报销,工资
20250124KI3F0L,income,5927.34,2025-01-24,娱乐,津贴
2025102838UR5Z,income,7129.98,2025-10-28,报销,工资
20250715TQFQ4Q,income,5153.35,2025-07-15,学习,津贴
202501238A5GZE,income,9578.95,2025-01-23,正常,津贴
20250724M7FY42,income,5578.93,2025-07-24,差旅,津贴
20250905JB3F8W,income,5805.83,2025-09-05,外卖,奖金
20250820G72L1I,income,4561.88,2025-08-20,补贴,奖金
20251109DDW0KK,income,2102.52,2025-11-09,购物,工资
20251217MM4YCB,income,7450.51,2025-12-17,娱乐,奖金
20250805MJSBH6,income,2555.97,2025-08-05,娱乐,奖金
2025050320Y5FW,income,2490.95,2025-05-03,差旅,津贴
202505029LCHCR,income,6489.88,2025-05-02,差旅,工资
20250203MU4C5D,income,8421.50,2025-02-03,差旅,津贴
20250805NJIS62,income,3170.51,2025-08-05,加班,工资
20250813N32OOI,income,9262.82,2025-08-13,外卖,工资
20250427PGHIFQ,income,2213.19,2025-04-27,差旅,工资
20251221XQ6GU0,income,4018.17,2025-12-21,加班,奖金
202506089E0AFY,income,9504.22,2025-06-08,学习,工资
202510013PB4FA,income,873.00,2025-10-01,加班,津贴
20250327M1DBB6,income,5936.42,2025-03-27,补贴,奖金
20250705C0QGZZ,income,9906.47,2025-07-05,加班,奖金
202510030VEDLS,income,2058.02,2025-10-03,报销,津贴
20250927MNNZRE,income,6306.07,2025-09-27,差旅,工资
20250717EMFNUM,income,9166.93,2025-07-17,生活费,津贴
202512265RZDA9,income,897.04,2025-12-26,学习,奖金
202504264LW795,income,7585.99,2025-04-26,外卖,津贴
20250327SQC9IX,income,9081.67,2025-03-27,补贴,奖金
20251215PA34NL,income,8412.12,2025-12-15,正常,津贴
20250920KP11C9,income,1796.16,2025-09-20,学习,津贴
202502163K4K2A,income,4813.33,2025-02-16,加班,工资
20250114KNXO01,income,9993.93,2025-01-14,加班,工资
20250314VL454C,income,4321.98,2025-03-14,报销,津贴
20251201J79PVS,income,715.38,2025-12-01,购物,奖金
20250426DFE2LI,income,9044.53,2025-04-26,购物,津贴
20250102KZSLDV,income,4919.58,2025-01-02,正常,津贴
202503125RAOMI,income,5198.21,2025-03-12,娱乐,奖金
2025090976WTSY,income,1007.31,2025-09-09,外卖,工资
20251212AT8KT4,income,5811.63,2025-12-12,学习,津贴
20250617QSFLEJ,income,6015.58,2025-06-17,外卖,工资
2025062360QEJA,income,8782.45,2025-06-23,补贴,工资
202505091EUEDO,income,468.46,2025-05-09,外卖,奖金
20250302IAS1MQ,income,3905.14,2025-03-02,加班,津贴
20250321SFWT1M,income,3724.17,2025-03-21,生活费,奖金
2025022503IHPB,income,9189.66,2025-02-25,正常,奖金
202504143RHCPV,income,4503.94,2025-04-14,生活费,奖金
2025030412XBOA,income,6898.55,2025-03-04,补贴,津贴
20251107KRH8K9,income,1360.10,2025-11-07,娱乐,工资
20251203YEO48I,income,515.14,2025-12-03,学习,津贴
20250802INZNB7,income,3135.03,2025-08-02,加班,奖金
20250823TCRLQG,income,4833.67,2025-08-23,娱乐,津贴
202505073KX9AW,income,1414.72,2025-05-07,加班,工资
20251216OA5DFH,income,6145.84,2025-12-16,报销,津贴
20250320MYLJ4Z,income,3646.94,2025-03-20,生活费,奖金
20251206UM2GJS,income,1539.33,2025-12-06,外卖,工资
20250117OD6GQP,income,3126.92,2025-01-17,学习,津贴
202503137EI215,income,8241.21,2025-03-13,购物,奖金
20250214EIA12C,income,287.40,2025-02-14,外卖,奖金
20250725X6NNKE,income,7625.30,2025-07-25,报销,津贴
2025081611J3SJ,income,591.98,2025-08-16,正常,津贴
20250114XQAGJP,income,4609.70,2025-01-14,生活费,工资
20250209TYJQU0,income,1288.32,2025-02-09,外卖,工资
20250421EKHKOY,income,4749.21,2025-04-21,学习,奖金
20250313JNHHWJ,income,5853.65,2025-03-13,外卖,津贴
20250505OPO1ED,income,2647.96,2025-05-05,外卖,奖金
20250614DLDOCH,income,2601.03,2025-06-14,正常,津贴
20250614Z87GR8,income,6051.72,2025-06-14,生活费,津贴
20250419KEAEU3,income,947.23,2025-04-19,外卖,工资
20250920O840A9,income,5556.28,2025-09-20,购物,奖金
20250406JJOII8,income,5225.14,2025-04-06,生活费,工资
20250115B0K09F,income,5496.69,2025-01-15,娱乐,津贴
2025031969JT3I,income,2896.66,2025-03-19,购物,工资
20250826Q0BGWI,income,2708.92,2025-08-26,学习,奖金
20250809AXRPWX,income,9054.28,2025-08-09,购物,奖金
20250718K4YW1X,income,628.47,2025-07-18,加班,津贴
20251208XOZGPE,income,7581.14,2025-12-08,购物,津贴
20250514DYJHML,income,9706.93,2025-05-14,娱乐,奖金
202503170C5QIX,income,4885.38,2025-03-17,购物,工资
20250405COUKXI,income,346.71,2025-04-05,正常,奖金
20250707UZJCWA,income,8556.25,2025-07-07,娱乐,津贴
20251108T5U9EV,income,4903.27,2025-11-08,差旅,津贴
20251018E9X020,income,9092.18,2025-10-18,外卖,奖金
20250225FIV1UN,income,5413.63,2025-02-25,娱乐,奖金
20251115ROVJIT,income,3369.42,2025-11-15,娱乐,工资
20250501KSS12H,income,8339.08,2025-05-01,报销,津贴
20250202BNLB0V,income,2110.49,2025-02-02,正常,工资
20250307Q8J4FE,income,7804.51,2025-03-07,加班,工资
202508160BCY07,income,2092.11,2025-08-16,加班,津贴
20251106TMTG1F,income,3858.06,2025-11-06,购物,工资
20251002SR1FUC,income,3998.85,2025-10-02,外卖,津贴
20250710IOSUZB,income,9630.12,2025-07-10,购物,津贴
20251014AGBHSB,income,1523.44,2025-10-14,购物,奖金
20251203B8Y74V,income,1839.57,2025-12-03,购物,津贴
202512214P0NOY,income,5801.64,2025-12-21,生活费,奖金
20250726AL74HU,income,9477.28,2025-07-26,生活费,工资
20251210F16FKT,income,6618.74,2025-12-10,外卖,奖金
202502086TGBDO,income,2386.99,2025-02-08,外卖,奖金
20250107L698ZL,income,3582.36,2025-01-07,补贴,工资
202501130M5INO,income,7445.54,2025-01-13,正常,津贴
202503187AK638,income,3590.10,2025-03-18,差旅,奖金
20250106YHUGRN,income,1739.65,2025-01-06,购物,工资
20250118TY6Y0Q,income,8376.21,2025-01-18,学习,工资
20250204EKHDOX,income,5564.15,2025-02-04,报销,奖金
20250411YGC168,income,6788.36,2025-04-11,娱乐,津贴
202504181DA0X3,income,4695.43,2025-04-18,娱乐,工资
20250117O9EGCN,income,9913.55,2025-01-17,加班,津贴
202507053VK8PW,income,4434.94,2025-07-05,购物,奖金
202510255KX4Y1,income,7341.57,2025-10-25,购物,津贴
20250402CGTVT0,income,6105.64,2025-04-02,补贴,津贴
202505153X8PX5,income,2944.30,2025-05-15,补贴,奖金
20250508D3RWBB,income,3577.73,2025-05-08,娱乐,津贴
20250604P75L27,income,4531.38,2025-06-04,补贴,工资
20250618AMPRUL,income,8337.80,2025-06-18,加班,工资
20251003D8WU2K,income,339.93,2025-10-03,娱乐,奖金
202502216QD4OW,income,2205.23,2025-02-21,加班,津贴
202510240X3J97,income,8659.42,2025-10-24,报销,工资
20250119S0YNI9,income,6520.90,2025-01-19,学习,津贴
20251004J6H50N,income,4611.72,2025-10-04,报销,工资
20250720T005TQ,income,1492.13,2025-07-20,加班,工资
20251205XZF41U,income,8724.40,2025-12-05,娱乐,奖金
202509041VQ8DZ,income,9280.68,2025-09-04,学习,奖金
202504178QRZT0,income,2797.70,2025-04-17,娱乐,津贴
202512267PIDJ4,income,1678.97,2025-12-26,生活费,工资
20250402ZU8FZC,income,9366.00,2025-04-02,补贴,奖金
20250324DM77XN,income,2246.78,2025-03-24,报销,工资
20250109P1Q3NQ,income,3126.56,2025-01-09,购物,津贴
20250321NVMZ0Z,income,5124.30,2025-03-21,差旅,奖金
20250628V01KI7,income,5155.54,2025-06-28,生活费,奖金
202507245E9SYR,income,6578.39,2025-07-24,加班,奖金
20251019Y7FX19,income,2653.53,2025-10-19,外卖,津贴
20251022BAE5BV,income,7243.38,2025-10-22,加班,工资
20250926J1JT6C,income,2319.15,2025-09-26,差旅,奖金
202512286URL73,income,468.31,2025-12-28,生活费,奖金
20250102EJM37C,income,8203.12,2025-01-02,学习,奖金
20250119VAC4YD,income,9920.64,2025-01-19,学习,津贴
202506056HW2K8,income,9194.40,2025-06-05,娱乐,津贴
202504012MYPMM,income,1336.40,2025-04-01,加班,津贴
20251220MG3AQP,income,1397.22,2025-12-20,加班,奖金
20250906GDV6LT,income,6012.05,2025-09-06,学习,奖金
2025120401ZG46,income,3787.86,2025-12-04,加班,奖金
20250716YGKW1T,income,6594.45,2025-07-16,补贴,津贴
20250117TV50ZE,income,455.22,2025-01-17,差旅,工资
20250403RB657N,income,6080.39,2025-04-03,外卖,津贴
202506110FZVMM,income,1957.24,2025-06-11,差旅,工资
20250424LR5VYF,income,7057.91,2025-04-24,加班,津贴
20250103EXMQKU,income,9353.24,2025-01-03,购物,工资
20251228SFAPX3,income,4313.13,2025-12-28,报销,奖金
20250503D13DWF,income,20.05,2025-05-03,差旅,奖金
20250413A3QFRG,income,638.60,2025-04-13,学习,工资
2025090265DLWV,income,9085.35,2025-09-02,补贴,津贴
20250403GNYAI5,income,8332.17,2025-04-03,加班,津贴
20250307HV3E01,income,5120.60,2025-03-07,外卖,奖金
20251106MOFLU0,income,6956.23,2025-11-06,加班,津贴
20251208N80594,income,6877.71,2025-12-08,外卖,津贴
20251109L331BX,income,8537.53,2025-11-09,加班,工资
202506274T6RZL,income,7015.30,2025-06-27,加班,奖金
202512052YZQKR,income,2792.63,2025-12-05,购物,奖金
2025091776C808,income,8384.84,2025-09-17,娱乐,津贴
20250522G1MCQI,income,4363.68,2025-05-22,补贴,奖金
202511281TJFQS,income,1590.28,2025-11-28,正常,奖金
20250225AXFVBN,income,9304.01,2025-02-25,加班,工资
20250215MBAHJR,income,1220.62,2025-02-15,学习,工资
20250403KY2R70,income,6900.58,2025-04-03,学习,津贴
202504169PY9FG,income,1407.47,2025-04-16,加班,津贴
20251103O7ERWT,income,2495.93,2025-11-03,加班,津贴
20251025SAXS3Y,income,3443.24,2025-10-25,补贴,津贴
202508069YAFL7,income,6260.72,2025-08-06,外卖,津贴
20251216E6A5RS,income,4434.91,2025-12-16,正常,奖金
20250410JSY83M,income,1463.86,2025-04-10,差旅,工资
20250902N91CV7,income,4993.29,2025-09-02,补贴,奖金
202508147XX0JW,income,7266.46,2025-08-14,娱乐,工资
20250216XI7VHS,income,6007.29,2025-02-16,购物,津贴
20250813I3WTQA,income,276.35,2025-08-13,生活费,工资
20250722PAA1YM,income,3275.15,2025-07-22,差旅,奖金
20250420WQXT1Z,income,8767.80,2025-04-20,娱乐,津贴
202506088CEO9I,income,3089.13,2025-06-08,加班,津贴
202501265VN0XL,income,1030.51,2025-01-26,差旅,工资
202506077ZLILH,income,9001.11,2025-06-07,报销,津贴
202502187ITJEJ,income,7097.31,2025-02-18,差旅,工资
20251203CDS1FA,income,4092.65,2025-12-03,报销,奖金
20250621R0O76S,income,517.27,2025-06-21,娱乐,工资
20250523NXQMU1,income,9115.78,2025-05-23,差旅,奖金
20250612RLR9S0,income,660.73,2025-06-12,生活费,工资
20250715UTOKQH,income,9181.01,2025-07-15,正常,工资
202511094XOEJQ,income,6853.75,2025-11-09,差旅,工资
202502116866P4,income,5438.08,2025-02-11,报销,工资
20250222K8ZSQT,income,7537.56,2025-02-22,生活费,津贴
20251206T7IRWL,income,4503.94,2025-12-06,补贴,工资
20250916VK6HD5,income,1523.34,2025-09-16,学习,奖金
20250204CE0F6O,income,2518.01,2025-02-04,正常,工资
20250307SAT8GX,income,5689.56,2025-03-07,补贴,工资
20250513IF89XI,income,9299.88,2025-05-13,购物,津贴
20250806MFPDU8,income,7060.71,2025-08-06,正常,奖金
202512229S72SA,income,4980.71,2025-12-22,正常,津贴
20250725XEHQZN,income,8818.45,2025-07-25,报销,津贴
202507230FH5B3,income,3126.32,2025-07-23,生活费,工资
20250422ZAD7JU,income,2044.09,2025-04-22,娱乐,工资
20250224163NLL,income,9072.83,2025-02-24,正常,工资
202509180GNPG8,income,3111.11,2025-09-18,加班,工资
20250521DE41Y5,income,621.87,2025-05-21,外卖,津贴
202510150F7PK7,income,691.52,2025-10-15,生活费,津贴
202508094KGDC5,income,7470.52,2025-08-09,正常,津贴
2025120406Y66J,income,7171.07,2025-12-04,购物,津贴
202504181E5Y78,income,9459.50,2025-04-18,生活费,奖金
20250808XWYUB5,income,9760.35,2025-08-08,报销,工资
202508118YOOOJ,income,6988.31,2025-08-11,学习,津贴
20250503KJPS8B,income,3237.72,2025-05-03,正常,奖金
20251014LNTSL9,income,328.97,2025-10-14,学习,工资
202501142Q8MUH,income,5440.32,2025-01-14,外卖,津贴
202504024YS7QR,income,737.18,2025-04-02,差旅,工资
20250906DPED0D,income,7548.55,2025-09-06,补贴,奖金
20250314SZNSPZ,income,5418.32,2025-03-14,正常,津贴
202511284DQOMM,income,2574.48,2025-11-28,学习,工资
202512281O53SU,income,110.86,2025-12-28,外卖,工资
20250912D8VNRZ,income,8091.60,2025-09-12,加班,工资
20250305YT5T4Y,income,7470.01,2025-03-05,补贴,津贴
20250317WA339Y,income,7340.21,2025-03-17,补贴,工资
20250701SYZVFV,income,1647.37,2025-07-01,购物,津贴
20251121VYU54O,income,756.31,2025-11-21,加班,奖金
20251023R3UBSD,income,6102.44,2025-10-23,正常,奖金
2025092316WENK,income,983.82,2025-09-23,购物,工资
20250503JS05MT,income,4281.17,2025-05-03,学习,奖金
20250313UNOCRN,income,9967.20,2025-03-13,购物,工资
20250716TUPH8Y,income,8283.74,2025-07-16,正常,津贴
202506159VIZYL,income,2934.95,2025-06-15,购物,津贴
202504216ZNVFY,income,1164.40,2025-04-21,学习,工资
202510072518HH,income,6418.60,2025-10-07,学习,工资
20251104RITCXK,income,2547.04,2025-11-04,学习,津贴
202505222V5YPZ,income,1626.46,2025-05-22,正常,津贴
20251215510X2P,income,8817.31,2025-12-15,生活费,津贴
20251126500VFQ,income,8602.46,2025-11-26,差旅,津贴
20250323D4QVAB,income,8027.34,2025-03-23,学习,津贴
202511216XYCAX,income,653.76,2025-11-21,外卖,奖金
202505196FOWUD,income,4188.92,2025-05-19,差旅,工资
202510175E5YIY,income,8543.31,2025-10-17,加班,工资
20251017O16KWT,income,5885.97,2025-10-17,购物,奖金
202504119U6O0F,income,8197.39,2025-04-11,报销,奖金
202506203RMY4M,income,3593.28,2025-06-20,购物,津贴
20251121X71KAP,income,1011.39,2025-11-21,购物,奖金
202509224J6M85,income,5929.26,2025-09-22,学习,工资
20250810XP52VS,income,1201.91,2025-08-10,补贴,工资
20250917615ALQ,income,81.29,2025-09-17,娱乐,奖金
20250217HDYP1M,income,6114.35,2025-02-17,生活费,工资
20250613M0KR2X,income,9470.61,2025-06-13,生活费,津贴
20251125T47LZ6,income,3673.17,2025-11-25,学习,工资
20250101ASLBM0,income,8149.53,2025-01-01,学习,奖金
202510036YEG8P,income,4514.70,2025-10-03,加班,工资
20250308RPBLNH,income,2609.23,2025-03-08,加班,工资
202510258FD3PR,income,5345.15,2025-10-25,正常,津贴
20250127MIIK7I,income,9457.47,2025-01-27,外卖,工资
20250928776NBI,income,6370.16,2025-09-28,娱乐,工资
20251201BOCCJ4,income,2115.88,2025-12-01,补贴,津贴
202508144DUCVW,income,5365.11,2025-08-14,生活费,奖金
20251114NDS2C8,income,9609.30,2025-11-14,外卖,工资
20250723OX6WHM,income,4237.58,2025-07-23,报销,工资
20250913PP7N3O,income,5678.79,2025-09-13,报销,津贴
20250302OPFOK5,income,4397.88,2025-03-02,外卖,奖金
20251012M1S115,income,7645.53,2025-10-12,加班,工资
20250407GGPB5L,income,1239.29,2025-04-07,购物,工资
202510191C5LNS,income,3383.22,2025-10-19,购物,津贴
20250507VZJTGF,income,7769.37,2025-05-07,购物,津贴
20250426WTFV8X,income,1287.14,2025-04-26,报销,奖金
20250224RJ3PJJ,income,9325.15,2025-02-24,差旅,奖金
20250127N4IRS9,income,4588.11,2025-01-27,购物,奖金
202504240S5Y6X,income,9012.45,2025-04-24,报销,津贴
20250128K08CPV,income,6714.11,2025-01-28,报销,津贴
202508130PYCBI,income,4776.62,2025-08-13,加班,奖金
20250806V1OTW1,income,5909.14,2025-08-06,报销,津贴
20251011P703CM,income,3716.77,2025-10-11,补贴,津贴
202511285YRA5W,income,739.64,2025-11-28,学习,工资
20251102U9UM4L,income,6505.81,2025-11-02,学习,工资
202510042JLGO5,income,6150.69,2025-10-04,差旅,工资
20250211U61WZ9,income,5431.98,2025-02-11,正常,津贴
20251227X6K4FH,income,4763.45,2025-12-27,差旅,津贴
20251214NTZY3M,income,6604.38,2025-12-14,差旅,津贴
20251007QTKD0C,income,9417.59,2025-10-07,加班,津贴
2025021812VKPQ,income,8726.20,2025-02-18,购物,奖金
20251201BZ11LK,income,689.49,2025-12-01,购物,奖金
20250313VTHQM0,income,5048.43,2025-03-13,正常,津贴
20250305DY6IKT,income,7015.87,2025-03-05,加班,奖金
202504066KS03D,income,6355.95,2025-04-06,外卖,津贴
20251020BCFQ48,income,3219.60,2025-10-20,正常,奖金
202504094RK0WV,income,6316.29,2025-04-09,差旅,奖金
202507056WM39J,income,7807.03,2025-07-05,补贴,津贴
20250602GDI6SJ,income,6685.93,2025-06-02,差旅,奖金
202510204W44X7,income,9077.27,2025-10-20,差旅,奖金
20250903ZUFSSL,income,2787.68,2025-09-03,外卖,工资
20251107O5R8EL,income,9068.49,2025-11-07,外卖,奖金
20250305Z4HK7L,income,4714.74,2025-03-05,购物,津贴
20250618HSWIEW,income,9302.11,2025-06-18,学习,工资
20251018KAI7BP,income,6591.45,2025-10-18,补贴,津贴
20250123Q3HHMV,income,3793.34,2025-01-23,补贴,工资
202504248F9NNM,income,9546.84,2025-04-24,购物,工资
2025101697B7OG,income,1601.26,2025-10-16,正常,工资
202506210BXE10,income,7279.40,2025-06-21,外卖,津贴
20250417OFQB2L,income,6095.18,2025-04-17,补贴,工资
20251119RZVIS1,income,4986.20,2025-11-19,购物,工资
202503261YWDEF,income,4312.62,2025-03-26,生活费,奖金
20250803P0GCBW,income,3020.40,2025-08-03,外卖,工资
20250321FMED4W,income,7132.74,2025-03-21,报销,工资
20250407IYWQQS,income,5581.75,2025-04-07,加班,奖金
20250512ODU0RQ,income,5642.21,2025-05-12,外卖,津贴
20251102F3W5DN,income,3494.43,2025-11-02,正常,津贴
20250227Z5B2WP,income,76.27,2025-02-27,购物,奖金
20250812NJ7G13,income,1090.79,2025-08-12,购物,工资
202510016SY569,income,2956.52,2025-10-01,报销,工资
202502222D8RYT,income,8890.96,2025-02-22,娱乐,工资
20250910JOCCFE,income,1915.28,2025-09-10,报销,津贴
20250115W0E1CK,income,8260.44,2025-01-15,生活费,工资
20250525D9Y4P3,income,882.53,2025-05-25,购物,奖金
20250621BZ5NGM,income,8510.83,2025-06-21,娱乐,工资
202507118WKKAC,income,8479.17,2025-07-11,差旅,奖金
20250111FE8XB8,income,9923.20,2025-01-11,外卖,奖金
202512211ET85E,income,1734.62,2025-12-21,购物,工资
20250821ZUSMTZ,income,4866.13,2025-08-21,加班,津贴
20250922XLO8SG,income,5129.23,2025-09-22,购物,津贴
20250427EXOZD5,income,2815.80,2025-04-27,加班,奖金
20251218ZQLXKU,income,9102.31,2025-12-18,正常,奖金
20250826Y5BAUJ,income,3728.81,2025-08-26,补贴,津贴
2025011550B723,income,5300.70,2025-01-15,外卖,津贴
20251024JRE8WD,income,9852.73,2025-10-24,报销,奖金
2025040482U9KA,income,2601.25,2025-04-04,正常,奖金
202505234HU6CZ,income,3899.29,2025-05-23,加班,津贴
20250105L1SUIN,income,5811.80,2025-01-05,正常,津贴
20250618FFIGIY,income,4237.28,2025-06-18,购物,工资
202506132F0S75,income,8400.82,2025-06-13,生活费,奖金
20250708BYNK09,income,6913.35,2025-07-08,报销,津贴
20250224BBM9K1,income,3525.15,2025-02-24,生活费,津贴
202502199TZHHG,income,6716.35,2025-02-19,购物,奖金
202510102O4VSM,income,4328.06,2025-10-10,报销,津贴
202504126HZ3DJ,income,6395.66,2025-04-12,娱乐,奖金
20250921WJRJP4,income,5842.07,2025-09-21,正常,奖金
20250909E1BO6D,income,6799.83,2025-09-09,购物,津贴
20250224WS6DFS,income,1677.98,2025-02-24,补贴,奖金
20250808WZM690,income,6267.71,2025-08-08,补贴,津贴
20251015KU7YWY,income,1950.06,2025-10-15,正常,奖金
20250826TT3UYP,income,228.04,2025-08-26,正常,津贴
20250927CBCZ7L,income,6903.48,2025-09-27,生活费,工资
20251024Q0O6FB,income,636.37,2025-10-24,学习,津贴
20250119W857GQ,income,2868.44,2025-01-19,娱乐,工资
20250709PBTA6R,income,3251.01,2025-07-09,外卖,津贴
20250120XXOPP3,income,6455.85,2025-01-20,娱乐,津贴
20250615H64QHO,income,4436.26,2025-06-15,补贴,奖金
20250820WIH7GO,income,6667.97,2025-08-20,补贴,津贴
20250601DMGG8U,income,1617.26,2025-06-01,差旅,津贴
20250518JCKY3F,income,5098.24,2025-05-18,购物,工资
20250103C014UP,income,5412.12,2025-01-03,学习,津贴
20250817U8IL3B,income,1715.86,2025-08-17,差旅,津贴
20250824P16NG3,income,1834.88,2025-08-24,加班,工资
202512197GXNOI,income,1219.92,2025-12-19,生活费,奖金
20251223J4IXIK,income,1892.57,2025-12-23,生活费,津贴
20250416D342PO,income,9142.32,2025-04-16,补贴,奖金
20250804MOQMQ4,income,5364.61,2025-08-04,购物,工资
20250414HOO10E,income,9187.30,2025-04-14,报销,津贴
20250615NWNFZ2,income,3466.52,2025-06-15,生活费,奖金
202501169WLX76,income,9322.20,2025-01-16,生活费,工资
20251125Q6U08Z,income,7682.82,2025-11-25,生活费,津贴
202501118SWA8B,income,4.78,2025-01-11,正常,工资
202509064ZSBUI,income,1187.38,2025-09-06,外卖,工资
20250425PG1YHI,income,4109.50,2025-04-25,正常,奖金
20251211GS910Y,income,381.07,2025-12-11,加班,津贴
20250403XVVIHP,income,5368.50,2025-04-03,差旅,奖金
20250604RDP5EW,income,9815.38,2025-06-04,学习,奖金
202512035JOH6W,income,2343.23,2025-12-03,差旅,工资
20250906IVV6CU,income,5755.04,2025-09-06,外卖,工资
20250507EVUXQ4,income,5885.63,2025-05-07,娱乐,工资
2025110809UJLR,income,2503.07,2025-11-08,正常,奖金
20250318U5XAJX,income,8170.64,2025-03-18,补贴,工资
202512089Y74OG,income,1786.55,2025-12-08,报销,奖金
20251005ORGAEO,income,4730.48,2025-10-05,补贴,奖金
2025070271OT1R,income,9121.53,2025-07-02,娱乐,津贴
202504252ZCST4,income,9635.69,2025-04-25,娱乐,奖金
20250320IMFWUK,income,3573.75,2025-03-20,生活费,工资
20250224Q7H7YQ,income,4913.89,2025-02-24,差旅,津贴
20250301FMLAXD,income,2777.72,2025-03-01,外卖,工资
20251209SKHFNH,income,3224.87,2025-12-09,正常,奖金
20250128BENYKL,income,9404.41,2025-01-28,差旅,津贴
20251218G6XQRV,income,7870.53,2025-12-18,购物,奖金
202507041NV5GJ,income,8161.14,2025-07-04,差旅,工资
202511140LCDK4,income,9834.43,2025-11-14,报销,津贴
20251206JHSEN8,income,9182.86,2025-12-06,差旅,津贴
20251008MHZ6LV,income,517.50,2025-10-08,加班,津贴
202509038AOQG6,income,8048.60,2025-09-03,娱乐,工资
20250224PXGP5N,income,4868.97,2025-02-24,生活费,津贴
20250913WPTU25,income,9586.34,2025-09-13,补贴,津贴
20250707BZ0YVC,income,3239.04,2025-07-07,外卖,奖金
20250717AN4DR5,income,4525.81,2025-07-17,外卖,工资
20250825M8B4IE,income,617.18,2025-08-25,外卖,工资
20251228F2T76S,income,7304.69,2025-12-28,正常,奖金
20250515CB6V96,income,5132.46,2025-05-15,加班,工资
20250503A63FPQ,income,2196.00,2025-05-03,娱乐,奖金
20250720GAUMNU,income,8728.20,2025-07-20,学习,奖金
20250116UMYQNQ,income,8443.09,2025-01-16,报销,工资
20250419NHKD55,income,6936.54,2025-04-19,报销,津贴
202505066JKMDC,income,8605.90,2025-05-06,正常,奖金
20250314S4DGJQ,income,1786.53,2025-03-14,外卖,奖金
20250821HHO1Y9,income,6048.98,2025-08-21,补贴,工资
20250202EEZOYD,income,7385.68,2025-02-02,报销,奖金
20250328ZLBQ8R,income,7067.10,2025-03-28,购物,工资
20250702C7Z15C,income,1440.16,2025-07-02,报销,奖金
2025030311LLZU,income,8439.51,2025-03-03,正常,奖金
20251002MP0MT9,income,3190.16,2025-10-02,加班,津贴
202505261F22Y5,income,2090.05,2025-05-26,补贴,工资
20250805NVY9XZ,income,6857.68,2025-08-05,娱乐,奖金
20250720F5IQZ1,income,5591.66,2025-07-20,差旅,津贴
20250614AFIQL3,income,2480.61,2025-06-14,学习,津贴
20250921Q1O6VG,income,5454.78,2025-09-21,娱乐,工资
20250117WVS83I,income,6456.08,2025-01-17,正常,奖金
20251227RVXVGW,income,1893.61,2025-12-27,购物,津贴
20250902C6X0D5,income,4099.99,2025-09-02,差旅,奖金
20251123FLBY1P,income,505.31,2025-11-23,加班,津贴
202510040JPPAV,income,8161.18,2025-10-04,差旅,奖金
20251013RXKIMM,income,1133.00,2025-10-13,学习,奖金
202506217K0XTS,income,4980.51,2025-06-21,报销,工资
20250826RH5LES,income,2804.55,2025-08-26,外卖,津贴
202509084UTBBF,income,380.00,2025-09-08,购物,工资
20250123IVE6LK,income,4229.93,2025-01-23,学习,工资
20250716TLJYIX,income,8643.06,2025-07-16,购物,工资
20250215SUY20Y,income,7827.22,2025-02-15,报销,津贴
202508284NYTV4,income,8190.95,2025-08-28,正常,工资
202511083A5M7F,income,4160.92,2025-11-08,娱乐,津贴
20250408Q3O35U,income,9001.34,2025-04-08,差旅,奖金
20250202SFLTH7,income,5.29,2025-02-02,差旅,奖金
20250216QFC44N,income,9270.15,2025-02-16,娱乐,工资
202501098RVRDE,income,9767.48,2025-01-09,补贴,工资
202506110I223H,income,5257.86,2025-06-11,购物,工资
20250915KUG0U1,income,752.85,2025-09-15,报销,奖金
202510087ZH65H,income,379.93,2025-10-08,差旅,奖金
202506118CP788,income,9951.89,2025-06-11,补贴,工资
20250520TGCP54,income,3058.77,2025-05-20,报销,奖金
20250401NCCWNJ,income,1303.31,2025-04-01,补贴,工资
202512114KWZQD,income,5954.42,2025-12-11,正常,工资
202501274LXR6A,income,7161.32,2025-01-27,学习,奖金
20250802YRZASK,income,2250.08,2025-08-02,差旅,奖金
20250504LIZLCY,income,8566.23,2025-05-04,生活费,津贴
202512023Q90NP,income,357.46,2025-12-02,购物,奖金
20250612W0O3FA,income,2444.03,2025-06-12,加班,津贴
20251121Y7QZNC,income,9235.26,2025-11-21,学习,奖金
20250415TW9FJN,income,7875.74,2025-04-15,娱乐,奖金
202506069AV6K9,income,3259.86,2025-06-06,差旅,津贴
20250511EBJA8Y,income,7484.94,2025-05-11,外卖,津贴
20250402OCQJUE,income,5960.77,2025-04-02,购物,津贴
20250305YP98LD,income,9245.75,2025-03-05,正常,津贴
202509081LWT2M,income,4310.59,2025-09-08,娱乐,奖金
20250408MZ8NA6,income,4581.28,2025-04-08,差旅,工资
202508215ZP2PC,income,7503.88,2025-08-21,外卖,津贴
20251111L5Y6JA,income,6704.76,2025-11-11,补贴,工资
20250427S6T9VE,income,3326.13,2025-04-27,加班,津贴
20250105VEW3GP,income,5758.80,2025-01-05,正常,津贴
202510121E59PO,income,9112.76,2025-10-12,生活费,工资
20250210JW2AL5,income,222.86,2025-02-10,购物,奖金
20250816RJ1THD,income,4874.33,2025-08-16,学习,津贴
20251008RLVAAD,income,9673.45,2025-10-08,正常,工资
20250916KOSXJO,income,2218.35,2025-09-16,补贴,工资
20250716I8AYTE,income,8741.61,2025-07-16,购物,工资
20251218VW69HP,income,2438.25,2025-12-18,补贴,津贴
20251204KHXCB5,income,7808.12,2025-12-04,学习,津贴
20250718J5D17W,income,139.14,2025-07-18,补贴,奖金
20250222Z7ENEP,income,7214.46,2025-02-22,购物,奖金
20250914U246LP,income,2636.83,2025-09-14,差旅,工资
20251227MESOS6,income,3720.81,2025-12-27,学习,工资
20250218LJGWNW,income,5080.59,2025-02-18,娱乐,工资
20250606O0L9UV,income,8650.68,2025-06-06,正常,津贴
20250927DZSO85,income,654.74,2025-09-27,学习,工资
20250603CZABOR,income,7889.10,2025-06-03,购物,奖金
20250726A9N48N,income,471.24,2025-07-26,加班,工资
20250909DADPL8,income,6118.29,2025-09-09,娱乐,津贴
20251206FJF2EY,income,9384.73,2025-12-06,外卖,奖金
20250121O9GL00,income,8866.76,2025-01-21,补贴,奖金
2025112348S5VZ,income,6235.38,2025-11-23,生活费,工资
20251228SX23YQ,income,5959.74,2025-12-28,补贴,奖金
20250212A5Z41X,income,8321.07,2025-02-12,补贴,津贴
20251016J6H94S,income,1728.56,2025-10-16,购物,奖金
20250609EIQ9GB,income,9662.44,2025-06-09,学习,工资
20250106XLY2DV,income,1021.75,2025-01-06,购物,津贴
20250418QT910F,income,3017.66,2025-04-18,差旅,津贴
2025050489BBVA,income,9638.25,2025-05-04,购物,工资
20250821LGT89P,income,711.94,2025-08-21,加班,津贴
20250815URL02D,income,5011.97,2025-08-15,学习,奖金
20250719QFEB8J,income,3404.48,2025-07-19,加班,奖金
202507153YOR3G,income,8621.45,2025-07-15,外卖,奖金
202507287DDIVP,income,4485.95,2025-07-28,报销,津贴
20250321CKQC2S,income,2715.58,2025-03-21,外卖,奖金
20250402MHO8DY,income,2764.10,2025-04-02,娱乐,工资
20250717SKY18J,income,2212.43,2025-07-17,购物,津贴
20250704GPFDGA,income,9649.55,2025-07-04,购物,奖金
20250609H4HMJ6,income,1717.89,2025-06-09,外卖,津贴
20250305FMTPBI,income,7993.36,2025-03-05,购物,工资
2025110773N7TO,income,4311.37,2025-11-07,正常,津贴
20250109ZN7GT9,income,9102.26,2025-01-09,购物,津贴
20250801S5M04P,income,5176.75,2025-08-01,补贴,奖金
20250407V89CI6,income,1163.67,2025-04-07,娱乐,奖金
20250811NBC9B3,income,171.62,2025-08-11,加班,津贴
20250224RURUX4,income,3834.84,2025-02-24,加班,津贴
20250505WMYJG7,income,5765.53,2025-05-05,报销,奖金
20251027WZV5O5,income,4356.36,2025-10-27,正常,奖金
20250621VCM61R,income,4974.85,2025-06-21,正常,津贴
20250918OT5ITA,income,6013.24,2025-09-18,外卖,奖金
20250725MHL15V,income,794.61,2025-07-25,外卖,津贴
20250922ET2JN7,income,6929.59,2025-09-22,加班,奖金
2025021432V3W2,income,4234.15,2025-02-14,学习,奖金
2025090876WWWT,income,5303.71,2025-09-08,生活费,津贴
20251012C1KKX6,income,3131.69,2025-10-12,正常,奖金
202511134XPYW1,income,5177.38,2025-11-13,生活费,津贴
20251009WNWNH6,income,1953.88,2025-10-09,加班,奖金
20250116OUIYCP,income,3205.50,2025-01-16,加班,津贴
20250826A3TLPW,income,2713.49,2025-08-26,娱乐,津贴
20250717TNYYYU,income,3212.15,2025-07-17,差旅,津贴
20250913D7FQEX,income,9489.86,2025-09-13,报销,津贴
202511047IKJRI,income,796.47,2025-11-04,外卖,奖金
202501210NCJ13,income,3278.12,2025-01-21,加班,津贴
20250604COINM1,income,291.42,2025-06-04,报销,工资
20250123DGAYZ1,income,7633.99,2025-01-23,学习,工资
20251020AMYO66,income,7131.49,2025-10-20,正常,津贴
20250906M49VFS,income,5933.96,2025-09-06,正常,津贴
20250114GIVLL0,income,4469.73,2025-01-14,加班,津贴
202504235XWFFR,income,4704.75,2025-04-23,外卖,工资
20250419N9QIZT,income,7483.00,2025-04-19,生活费,津贴
202502125YWI6G,income,1237.95,2025-02-12,差旅,津贴
20250706N5Q5GN,income,8030.30,2025-07-06,报销,津贴
202504223IVCZN,income,2155.19,2025-04-22,生活费,津贴
20250628ECQKBW,income,3233.95,2025-06-28,差旅,津贴
20251205WCFMNM,income,189.95,2025-12-05,娱乐,工资
20251209N0GNJB,income,9384.06,2025-12-09,加班,工资
202508048LN3TB,income,3927.29,2025-08-04,娱乐,奖金
2025030992GR7A,income,921.02,2025-03-09,报销,津贴
20250919ICX0LE,income,5368.36,2025-09-19,补贴,奖金
202511062IH3W7,income,5429.93,2025-11-06,娱乐,津贴
202505026XPXAW,income,4961.61,2025-05-02,报销,工资
20250118T0FMQW,income,1131.69,2025-01-18,购物,工资
2025091990TXKT,income,8913.29,2025-09-19,差旅,津贴
2025050124U9MO,income,5554.59,2025-05-01,学习,奖金
20250612EL9US1,income,5571.03,2025-06-12,外卖,奖金
202501093DQII8,income,552.11,2025-01-09,学习,津贴
20250403BK0APJ,income,4574.07,2025-04-03,学习,津贴
2025051101CP1E,income,3588.06,2025-05-11,娱乐,奖金
20250103PGQMD1,income,913.89,2025-01-03,学习,工资
20250322A6TGTU,income,461.93,2025-03-22,娱乐,工资
202512046CCU65,income,9104.75,2025-12-04,生活费,奖金
20250206ZDY1VO,income,9773.71,2025-02-06,补贴,津贴
20250918WX9OJO,income,9270.09,2025-09-18,购物,工资
20250303T5G9X3,income,6861.53,2025-03-03,报销,津贴
20250406C2XKSE,income,3952.47,2025-04-06,购物,奖金
202509124O7MJI,income,1430.17,2025-09-12,差旅,津贴
20250607Z7IVGH,income,3035.62,2025-06-07,报销,工资
202511276K8M8R,income,7369.84,2025-11-27,外卖,奖金
20250817HOSI25,income,3650.73,2025-08-17,加班,津贴
20250903UUSBE1,income,8916.98,2025-09-03,正常,奖金
20251205XMFQBN,income,4927.51,2025-12-05,外卖,津贴
20251206EZCAVJ,income,5691.21,2025-12-06,报销,工资
20250701QWTIOF,income,5540.57,2025-07-01,加班,津贴
20251021GJTWHZ,income,7046.46,2025-10-21,加班,工资
2025050644QRK2,income,2638.54,2025-05-06,正常,津贴
20251210H8O77C,income,6789.83,2025-12-10,正常,工资
20250409MQCEV4,income,1118.55,2025-04-09,报销,津贴
202507165LAPBF,income,6804.46,2025-07-16,正常,奖金
20250309VFYQNZ,income,3116.68,2025-03-09,正常,工资
20250318MRZC8C,income,8485.04,2025-03-18,加班,奖金
20250719NENJVP,income,2834.46,2025-07-19,外卖,工资
20250802ZD49PM,income,8737.19,2025-08-02,学习,津贴
202507123IFZWJ,income,2570.35,2025-07-12,娱乐,工资
20251225O6HCZT,income,9474.93,2025-12-25,学习,奖金
20250124NE2N9K,income,588.12,2025-01-24,报销,津贴
20250917II4T69,income,4937.09,2025-09-17,学习,工资
20251014Q1G3OH,income,4174.28,2025-10-14,生活费,津贴
20250714LY3TC1,income,5534.12,2025-07-14,学习,工资
20251216G9S7ZP,income,2401.72,2025-12-16,生活费,工资
20251014J4T7OB,income,4177.54,2025-10-14,生活费,津贴
202511133SC8HF,income,6878.94,2025-11-13,差旅,工资
2025021633OOXI,income,9813.35,2025-02-16,补贴,工资
2025092880JT6H,income,7811.79,2025-09-28,加班,津贴
20251004MQXM27,income,1612.16,2025-10-04,正常,工资
202511191H5BUO,income,5045.06,2025-11-19,差旅,奖金
20250618LMZXJM,income,3883.67,2025-06-18,正常,工资
20250822LCAHO4,income,1066.05,2025-08-22,加班,津贴
20250825AHSWA1,income,835.07,2025-08-25,报销,工资
20250623U0P9HW,income,5514.90,2025-06-23,外卖,奖金
20250626HQ3FJ7,income,8993.86,2025-06-26,补贴,奖金
20250408XUQKT3,income,7371.90,2025-04-08,生活费,津贴
20250226X07X61,income,778.97,2025-02-26,外卖,津贴
20251104UKJFYY,income,5759.32,2025-11-04,正常,奖金
20250901K4120W,income,8799.38,2025-09-01,补贴,工资
20251010YJ92OA,income,7603.58,2025-10-10,生活费,工资
202509050SBGN1,income,2097.04,2025-09-05,外卖,津贴
20250127B1OJIW,income,2845.74,2025-01-27,外卖,奖金
20250108VV5FX9,income,9465.80,2025-01-08,娱乐,津贴
20251003K1X7E1,income,4235.41,2025-10-03,购物,工资
20250702U440BP,income,8959.77,2025-07-02,差旅,津贴
202501089W9788,income,3740.61,2025-01-08,补贴,津贴
20250523TKEWX0,income,7565.22,2025-05-23,生活费,津贴
20250122XNC1DM,income,1812.64,2025-01-22,学习,工资
202501244HS8RI,income,6199.28,2025-01-24,加班,津贴
20250119M0ENZC,income,6648.54,2025-01-19,生活费,奖金
20250808WV11YA,income,6993.74,2025-08-08,报销,津贴
20250212NNOKH6,income,1578.26,2025-02-12,娱乐,奖金
2025101186RQ69,income,1414.61,2025-10-11,购物,奖金
20250502I2KA3P,income,2331.66,2025-05-02,差旅,津贴
20250423O0RCWO,income,5640.61,2025-04-23,加班,奖金
20250511MQCQDR,income,2676.37,2025-05-11,娱乐,津贴
20251119KRN03A,income,6817.23,2025-11-19,加班,工资
20250104UBTXT4,income,56.97,2025-01-04,娱乐,奖金
202504069IT314,income,7357.94,2025-04-06,加班,奖金
20250327V9S8G8,income,4305.19,2025-03-27,购物,奖金
20250212MSL2ZN,income,6074.08,2025-02-12,外卖,工资
20251214SJTICQ,income,1805.79,2025-12-14,加班,津贴
202503161CH74A,income,6582.49,2025-03-16,差旅,奖金
20250516OVQES0,income,6780.02,2025-05-16,娱乐,工资
20250803NCE1OW,income,8699.42,2025-08-03,生活费,工资
20250104GXAZZP,income,4031.91,2025-01-04,生活费,津贴
20251201IHNJED,income,9216.01,2025-12-01,学习,工资
20250613H4OI21,income,9799.02,2025-06-13,外卖,奖金
20251019RLARV7,income,8103.42,2025-10-19,娱乐,奖金
202510033L7M02,income,1888.59,2025-10-03,外卖,津贴
20250819QB2ZYQ,income,9223.07,2025-08-19,加班,奖金
20250125L8B7LL,income,3089.21,2025-01-25,娱乐,工资
20251215OR1G8G,income,8334.53,2025-12-15,正常,奖金
20250324LEEUAD,income,2059.24,2025-03-24,加班,奖金
20251201UR8RM1,income,4990.81,2025-12-01,补贴,奖金
20250415B7NN52,income,2691.15,2025-04-15,娱乐,奖金
20250601K86DXE,income,5449.57,2025-06-01,差旅,奖金
20250622D6K2ZR,income,1300.83,2025-06-22,加班,津贴
20250511UQKNH9,income,1137.80,2025-05-11,外卖,津贴
20250516HMEXSF,income,7101.88,2025-05-16,正常,工资
20251107WZAZ9A,income,1912.15,2025-11-07,补贴,津贴
20251015D2JDMZ,income,5276.17,2025-10-15,生活费,津贴
20251006KOIZ1K,income,7418.95,2025-10-06,学习,工资
20250802K5U8P2,income,8636.64,2025-08-02,学习,工资
20251110H4TKTL,income,3706.59,2025-11-10,娱乐,津贴
2025101389J2XB,income,3529.65,2025-10-13,正常,津贴
20250619WTIOW0,income,727.66,2025-06-19,生活费,奖金
202511225OHUYC,income,8759.52,2025-11-22,差旅,工资
20250906C7KKJX,income,7908.50,2025-09-06,补贴,奖金
202501208OWDFJ,income,865.89,2025-01-20,生活费,工资
20250819P929QI,income,71.85,2025-08-19,学习,奖金
20251001KIKSCZ,income,6779.62,2025-10-01,补贴,奖金
20250514QK5YMN,income,9783.26,2025-05-14,差旅,工资
20250925VAV47O,income,8734.21,2025-09-25,学习,奖金
2025102680D081,income,3261.19,2025-10-26,娱乐,奖金
20251209J40ZF3,income,5189.50,2025-12-09,学习,津贴
2025072726UOJW,income,2029.44,2025-07-27,报销,工资
20250702HDGPE3,income,7258.89,2025-07-02,购物,津贴
20251103DCEHL1,income,2377.04,2025-11-03,补贴,津贴
202505200RI2LR,income,8535.08,2025-05-20,正常,奖金
20250717KFRZK0,income,859.53,2025-07-17,外卖,津贴
20250328DNU7T3,income,4595.91,2025-03-28,加班,奖金
20250605H4PFWR,income,1637.56,2025-06-05,生活费,工资
20250926W9A8BR,income,32.92,2025-09-26,加班,奖金
202508194KJYTN,income,4638.99,2025-08-19,外卖,工资
20250114O7ACN5,income,6358.62,2025-01-14,补贴,工资
202509026X3U6A,income,8052.38,2025-09-02,加班,津贴
20250806VHWWFL,income,6903.91,2025-08-06,生活费,津贴
20250601HUT2IO,income,8065.60,2025-06-01,外卖,津贴
20251014OTXWGD,income,8887.42,2025-10-14,补贴,工资
20251119EX6VAS,income,7939.14,2025-11-19,正常,津贴
20251020P0SLVD,income,334.88,2025-10-20,购物,奖金
20250128ANNH3P,income,9124.07,2025-01-28,补贴,工资
202509273SB63U,income,2597.06,2025-09-27,加班,津贴
20250724QBADLW,income,4986.72,2025-07-24,加班,工资
202511195QSH0B,income,4946.80,2025-11-19,外卖,奖金
20250415VCRP9B,income,6037.72,2025-04-15,正常,工资
2025072690HGC6,income,1945.01,2025-07-26,学习,工资
20250719QC4MCS,income,9339.39,2025-07-19,外卖,奖金
20250215ZVWWI6,income,9208.46,2025-02-15,差旅,奖金
20250206S5A1KO,income,7881.79,2025-02-06,正常,奖金
20250504ND1PEB,income,7223.58,2025-05-04,娱乐,工资
20250620XX9CO7,income,1777.68,2025-06-20,加班,津贴
20250310T1IM23,income,2993.41,2025-03-10,正常,奖金
20250121YG45ZP,income,4866.06,2025-01-21,外卖,津贴
202509163CDWUK,income,7274.17,2025-09-16,生活费,津贴
20250316NAAX0T,income,6096.77,2025-03-16,差旅,津贴
20250325FRPX9Z,income,7990.49,2025-03-25,娱乐,工资
20250713SSC6MU,income,7018.88,2025-07-13,报销,津贴
20251205DKL0RL,income,7690.08,2025-12-05,补贴,奖金
20250117LDCCWB,income,8058.39,2025-01-17,补贴,奖金
20250802NCYGK0,income,5962.50,2025-08-02,正常,津贴
202512283J7V4M,income,8501.95,2025-12-28,加班,奖金
20251120AVW65B,income,6632.19,2025-11-20,报销,奖金
20250503549W0K,income,7.41,2025-05-03,正常,津贴
20251111MK2N7L,income,7661.42,2025-11-11,加班,奖金
20250404NATOAL,income,6385.51,2025-04-04,学习,奖金
202507214MVOYB,income,1439.10,2025-07-21,外卖,津贴
20251215X8U2UL,income,6474.83,2025-12-15,加班,奖金
20250104BP4H2U,income,438.03,2025-01-04,娱乐,奖金
20251027KT7X66,income,6999.73,2025-10-27,购物,津贴
202509093JG60Z,income,8739.98,2025-09-09,学习,工资
20251122U2Z6U6,income,9089.40,2025-11-22,生活费,津贴
20250319NYFXYP,income,3735.51,2025-03-19,购物,奖金
20250223XBL7LP,income,1642.30,2025-02-23,报销,工资
20251224J7KBNI,income,2100.68,2025-12-24,正常,奖金
20250126B9IY24,income,7156.97,2025-01-26,学习,工资
20250823ZE9X0D,income,940.55,2025-08-23,报销,津贴
20250505FIW1YP,income,3926.62,2025-05-05,正常,津贴
20251111IGF4Q9,income,3531.38,2025-11-11,差旅,奖金
20250126PYFIHF,income,1267.17,2025-01-26,外卖,工资
20250214AGCSUH,income,6602.76,2025-02-14,生活费,津贴
20250408QNZI69,income,1249.15,2025-04-08,正常,工资
20250301N1HYO6,income,4650.21,2025-03-01,购物,津贴
20250612MDP260,income,3547.83,2025-06-12,补贴,工资
20250809RC0SG2,income,6962.54,2025-08-09,外卖,奖金
20250502ZPSRI0,income,4332.04,2025-05-02,生活费,工资
202507059S14WS,income,8207.98,2025-07-05,补贴,工资
20250601KMPJDL,income,6801.96,2025-06-01,外卖,津贴
20251127KJWZEE,income,8222.08,2025-11-27,差旅,津贴
20251121EIVGGL,income,9617.22,2025-11-21,加班,奖金
202505166OF24B,income,2208.09,2025-05-16,学习,奖金
202509191CCNUY,income,6612.14,2025-09-19,加班,奖金
2025051997LQDK,income,1938.23,2025-05-19,补贴,津贴
2025051400BURY,income,1285.42,2025-05-14,生活费,工资
20250322RAWMQB,income,6126.85,2025-03-22,外卖,奖金
20251124F89DS4,income,141.98,2025-11-24,报销,奖金
20250222A47AW1,income,9803.32,2025-02-22,正常,工资
202512198WIYM8,income,3846.66,2025-12-19,加班,奖金
20251116MH5PB7,income,5397.91,2025-11-16,购物,奖金
202501289Y17XO,income,1729.96,2025-01-28,生活费,工资
20251125B2VG4Z,income,8577.10,2025-11-25,补贴,津贴
202502031S5I8B,income,9853.52,2025-02-03,购物,工资
202503147HTB8V,income,5801.23,2025-03-14,生活费,津贴
202505174ZGVZ6,income,3740.03,2025-05-17,娱乐,工资
20250217509Y26,income,7623.61,2025-02-17,加班,工资
202512235SYFQW,income,7227.40,2025-12-23,购物,奖金
20250625Q2SQST,income,6217.19,2025-06-25,购物,奖金
20250227OXAXQ5,income,6454.98,2025-02-27,娱乐,奖金
202509256P3VEO,income,8857.58,2025-09-25,生活费,津贴
20250202N3YZ7X,income,6302.47,2025-02-02,加班,工资
202506097SH9MT,income,2734.53,2025-06-09,正常,奖金
20250617RCSR6A,income,9136.62,2025-06-17,报销,奖金
20250720GQV4EC,income,907.01,2025-07-20,购物,工资
20250228VDZN31,income,6748.81,2025-02-28,娱乐,津贴
20250922U0H7ZW,income,6331.72,2025-09-22,差旅,工资
20250905UQISS9,income,4198.26,2025-09-05,购物,津贴
202503234YJ339,income,335.90,2025-03-23,外卖,奖金
20250521P4M1EZ,income,117.64,2025-05-21,加班,奖金
202505028T1TEO,income,9661.91,2025-05-02,外卖,奖金
20250410JOKTLW,income,3198.54,2025-04-10,报销,奖金
20250912KUEIZL,income,5998.61,2025-09-12,正常,工资
20251114FKQTUB,income,2436.02,2025-11-14,外卖,津贴
202509123I2UPY,income,8011.51,2025-09-12,补贴,津贴
20250616GAD5YF,income,9110.09,2025-06-16,补贴,津贴
20250723DCG4UN,income,1036.04,2025-07-23,学习,奖金
202502056WYK7T,income,7901.96,2025-02-05,正常,奖金
20250608LX2J9O,income,2342.64,2025-06-08,加班,津贴
20250301EEIX6P,income,6664.32,2025-03-01,加班,工资
20251007D9486E,income,2696.40,2025-10-07,报销,奖金
202508079ANVS5,income,3134.07,2025-08-07,加班,津贴
2025060830KNJH,income,5129.89,2025-06-08,购物,津贴
20250516SECISD,income,5768.45,2025-05-16,差旅,奖金
20250320KIKUDW,income,6024.80,2025-03-20,报销,奖金
202511281HSFVQ,income,3313.74,2025-11-28,报销,奖金
20250523T2KOY4,income,2056.02,2025-05-23,报销,津贴
2025061216PX89,income,8467.73,2025-06-12,报销,奖金
20250717V9LVE8,income,5999.66,2025-07-17,正常,津贴
20250613BINIUS,income,7175.11,2025-06-13,报销,津贴
20250323QB7OBM,income,483.03,2025-03-23,外卖,奖金
202501288K760V,income,5952.43,2025-01-28,补贴,奖金
20251105KK2JJE,income,793.80,2025-11-05,补贴,津贴
20251127GCWQ3U,income,9597.74,2025-11-27,生活费,奖金
202509153FVZW0,income,1891.76,2025-09-15,外卖,工资
20250119BL9N8R,income,1841.60,2025-01-19,补贴,工资
20250125H5LR1D,income,1884.17,2025-01-25,补贴,工资
20251209S497JD,income,7449.28,2025-12-09,购物,奖金
202510018PEC90,income,9498.53,2025-10-01,报销,奖金
202505205YY8B4,income,9810.41,2025-05-20,补贴,工资
20250303255NJM,income,5496.18,2025-03-03,差旅,津贴
20250613J5TYWN,income,6636.58,2025-06-13,学习,工资
20251019U3SVAW,income,614.94,2025-10-19,娱乐,奖金
20251111UKUY9H,income,1303.61,2025-11-11,生活费,津贴
202504081SZBXD,income,422.10,2025-04-08,娱乐,奖金
202503242RSBF5,income,6321.01,2025-03-24,补贴,奖金
20251128DKYLCA,income,1356.06,2025-11-28,购物,工资
20250604SLNVI7,income,1041.09,2025-06-04,正常,工资
20250613113Z93,income,5179.87,2025-06-13,加班,津贴
20250405C705XY,income,1179.80,2025-04-05,加班,工资
20250415RBJT9F,income,5056.57,2025-04-15,正常,奖金
20250921Y8C4IM,income,4680.90,2025-09-21,补贴,奖金
2025031198FWC4,income,8452.51,2025-03-11,生活费,津贴
20251205IF1G4T,income,4537.78,2025-12-05,正常,工资
20250912KU7IKE,income,5530.72,2025-09-12,娱乐,津贴
202510118T6A84,income,7824.95,2025-10-11,购物,津贴
20251105X6ALPH,income,3642.77,2025-11-05,购物,工资
20250327J9QUEJ,income,8579.93,2025-03-27,学习,奖金
20250621NT560B,income,3665.61,2025-06-21,差旅,奖金
20251222CJ51AE,income,151.72,2025-12-22,补贴,奖金
202508282XS42X,income,8575.74,2025-08-28,学习,津贴
2025120494LFU2,income,7885.40,2025-12-04,学习,工资
20250818G6XNK2,income,7667.17,2025-08-18,补贴,奖金
20250201J5QT5A,income,7411.85,2025-02-01,差旅,工资
20250717IWL05B,income,2381.81,2025-07-17,生活费,工资
20251227Z9B58Y,income,9794.27,2025-12-27,学习,津贴
20250622699V3M,income,3289.93,2025-06-22,娱乐,津贴
20250206XSKTFT,income,3368.02,2025-02-06,生活费,津贴
202505058I44HK,income,5229.48,2025-05-05,外卖,津贴
20250612IZGVQS,income,2729.30,2025-06-12,加班,工资
20250619QDGEGT,income,9206.78,2025-06-19,报销,工资
20250816CR46E1,income,6990.33,2025-08-16,报销,奖金
20250814TWARF6,income,4172.24,2025-08-14,正常,工资
20250223QBZ6RR,income,7010.71,2025-02-23,外卖,工资
20251121V3W8CJ,income,4359.38,2025-11-21,补贴,津贴
20250103XY7K42,income,7374.59,2025-01-03,补贴,津贴
20251110JO9QZU,income,8901.14,2025-11-10,加班,工资
202503094QYMAF,income,840.45,2025-03-09,加班,津贴
20250505HOYCQD,income,8963.41,2025-05-05,购物,奖金
20250101FDOULY,income,5028.28,2025-01-01,娱乐,津贴
20251009ELRWJY,income,7293.81,2025-10-09,补贴,工资
2025051622NZI1,income,383.82,2025-05-16,差旅,工资
20250110CUUEP9,income,7547.46,2025-01-10,报销,津贴
20250505SCYJOW,income,6812.23,2025-05-05,加班,奖金
20250510RFYTG6,income,7409.58,2025-05-10,差旅,工资
202508098UEW4D,income,1766.02,2025-08-09,外卖,奖金
20250218EABH0H,income,426.28,2025-02-18,学习,奖金
20250622F318Q7,income,6713.56,2025-06-22,外卖,工资
20250506UM1GYL,income,696.17,2025-05-06,购物,工资
20250708TGGPPO,income,9333.75,2025-07-08,报销,津贴
202505115JFN5N,income,772.54,2025-05-11,加班,奖金
20250916C4BN0I,income,7191.35,2025-09-16,加班,奖金
2025022578VCTX,income,5478.69,2025-02-25,报销,奖金
20251021B6LZON,income,2270.16,2025-10-21,正常,工资
20250301NQ0EJ3,income,8345.99,2025-03-01,学习,工资
20250113ZLZ4US,income,9519.42,2025-01-13,差旅,工资
20251203N20A42,income,2661.41,2025-12-03,正常,津贴
20250608TI5421,income,1054.66,2025-06-08,购物,奖金
202507060ETZWD,income,4033.55,2025-07-06,正常,奖金
20250912UP9JFP,income,1698.43,2025-09-12,娱乐,工资
20250623SKNAC2,income,445.06,2025-06-23,加班,工资
20250405PX246B,income,9259.18,2025-04-05,差旅,工资
202505274WZ8CR,income,5600.29,2025-05-27,生活费,奖金
20250103M9RPIS,income,2331.84,2025-01-03,购物,津贴
202502124PVEHS,income,2364.82,2025-02-12,外卖,工资
202503233F8ROQ,income,5735.69,2025-03-23,正常,奖金
20251028ZEYOHS,income,5603.03,2025-10-28,学习,奖金
20251223A10DHD,income,7216.82,2025-12-23,学习,津贴
20250806SAR5EK,income,4540.61,2025-08-06,加班,工资
20250719SH0YWC,income,5802.60,2025-07-19,外卖,工资
202502022CLXI9,income,7632.15,2025-02-02,报销,津贴
20250101T0X9DX,income,3521.16,2025-01-01,购物,津贴
20251225BU3WY8,income,4819.83,2025-12-25,补贴,奖金
20251104JLWPT8,income,1450.70,2025-11-04,差旅,奖金
20250118VORHJ5,income,9688.68,2025-01-18,差旅,津贴
20251101R4IVUC,income,3861.37,2025-11-01,学习,津贴
20250811UGNDTL,income,9757.28,2025-08-11,差旅,津贴
20251219HQO9BR,income,5638.38,2025-12-19,差旅,工资
20250719B9EPFE,income,9942.01,2025-07-19,外卖,奖金
20251201CNWGEJ,income,9458.78,2025-12-01,加班,奖金
20250713JM9S66,income,3410.84,2025-07-13,加班,工资
20251206PJGUZQ,income,9924.86,2025-12-06,学习,工资
202504156AV3P0,income,2816.55,2025-04-15,购物,奖金
20250406KOTJRW,income,8805.14,2025-04-06,生活费,津贴
20251005WR54DC,income,165.08,2025-10-05,购物,津贴
202509082JAHW6,income,1257.89,2025-09-08,正常,津贴
202502094V8NWW,income,2260.23,2025-02-09,购物,工资
20250312DCCTD8,income,4212.08,2025-03-12,生活费,奖金
20250211EXPUSW,income,4993.80,2025-02-11,娱乐,津贴
20250419IFM5MK,income,4176.07,2025-04-19,学习,津贴
202502189SNKFY,income,875.58,2025-02-18,报销,奖金
20250313RWDAVR,income,1346.29,2025-03-13,购物,津贴
20251216CBRXBH,income,7868.19,2025-12-16,差旅,奖金
202511198A8BJM,income,1152.96,2025-11-19,差旅,奖金
202508278P2MQ1,income,1272.49,2025-08-27,购物,津贴
20250326BI6HJ2,income,201.88,2025-03-26,生活费,奖金
202509123OYGGU,income,3479.71,2025-09-12,娱乐,奖金
202507244YMRPM,income,9434.66,2025-07-24,外卖,工资
202508158Q987B,income,2104.46,2025-08-15,正常,津贴
20250226JWMNET,income,7360.77,2025-02-26,生活费,奖金
20250718US7XCB,income,1867.31,2025-07-18,报销,奖金
2025081036ODH2,income,6391.92,2025-08-10,学习,津贴
2025100528PVPB,income,7474.25,2025-10-05,购物,津贴
20251104VAUY1U,income,8869.12,2025-11-04,差旅,津贴
20250615FOXGX0,income,1548.88,2025-06-15,正常,奖金
20251213UO86GX,income,6508.64,2025-12-13,报销,奖金
20250406NX5MUP,income,870.52,2025-04-06,外卖,工资
20250808LW21N6,income,1907.79,2025-08-08,加班,津贴
20251211X1QU42,income,664.20,2025-12-11,购物,津贴
202509090YR9TY,income,8792.71,2025-09-09,购物,奖金
20251126JBFQN5,income,561.16,2025-11-26,正常,工资
2025041255SYMU,income,8124.24,2025-04-12,差旅,奖金
20250318SW6Q3F,income,3623.59,2025-03-18,正常,工资
20250114VU3E9N,income,5171.88,2025-01-14,报销,津贴
20251014BWSAAC,income,1110.70,2025-10-14,外卖,奖金
202509038KYS6I,income,5230.77,2025-09-03,外卖,奖金
202510087CKH01,income,9595.18,2025-10-08,正常,奖金
20251124Z0UF11,income,799.77,2025-11-24,补贴,奖金
202511256S49ED,income,3429.20,2025-11-25,生活费,津贴
20250224WXDZU7,income,9441.66,2025-02-24,购物,津贴
20250123JCOOHQ,income,9696.98,2025-01-23,报销,工资
20250523POBVUE,income,5161.94,2025-05-23,外卖,奖金
202501237J9LD4,income,9606.78,2025-01-23,学习,奖金
20251010Y16LPK,income,7606.63,2025-10-10,加班,奖金
20250223DPVJ1W,income,1068.48,2025-02-23,外卖,奖金
20250111A35QPY,income,3720.97,2025-01-11,外卖,奖金
202505285NBM7S,income,9533.66,2025-05-28,学习,工资
20250824WMKK8M,income,6855.96,2025-08-24,生活费,工资
2025011149B9TF,income,8734.51,2025-01-11,补贴,奖金
2025080656O4TQ,income,7707.61,2025-08-06,购物,奖金
202502276HZPIS,income,5479.85,2025-02-27,学习,津贴
20250201JN460V,income,2540.80,2025-02-01,差旅,津贴
20251004FHUHXA,income,5105.92,2025-10-04,生活费,工资
20251227FOZ6KP,income,1918.59,2025-12-27,娱乐,工资
20250523LJ6OKO,income,7001.84,2025-05-23,正常,奖金
20250407AACDVD,income,547.27,2025-04-07,差旅,津贴
20250611UGYA5R,income,249.87,2025-06-11,娱乐,工资
20250224K6G8ZS,income,6884.21,2025-02-24,外卖,津贴
20250603AYZNBG,income,8566.01,2025-06-03,学习,奖金
20251011EHVX5E,income,3845.14,2025-10-11,正常,津贴
20251026O7WEAK,income,8195.40,2025-10-26,外卖,奖金
20250114I9YBAX,income,6733.06,2025-01-14,学习,津贴
20250217E3OCN9,income,8777.35,2025-02-17,加班,工资
20250618ZGQYDC,income,3911.34,2025-06-18,报销,工资
20250810O37060,income,7288.00,2025-08-10,正常,工资
20250516SWPP3G,income,4832.64,2025-05-16,补贴,奖金
2025070709Q8H5,income,438.18,2025-07-07,娱乐,工资
20251212SNAC0Q,income,4389.20,2025-12-12,娱乐,奖金
20250405GLS9ZJ,income,1673.30,2025-04-05,正常,奖金
20251002YPNHP2,income,7776.55,2025-10-02,正常,津贴
202512155SNANZ,income,1563.38,2025-12-15,补贴,奖金
20250427QIXZ9T,income,1911.68,2025-04-27,补贴,津贴
20250116DPTLEP,income,5843.07,2025-01-16,报销,工资
20250301055LZ0,income,7385.52,2025-03-01,学习,工资
20250708BEDF1E,income,771.23,2025-07-08,差旅,奖金
20250415FFO5G2,income,5502.10,2025-04-15,报销,奖金
202502057VJ2IP,income,2987.43,2025-02-05,差旅,津贴
202512049VSOSJ,income,3554.27,2025-12-04,学习,奖金
202506215CWJKO,income,9008.64,2025-06-21,购物,工资
202503229NFTOV,income,6278.72,2025-03-22,报销,工资
20250317GWAK7Y,income,5761.30,2025-03-17,补贴,津贴
202505234EPYR7,income,5708.17,2025-05-23,生活费,津贴
202511288JMQA3,income,9135.18,2025-11-28,差旅,奖金
20251216BNCA3N,income,1397.32,2025-12-16,外卖,奖金
20250624JGVYHB,income,3839.40,2025-06-24,学习,工资
20250910E7CARK,income,896.64,2025-09-10,娱乐,津贴
20250823JV2C9U,income,887.44,2025-08-23,正常,奖金
20251022BGFDY5,income,9753.19,2025-10-22,外卖,工资
20250306FVV27L,income,1737.18,2025-03-06,学习,工资
202508213YPUWP,income,3507.87,2025-08-21,报销,奖金
20250425H2ZAP0,income,6728.54,2025-04-25,正常,津贴
20250326N61E0O,income,5612.28,2025-03-26,正常,工资
20250815EJZD99,income,4846.80,2025-08-15,正常,津贴
20250216KMGK68,income,1540.52,2025-02-16,外卖,奖金
20250820FXTNQH,income,8511.00,2025-08-20,生活费,津贴
20251004Q93GO8,income,2162.76,2025-10-04,加班,津贴
202506210JYEVD,income,1300.17,2025-06-21,学习,奖金
20251019R3U0PL,income,9004.86,2025-10-19,差旅,工资
20251223HLZ2DF,income,8047.99,2025-12-23,差旅,工资
20250124JX7V48,income,2968.99,2025-01-24,娱乐,津贴
20250325WV9JLA,income,895.86,2025-03-25,购物,奖金
20250510KSID2A,income,3419.27,2025-05-10,外卖,奖金
20250808Y0ZZ78,income,8055.45,2025-08-08,购物,津贴
20250305ZCFBFY,income,725.82,2025-03-05,差旅,津贴
20251021950560,income,6665.40,2025-10-21,生活费,工资
202509200A20YE,income,95.27,2025-09-20,正常,工资
202504149QJI83,income,1826.02,2025-04-14,购物,奖金
20251111UDTPGG,income,5867.96,2025-11-11,差旅,津贴
202504012MZTID,income,3817.06,2025-04-01,差旅,奖金
20251123Z7MVYN,income,2351.08,2025-11-23,购物,工资
202501031JAYOZ,income,5489.75,2025-01-03,娱乐,津贴
20250927BGLXSR,income,5302.64,2025-09-27,补贴,津贴
20250913476S1Z,income,7183.01,2025-09-13,加班,奖金
20251021CL98EH,income,3163.05,2025-10-21,购物,工资
20250325LQV8U7,income,1841.31,2025-03-25,外卖,奖金
202509066YEN4X,income,2138.15,2025-09-06,正常,工资
202504160BY2LJ,income,8645.68,2025-04-16,差旅,奖金
202506268PBC2P,income,7149.59,2025-06-26,生活费,津贴
20250111UJ1W7Z,income,3226.46,2025-01-11,学习,津贴
20251121NGIXIK,income,2104.00,2025-11-21,补贴,津贴
20250404JG3GJB,income,6622.20,2025-04-04,报销,津贴
20250219CJN5X4,income,9977.08,2025-02-19,购物,奖金
2025122868XD3V,income,1580.13,2025-12-28,购物,工资
20250624FP4L1T,income,2248.98,2025-06-24,生活费,工资
20251203669MYM,income,4584.82,2025-12-03,报销,奖金
20250708VDX0JQ,income,8383.63,2025-07-08,外卖,工资
20250108C6QAOG,income,9298.22,2025-01-08,外卖,奖金
202504213WG7YQ,income,1934.34,2025-04-21,娱乐,津贴
20250523VQEBJD,income,2061.17,2025-05-23,差旅,津贴
20250316I2W2C6,income,6998.58,2025-03-16,外卖,工资
20251113986X8G,income,8017.18,2025-11-13,生活费,工资
20251224WXOIQ1,income,7607.19,2025-12-24,正常,津贴
20250308UVI56X,income,7612.57,2025-03-08,正常,奖金
202511239EQXXI,income,5633.57,2025-11-23,生活费,津贴
20250707EERSVY,income,7337.69,2025-07-07,生活费,工资
20250108IX6RPQ,income,60.40,2025-01-08,加班,奖金
2025051251QNCB,income,8579.80,2025-05-12,娱乐,津贴
20250726R5ACI2,income,6060.65,2025-07-26,补贴,工资
2025042548FA2M,income,7378.89,2025-04-25,正常,工资
20250907T5FSCH,income,2461.86,2025-09-07,学习,津贴
20251013F0DROQ,income,7079.47,2025-10-13,差旅,奖金
20251016JGSDTP,income,1519.74,2025-10-16,购物,奖金
20250405P53Z3E,income,6591.88,2025-04-05,补贴,工资
20250409SXMG05,income,3030.36,2025-04-09,补贴,津贴
20250516ZVLTX4,income,3753.30,2025-05-16,外卖,津贴
20250308BYEXBM,income,5129.78,2025-03-08,差旅,奖金
20250903RL9XQT,income,188.74,2025-09-03,正常,奖金
20250708L2L282,income,4652.47,2025-07-08,补贴,奖金
20250613U9K1V0,income,4930.82,2025-06-13,娱乐,工资
20251016KA26FL,income,5764.88,2025-10-16,差旅,奖金
202506242QY5JF,income,5362.69,2025-06-24,报销,工资
20250219HGC0XF,income,3119.88,2025-02-19,娱乐,奖金
202511252ROIRO,income,9846.70,2025-11-25,生活费,津贴
20250819NC2NJX,income,1957.02,2025-08-19,报销,津贴
20250803K2M746,income,6433.69,2025-08-03,娱乐,工资
202502260ZM05G,income,1352.57,2025-02-26,购物,奖金
20250102KKR56Q,income,7026.75,2025-01-02,加班,津贴
20250410AAOPR5,income,5644.65,2025-04-10,正常,工资
20250621W507MJ,income,7283.01,2025-06-21,购物,工资
20251206A9TBVG,income,1882.40,2025-12-06,补贴,奖金
20250919J61CQ0,income,9536.92,2025-09-19,娱乐,津贴
202509185LJFLW,income,6447.24,2025-09-18,正常,津贴
20250227465IPJ,income,1950.57,2025-02-27,购物,工资
202501206VO8HP,income,1460.38,2025-01-20,外卖,奖金
20251213DBWND6,income,4561.71,2025-12-13,外卖,工资
202502026NNQ18,income,7761.57,2025-02-02,外卖,津贴
20250918OXNS0E,income,3872.10,2025-09-18,娱乐,工资
20250106S7H02Q,income,6524.06,2025-01-06,报销,奖金
202504026DITE0,income,4769.22,2025-04-02,加班,奖金
20250612WO74FK,income,2832.92,2025-06-12,正常,津贴
20251220EQ9IRS,income,9524.74,2025-12-20,报销,工资
20250911KTP99H,income,2580.05,2025-09-11,正常,工资
20250106VRUOID,income,1205.28,2025-01-06,报销,工资
202505221V8R57,income,6881.07,2025-05-22,外卖,奖金
20251008X9GJTR,income,8138.49,2025-10-08,差旅,工资
20250513HPBR15,income,1431.65,2025-05-13,加班,奖金
20250225JUVGXI,income,7454.35,2025-02-25,学习,工资
20251217GYC5IX,income,3781.01,2025-12-17,加班,奖金
202512228OSG2U,income,338.62,2025-12-22,购物,奖金
202507211EVBET,income,9755.86,2025-07-21,外卖,工资
20250622A6DU7S,income,8502.44,2025-06-22,补贴,津贴
20250724M4ZR6R,income,3734.84,2025-07-24,购物,工资
20250901G4C7WF,income,1792.52,2025-09-01,娱乐,工资
20251108U4HD2T,income,31.44,2025-11-08,学习,奖金
20250312VOPLHH,income,3313.02,2025-03-12,外卖,津贴
20250717NTWIH5,income,6664.47,2025-07-17,补贴,奖金
20250306LX2DUB,income,2007.95,2025-03-06,补贴,津贴
20250515CSSW48,income,2861.79,2025-05-15,生活费,奖金
20250311DOB49L,income,892.03,2025-03-11,报销,工资
20250121UJWDQ7,income,1371.73,2025-01-21,加班,津贴
20250911JI5UDZ,income,9825.85,2025-09-11,正常,奖金
20250723A98LG1,income,8007.30,2025-07-23,学习,奖金
20250318SJ98BH,income,352.06,2025-03-18,加班,津贴
202510267VST8A,income,358.16,2025-10-26,补贴,工资
20250702DQ175D,income,1636.93,2025-07-02,加班,工资
202505111FXUDP,income,3549.78,2025-05-11,娱乐,津贴
20251105MJHCUL,income,8894.08,2025-11-05,报销,津贴
20250215X3VD80,income,5565.88,2025-02-15,娱乐,奖金
20250617FHTBRK,income,8045.64,2025-06-17,加班,津贴
20250727TXEMHT,income,8244.65,2025-07-27,补贴,工资
20250122W5C8KC,income,626.40,2025-01-22,生活费,工资
20250813FQBPOF,income,6682.02,2025-08-13,报销,奖金
202502129PH2VE,income,7207.04,2025-02-12,学习,津贴
20250314W7C1YH,income,9647.36,2025-03-14,正常,津贴
2025061970OSVQ,income,5555.56,2025-06-19,外卖,工资
20250826ZPTYMO,income,2406.02,2025-08-26,加班,奖金
2025112896LMNS,income,644.04,2025-11-28,购物,工资
20250902A5IJGH,income,6584.45,2025-09-02,报销,工资
20251217SCTSNT,income,3760.30,2025-12-17,差旅,工资
202510124XEH63,income,48.58,2025-10-12,生活费,工资
20250925VV3QKA,income,3248.67,2025-09-25,报销,奖金
20251002I1YOVS,income,6774.18,2025-10-02,正常,津贴
2025071350O8DB,income,2179.13,2025-07-13,生活费,奖金
20250917VBY7XY,income,5026.69,2025-09-17,报销,工资
202504157QYVER,income,9812.77,2025-04-15,生活费,津贴
20251010CT7CO7,income,9095.89,2025-10-10,加班,工资
20250513UVNFKD,income,4016.33,2025-05-13,外卖,工资
20250108EJAK3G,income,7730.30,2025-01-08,购物,津贴
20250927UUOYY6,income,5775.53,2025-09-27,外卖,工资
202503242I3H9O,income,9734.94,2025-03-24,娱乐,奖金
202506076KROD8,income,949.35,2025-06-07,正常,工资
20251005WC6FR1,income,2525.79,2025-10-05,报销,工资
20250817A3NHMT,income,7374.58,2025-08-17,生活费,奖金
20251207SE55W5,income,9605.53,2025-12-07,购物,工资
202509037Y1E0Z,income,4619.55,2025-09-03,报销,工资
20250808TMGZFU,income,749.55,2025-08-08,正常,工资
20250409QSJNF0,income,6035.47,2025-04-09,娱乐,津贴
20251122UDTBYW,income,4450.58,2025-11-22,正常,工资
20250611Y788GL,income,5938.01,2025-06-11,外卖,奖金
20250101JYM43L,income,5922.36,2025-01-01,生活费,津贴
20251122DEAULP,income,2144.68,2025-11-22,学习,津贴
202503209Q0RPT,income,6629.43,2025-03-20,报销,津贴
20251125N76KUF,income,7271.77,2025-11-25,娱乐,工资
20250615G5H74M,income,283.66,2025-06-15,外卖,奖金
20250413B137AY,income,6492.51,2025-04-13,生活费,奖金
20251101UY2QUV,income,2942.23,2025-11-01,购物,奖金
202504266KXDMS,income,4768.88,2025-04-26,生活费,津贴
202503156W2TMF,income,3085.75,2025-03-15,报销,奖金
20250725AZCT8O,income,2923.80,2025-07-25,加班,奖金
20251106U8K2CK,income,3802.62,2025-11-06,生活费,津贴
20251120LE3FPJ,income,3852.93,2025-11-20,生活费,工资
2025112166ZCQT,income,2633.90,2025-11-21,加班,津贴
20250920GWZW77,income,2713.45,2025-09-20,报销,津贴
202503272P73Z4,income,8270.18,2025-03-27,外卖,津贴
20250515X23ZBT,income,471.65,2025-05-15,购物,奖金
20250212BMA4DU,income,8457.93,2025-02-12,购物,工资
20250626R188TC,income,9133.03,2025-06-26,报销,工资
20251111IBC97H,income,4633.17,2025-11-11,加班,工资
20250710VESTU6,income,8611.56,2025-07-10,生活费,奖金
20250417MBRARO,income,2866.59,2025-04-17,差旅,工资
20250619C4HE84,income,9513.72,2025-06-19,差旅,津贴
20251009H3MDAS,income,5908.85,2025-10-09,差旅,奖金
202506010B88LJ,income,462.74,2025-06-01,购物,工资
20250320IGVO7W,income,4194.07,2025-03-20,补贴,津贴
202505247IFVJD,income,839.92,2025-05-24,娱乐,奖金
20250211PIB46K,income,3299.48,2025-02-11,外卖,津贴
20250527082H9T,income,6257.27,2025-05-27,加班,工资
202505079I3SS0,income,4817.68,2025-05-07,补贴,工资
20250802MGY8FW,income,3069.02,2025-08-02,加班,工资
20250605LCJ5KQ,income,2884.34,2025-06-05,差旅,津贴
202506240PLX6V,income,6702.56,2025-06-24,购物,奖金
20250424URN7ZK,income,5635.27,2025-04-24,外卖,奖金
20250627ALN688,income,8200.88,2025-06-27,补贴,津贴
20251009SVEFJJ,income,9166.90,2025-10-09,学习,津贴
2025101511TI8J,income,3407.17,2025-10-15,学习,奖金
20250527C5A0QY,income,5763.93,2025-05-27,正常,津贴
202512145BPPHO,income,3635.43,2025-12-14,加班,奖金
202502157UMSFZ,income,9187.94,2025-02-15,学习,奖金
20251028J0GO5N,income,6605.06,2025-10-28,加班,工资
20251022LORIQ0,income,3191.10,2025-10-22,娱乐,奖金
20250314LHB7VT,income,4991.41,2025-03-14,加班,奖金
20250709BYXD1V,income,701.23,2025-07-09,加班,工资
20250305ZPS5QC,income,6821.27,2025-03-05,正常,奖金
20250911JSJ0UL,income,9713.40,2025-09-11,正常,工资
20250121SVX626,income,1595.61,2025-01-21,生活费,津贴
20250219P0HRL4,income,1202.18,2025-02-19,差旅,奖金
20251227E85V20,income,2482.08,2025-12-27,补贴,奖金
202503135YDIUA,income,5531.50,2025-03-13,差旅,奖金
2025032179IS3D,income,5116.35,2025-03-21,报销,工资
20250719YOYECG,income,2754.54,2025-07-19,学习,工资
202511092ASUVP,income,537.66,2025-11-09,正常,工资
20250624KULDAT,income,2313.82,2025-06-24,加班,工资
20251017BZINR3,income,6949.73,2025-10-17,报销,奖金
20250309IOEYF4,income,6103.68,2025-03-09,加班,奖金
202512065V5GN0,income,8199.36,2025-12-06,正常,工资
2025091631XMVU,income,5129.21,2025-09-16,差旅,津贴
202502031OPMAW,income,9759.48,2025-02-03,外卖,奖金
20250310T4RL98,income,818.86,2025-03-10,加班,工资
20251017OTG8HM,income,8947.79,2025-10-17,差旅,奖金
20251112FQCIFR,income,4869.50,2025-11-12,正常,津贴
2025030641ZHJY,income,2064.98,2025-03-06,生活费,奖金
20250411YAT7RK,income,5923.46,2025-04-11,补贴,津贴
202504161HMOXW,income,9809.35,2025-04-16,生活费,津贴
20251210HANEL2,income,9246.80,2025-12-10,娱乐,津贴
20250516Q5VU02,income,7558.90,2025-05-16,补贴,津贴
20250617FB6DB4,income,3952.21,2025-06-17,学习,津贴
20250603NBQ7NC,income,668.73,2025-06-03,外卖,奖金
20250408GJ7J0J,income,1377.21,2025-04-08,学习,奖金
20251216QHDYV3,income,8939.92,2025-12-16,加班,奖金
20250225SA8L9U,income,3276.41,2025-02-25,差旅,津贴
20251028884XZ0,income,6233.43,2025-10-28,购物,工资
20250219S4YDOX,income,4628.83,2025-02-19,加班,津贴
20250523MR27XV,income,9858.51,2025-05-23,补贴,津贴
202512018ZM4JO,income,7792.99,2025-12-01,购物,奖金
20250425NYQN5O,income,1001.56,2025-04-25,学习,奖金
20251123DAYYVO,income,8840.63,2025-11-23,正常,奖金
20251126CDPO7Q,income,6151.29,2025-11-26,补贴,工资
20250723SQ3FWL,income,9011.50,2025-07-23,加班,奖金
20250426DC86HB,income,310.74,2025-04-26,正常,工资
20250919XM552B,income,2839.42,2025-09-19,差旅,工资
20250401PAOVHB,income,3857.27,2025-04-01,外卖,工资
20250812Z307J1,income,7637.71,2025-08-12,学习,奖金
20251110PJ8L73,income,2771.10,2025-11-10,生活费,津贴
20250528SSR5LU,income,9270.32,2025-05-28,学习,津贴
20250227XUKYJV,income,3954.59,2025-02-27,生活费,奖金
202507178ICKMY,income,1006.83,2025-07-17,加班,奖金
20250218CTII0R,income,9999.89,2025-02-18,报销,津贴
20251001HEI6JQ,income,9731.05,2025-10-01,补贴,津贴
20250215CHUSW6,income,3380.01,2025-02-15,生活费,津贴
202510053FHYQY,income,386.21,2025-10-05,补贴,奖金
20251111WAIE4H,income,9217.30,2025-11-11,报销,工资
20250115CYFOFN,income,9143.35,2025-01-15,生活费,奖金
202505287PPD63,income,5484.27,2025-05-28,差旅,津贴
20250813HAWSUS,income,9295.42,2025-08-13,补贴,奖金
202511062QGOJ9,income,8124.41,2025-11-06,娱乐,奖金
20251121JF69TK,income,5075.06,2025-11-21,学习,津贴
20251122TKBZ7F,income,5002.05,2025-11-22,正常,工资
202501212IFSXW,income,2427.64,2025-01-21,加班,津贴
20250306Z5PMWJ,income,4459.19,2025-03-06,购物,津贴
20251123AAMESO,income,5573.03,2025-11-23,娱乐,奖金
20250306IGXM35,income,1653.02,2025-03-06,加班,津贴
20250115HV4A06,income,8041.12,2025-01-15,生活费,津贴
20251107IS85PJ,income,7781.88,2025-11-07,购物,津贴
20250606906CWZ,income,7955.95,2025-06-06,生活费,奖金
20250726UF5GGR,income,3649.54,2025-07-26,报销,工资
20250908S96LR0,income,3380.88,2025-09-08,补贴,津贴
20251111XKH0MF,income,5289.60,2025-11-11,加班,津贴
202509287S1P5Y,income,1405.49,2025-09-28,正常,工资
202505273Z3NNK,income,444.18,2025-05-27,购物,奖金
20250627KOCBUD,income,8129.82,2025-06-27,娱乐,工资
20250512UAXABB,income,2816.15,2025-05-12,生活费,工资
202511233WC1NL,income,5374.32,2025-11-23,差旅,津贴
20250713YAM9VM,income,9003.76,2025-07-13,加班,奖金
20251207QOYQT3,income,7072.28,2025-12-07,加班,奖金
20250902K16RLP,income,1361.26,2025-09-02,加班,津贴
20251213YPFD02,income,4762.71,2025-12-13,加班,工资
202504142DMIJ4,income,7073.86,2025-04-14,报销,工资
20251228LSDFIT,income,9850.34,2025-12-28,学习,奖金
202506122AJZ9Y,income,2071.53,2025-06-12,正常,工资
20250416O6GPQA,income,8112.00,2025-04-16,差旅,工资
20250516O10WT3,income,6999.22,2025-05-16,正常,津贴
20250316MRROB4,income,9842.00,2025-03-16,正常,工资
20250219VE60WH,income,443.67,2025-02-19,购物,工资
20250711Y702BO,income,4376.10,2025-07-11,学习,工资
20250609EOPLAJ,income,5090.41,2025-06-09,学习,工资
202506020RAN5Z,income,4823.50,2025-06-02,补贴,津贴
20250703PDKY3T,income,7919.25,2025-07-03,外卖,工资
202511052ENANA,income,5812.71,2025-11-05,学习,奖金
20251217178Y1W,income,275.77,2025-12-17,差旅,津贴
202501173U50LB,income,3023.91,2025-01-17,生活费,奖金
20250115GMCCAS,income,7615.60,2025-01-15,购物,奖金
20250611E2H2RP,income,7249.60,2025-06-11,加班,津贴
20250522F77S77,income,3889.77,2025-05-22,差旅,津贴
202509246VWPQM,income,8571.15,2025-09-24,外卖,津贴
202502203ATA1X,income,9504.87,2025-02-20,生活费,津贴
20250102405DFH,income,6085.64,2025-01-02,报销,津贴
20251113SRK7Y7,income,3823.10,2025-11-13,正常,奖金
20251126AWSEPA,income,6793.85,2025-11-26,生活费,奖金
20250604S0WLOZ,income,4068.95,2025-06-04,差旅,津贴
20250707Y41LX4,income,5185.97,2025-07-07,加班,津贴
20250610X9VM1M,income,7083.21,2025-06-10,娱乐,津贴
20250326R6EYW3,income,7419.91,2025-03-26,正常,工资
2025081265KA8S,income,4915.68,2025-08-12,差旅,奖金
20250428QR2C1A,income,2512.12,2025-04-28,外卖,奖金
20250922T4U3I3,income,6907.59,2025-09-22,学习,津贴
202501073LE0LK,income,7860.77,2025-01-07,报销,奖金
2025040575BVO7,income,9058.61,2025-04-05,补贴,奖金
20251105B1XB55,income,3413.49,2025-11-05,差旅,津贴
20250601GWNDNA,income,1073.17,2025-06-01,正常,奖金
202508204XQH7F,income,122.18,2025-08-20,差旅,津贴
20250717XQMZSX,income,8974.68,2025-07-17,购物,工资
202502252HGW0P,income,7199.00,2025-02-25,外卖,工资
20250425YJQ984,income,5687.25,2025-04-25,补贴,工资
202503149CTBZX,income,4451.44,2025-03-14,生活费,工资
20251109TETVAQ,income,1536.08,2025-11-09,补贴,津贴
20250908H8A0ZV,income,3047.63,2025-09-08,购物,工资
202511088DKE8Y,income,4546.76,2025-11-08,生活费,奖金
20251119O23XYL,income,4315.71,2025-11-19,报销,奖金
20250406VE11YR,income,969.09,2025-04-06,差旅,奖金
20251124SXGWP2,income,2719.83,2025-11-24,加班,工资
20250804QK315N,income,4849.02,2025-08-04,购物,工资
20250820X5Z39N,income,2075.26,2025-08-20,娱乐,工资
20250912LHMHGW,income,4822.41,2025-09-12,购物,奖金
20250114QBOYLX,income,4339.54,2025-01-14,购物,奖金
20250601LS7B8L,income,4510.54,2025-06-01,差旅,津贴
20250425FHA8N2,income,1090.43,2025-04-25,差旅,津贴
202505090DMKST,income,7164.18,2025-05-09,补贴,奖金
20250919I8HVQL,income,6314.28,2025-09-19,加班,奖金
20250324N0DXBM,income,2874.03,2025-03-24,加班,津贴
20250712XCAN4P,income,5230.55,2025-07-12,学习,奖金
20251116HX85IS,income,347.62,2025-11-16,加班,工资
20250907VW5BUK,income,8868.20,2025-09-07,生活费,工资
20251013L6KIM2,income,6163.29,2025-10-13,报销,工资
20251017F7X2G1,income,6514.59,2025-10-17,学习,工资
2025031587ZRQG,income,461.67,2025-03-15,报销,奖金
20250207H9Z252,income,7740.98,2025-02-07,娱乐,工资
20251104JUKITT,income,8913.83,2025-11-04,娱乐,津贴
20250514M5NC33,income,4944.10,2025-05-14,生活费,工资
20251211X2CKJD,income,4327.44,2025-12-11,正常,奖金
20250222QG6XMA,income,4726.84,2025-02-22,差旅,津贴
20250217X3BD5L,income,1059.23,2025-02-17,生活费,津贴
20251026E4216R,income,7375.77,2025-10-26,购物,工资
20250824BWONY6,income,7797.18,2025-08-24,差旅,奖金
20250404V71COH,income,2625.71,2025-04-04,外卖,奖金
20250523G4YTRJ,income,5285.77,2025-05-23,补贴,津贴
20251224ZD31H3,income,1845.79,2025-12-24,购物,奖金
20251218OT05N0,income,7233.28,2025-12-18,正常,奖金
202507201NBN5R,income,469.86,2025-07-20,正常,津贴
202510115A7TSN,income,6459.40,2025-10-11,正常,津贴
20250520JIUBAB,income,8013.75,2025-05-20,加班,工资
20251009SVMNXB,income,2843.61,2025-10-09,正常,津贴
20250303WFPL9R,income,9812.20,2025-03-03,补贴,奖金
20250312B0PKTA,income,8918.00,2025-03-12,娱乐,奖金
20250111MT81UL,income,1999.66,2025-01-11,娱乐,工资
20250918K31GPC,income,8096.85,2025-09-18,学习,奖金
20250413V1UPE6,income,8731.67,2025-04-13,购物,工资
20250622O8PVLL,income,3116.39,2025-06-22,差旅,津贴
20250522B7PJBU,income,4510.94,2025-05-22,加班,津贴
202509276RBWJG,income,6422.16,2025-09-27,购物,津贴
20250118X9GWWU,income,8545.74,2025-01-18,购物,津贴
20250216SK4NCA,income,2019.50,2025-02-16,生活费,津贴
20250602P51ATX,income,3283.92,2025-06-02,生活费,奖金
20250523ARHOYJ,income,749.83,2025-05-23,生活费,奖金
202503263W1G98,income,69.00,2025-03-26,娱乐,工资
20250520NZISAL,income,7830.22,2025-05-20,学习,工资
20250808GCNUEE,income,598.96,2025-08-08,报销,奖金
202508283JHBRW,income,655.46,2025-08-28,补贴,津贴
202508167Z7SSQ,income,115.15,2025-08-16,购物,工资
20250426TZSTX1,income,1852.67,2025-04-26,加班,津贴
20250305SUTTJ8,income,517.40,2025-03-05,购物,奖金
202501032QV9Q0,income,9503.21,2025-01-03,娱乐,津贴
20250216EY70PE,income,8926.46,2025-02-16,差旅,津贴
20251018X4V984,income,5494.05,2025-10-18,外卖,工资
20250209NKPZTR,income,2297.57,2025-02-09,加班,津贴
20251106W5MX71,income,1612.68,2025-11-06,加班,奖金
20251004XDOWQD,income,2470.76,2025-10-04,娱乐,工资
20250613RFX4UI,income,9712.18,2025-06-13,学习,奖金
20250426I9EBJT,income,8007.98,2025-04-26,娱乐,奖金
2025102616H06Z,income,4957.03,2025-10-26,购物,工资
20250113LLSDQO,income,5617.32,2025-01-13,报销,工资
20250115XEA0YO,income,1406.54,2025-01-15,购物,奖金
202502046OZH07,income,2059.32,2025-02-04,差旅,奖金
20250113GPWN4J,income,7637.83,2025-01-13,差旅,奖金
20250325Z6IHML,income,836.51,2025-03-25,正常,工资
2025051733LALS,income,3632.28,2025-05-17,报销,津贴
20250806MD88E5,income,1324.49,2025-08-06,购物,工资
20251116U3JZAD,income,5743.80,2025-11-16,购物,津贴
202503077JY5X8,income,1963.94,2025-03-07,补贴,工资
20250627HLAVCV,income,4813.02,2025-06-27,娱乐,工资
20251202SAYDJA,income,318.30,2025-12-02,购物,奖金
20250705YR992M,income,2641.77,2025-07-05,生活费,工资
20250127OGYPKG,income,4555.62,2025-01-27,差旅,津贴
20251217SIR8N4,income,1321.86,2025-12-17,娱乐,津贴
20251016YJET8O,income,666.18,2025-10-16,差旅,奖金
20251224O0Y0XK,income,4939.68,2025-12-24,差旅,津贴
20250502MLJYKL,income,9797.58,2025-05-02,生活费,工资
202503041G0SLY,income,4802.32,2025-03-04,学习,工资
20251106CK0LAJ,income,694.92,2025-11-06,加班,奖金
20250216WW68SP,income,6872.76,2025-02-16,购物,奖金
20251006GBTABS,income,2980.69,2025-10-06,差旅,奖金
20250413RSU61J,income,8637.09,2025-04-13,加班,津贴
20250711RZCDI6,income,9442.37,2025-07-11,生活费,工资
202511090OS56E,income,4331.65,2025-11-09,正常,津贴
202501214B2JVW,income,3581.02,2025-01-21,正常,奖金
20250523BDNHLL,income,2844.68,2025-05-23,正常,津贴
20250807GGJBUR,income,4104.45,2025-08-07,加班,奖金
20250403NGRNPE,income,5474.68,2025-04-03,学习,津贴
20250825IRFGJ5,income,157.07,2025-08-25,购物,奖金
20250128RC1P3W,income,138.44,2025-01-28,加班,工资
202505270BKQQG,income,4041.22,2025-05-27,补贴,津贴
20250624OIK1Z2,income,5173.17,2025-06-24,娱乐,工资
20250408U42J3K,income,9229.47,2025-04-08,购物,奖金
20250327CSDXHD,income,2203.20,2025-03-27,学习,奖金
202504203RX0EL,income,7829.25,2025-04-20,外卖,奖金
20250221BDQG4F,income,7270.80,2025-02-21,加班,奖金
20250716PVKDHP,income,9855.85,2025-07-16,学习,津贴
20250718DC8ZER,income,5327.24,2025-07-18,生活费,工资
20250904CHP4JC,income,4690.13,2025-09-04,补贴,奖金
20251012MY8HQW,income,9648.90,2025-10-12,加班,奖金
20250326E4VPPP,income,8432.91,2025-03-26,正常,奖金
20250816PMSXB0,income,9663.50,2025-08-16,学习,工资
202509146EMWE1,income,6770.70,2025-09-14,正常,津贴
20251025D9WDT6,income,5099.13,2025-10-25,加班,津贴
20250202U1PKJG,income,5335.68,2025-02-02,购物,津贴
20250103KMMYWR,income,3309.42,2025-01-03,生活费,奖金
20250901RE70GN,income,5441.99,2025-09-01,生活费,津贴
20251223J19KIU,income,3381.48,2025-12-23,学习,奖金
20250803Z366SM,income,3236.43,2025-08-03,报销,奖金
20251209J6PZCL,income,1351.99,2025-12-09,补贴,津贴
20250528YH2Q9P,income,8387.17,2025-05-28,学习,工资
20250527B6NBLQ,income,5481.25,2025-05-27,正常,奖金
20250926MGZHGG,income,3728.62,2025-09-26,补贴,工资
202502212QAOJY,income,8691.92,2025-02-21,报销,津贴
20250217DLGGEH,income,1129.27,2025-02-17,正常,津贴
20251027Q29VE1,income,3243.25,2025-10-27,购物,津贴
20250122TU1PNL,income,8562.84,2025-01-22,差旅,津贴
20250709BFMVUP,income,5475.88,2025-07-09,学习,津贴
20251208ICK1YT,income,8491.85,2025-12-08,报销,奖金
20250118UPV6F0,income,4408.24,2025-01-18,报销,工资
20251001SVCYHW,income,2726.44,2025-10-01,外卖,工资
20250428VAK3SE,income,1408.56,2025-04-28,学习,工资
202501086X2775,income,2093.69,2025-01-08,差旅,津贴
2025020904SGHK,income,4536.19,2025-02-09,购物,工资
20251008WGTB1F,income,8214.65,2025-10-08,学习,津贴
20251205WYME3W,income,1105.92,2025-12-05,加班,奖金
20250928PPA751,income,5820.42,2025-09-28,补贴,津贴
20250719RX5R2Y,income,7103.61,2025-07-19,正常,津贴
20250701EIERJT,income,868.12,2025-07-01,补贴,工资
202503084MNWPO,income,4180.10,2025-03-08,报销,津贴
20250410QHU3XG,income,113.32,2025-04-10,学习,奖金
20250914R7HAAI,income,9718.75,2025-09-14,外卖,工资
202510194GVB3Y,income,2925.06,2025-10-19,购物,津贴
20250206CSURV5,income,2931.95,2025-02-06,外卖,工资
20250126ITW523,income,6956.10,2025-01-26,正常,奖金
20250912TBF0WN,income,373.72,2025-09-12,购物,工资
20250202ANDRIO,income,9478.48,2025-02-02,补贴,津贴
20250609240AQ9,income,7631.12,2025-06-09,外卖,津贴
202506058WA1RS,income,2633.93,2025-06-05,补贴,津贴
20250902CFWR3B,income,1291.19,2025-09-02,学习,奖金
20250718YO6Q30,income,3329.66,2025-07-18,加班,工资
20250110YXAN7Y,income,1302.55,2025-01-10,娱乐,奖金
20250521G6BZE8,income,6989.14,2025-05-21,报销,奖金
202501242R9G8M,income,5202.41,2025-01-24,补贴,奖金
20251128XVDCH8,income,8807.28,2025-11-28,正常,工资
202509091CVP68,income,6719.73,2025-09-09,差旅,奖金
20250626O0R0VU,income,3127.93,2025-06-26,外卖,工资
20251115V0OZ8E,income,1662.64,2025-11-15,学习,工资
20250826AYIMHP,income,3678.09,2025-08-26,正常,津贴
20250116DD0TKO,income,7307.38,2025-01-16,娱乐,工资
20250314XW4ZHV,income,4738.49,2025-03-14,购物,工资
20250712GCVDC2,income,4877.11,2025-07-12,外卖,工资
20250506CB5FIG,income,8259.59,2025-05-06,报销,工资
20251012XQW5IG,income,8453.64,2025-10-12,生活费,奖金
20250309AX44K0,income,3121.97,2025-03-09,娱乐,奖金
20251209LUGM8Z,income,9016.03,2025-12-09,报销,工资
2025092219JAVA,income,8287.97,2025-09-22,报销,津贴
202504061TWQYB,income,497.01,2025-04-06,娱乐,奖金
20250427HUWUSS,income,3152.87,2025-04-27,加班,工资
20251012I80E23,income,6111.28,2025-10-12,差旅,津贴
20250423PBIMAV,income,6581.38,2025-04-23,外卖,工资
202511199MJYG7,income,9311.45,2025-11-19,娱乐,津贴
202510115UZUA4,income,8104.00,2025-10-11,补贴,工资
202510270QJ5CJ,income,2991.67,2025-10-27,加班,津贴
2025061338L9PW,income,5520.99,2025-06-13,购物,奖金
202507175WKQYR,income,8120.93,2025-07-17,补贴,津贴
20251013TFXZ6G,income,346.62,2025-10-13,学习,津贴
20251021SOVB4Z,income,8382.71,2025-10-21,正常,奖金
20250224VB3ZQZ,income,6808.54,2025-02-24,外卖,奖金
20250903RTIMT8,income,9326.07,2025-09-03,学习,工资
20250906XU15TG,income,1041.27,2025-09-06,加班,奖金
20250726C7YY06,income,8220.17,2025-07-26,生活费,津贴
20250119DSVHYT,income,4205.22,2025-01-19,加班,工资
20250412ISXXW5,income,6943.17,2025-04-12,差旅,奖金
20250718ZWG6AI,income,9971.99,2025-07-18,差旅,津贴
20251004A4P6ND,income,5506.80,2025-10-04,外卖,工资
202510238DRFGP,income,1657.85,2025-10-23,加班,奖金
20250226KZBUA8,income,5905.66,2025-02-26,学习,工资
20250404RK979X,income,3887.11,2025-04-04,报销,奖金
2025122162SHVM,income,5925.85,2025-12-21,购物,奖金
20251227VJ984C,income,8032.15,2025-12-27,学习,工资
20250507XKCJGR,income,4005.89,2025-05-07,差旅,津贴
20250307JQP2CC,income,6302.81,2025-03-07,报销,工资
202507013RYFJK,income,3.73,2025-07-01,娱乐,津贴
20250316ZE4EB6,income,1378.01,2025-03-16,娱乐,津贴
20251101670JV9,income,5479.14,2025-11-01,补贴,津贴
202507252U33YI,income,53.13,2025-07-25,学习,津贴
20251119AF33KO,income,5219.07,2025-11-19,正常,工资
20250817HCK02F,income,198.59,2025-08-17,补贴,津贴
20250321AVYBBT,income,7323.23,2025-03-21,娱乐,津贴
2025090660UY9K,income,1041.92,2025-09-06,学习,奖金
20250203JQPAE7,income,4327.67,2025-02-03,生活费,工资
20250919V6IY7L,income,5375.42,2025-09-19,加班,奖金
202510026M41I7,income,9264.52,2025-10-02,报销,津贴
202509040TNTH7,income,760.44,2025-09-04,购物,工资
20250919IBJWVJ,income,6252.70,2025-09-19,购物,奖金
202502178PALL4,income,4714.87,2025-02-17,加班,津贴
20250313CQYDN3,income,9983.57,2025-03-13,学习,奖金
202502034F76XL,income,9852.42,2025-02-03,补贴,工资
20250813CWRGSO,income,5831.92,2025-08-13,补贴,奖金
20250715DL3VF6,income,3180.63,2025-07-15,外卖,工资
202508032PE76W,income,1531.39,2025-08-03,生活费,工资
20251022F24LEP,income,5562.69,2025-10-22,补贴,工资
20251122E89K3R,income,7480.66,2025-11-22,报销,奖金
202504015TFNI6,income,4823.53,2025-04-01,娱乐,工资
20250703RAQ2KJ,income,9793.87,2025-07-03,正常,津贴
20251103D4KVXF,income,9365.49,2025-11-03,报销,津贴
20250803Q91YEB,income,8634.58,2025-08-03,娱乐,工资
20250412259X33,income,1428.40,2025-04-12,学习,奖金
20251015E2N4LJ,income,4856.68,2025-10-15,正常,奖金
20250105OHHXDP,income,63.29,2025-01-05,加班,奖金
20251114VC9IFD,income,5056.42,2025-11-14,加班,津贴
20251202VWRC2R,income,5017.11,2025-12-02,报销,奖金
20250419E4XJUN,income,8801.09,2025-04-19,差旅,工资
20251023MJ94P4,income,5279.97,2025-10-23,生活费,工资
20251124ITYH9W,income,1095.18,2025-11-24,补贴,工资
20250224BMQU9Y,income,7091.76,2025-02-24,差旅,津贴
20250315REH801,income,551.64,2025-03-15,差旅,工资
20250524NW9UZ7,income,6442.21,2025-05-24,正常,工资
202507204FMHR5,income,8985.58,2025-07-20,娱乐,工资
20251110556H5C,income,5132.38,2025-11-10,报销,津贴
202505111Q8PHA,income,5598.70,2025-05-11,购物,工资
20250420M8755W,income,6014.41,2025-04-20,生活费,奖金
202506254D3VJ3,income,8487.53,2025-06-25,正常,工资
20250509HI90OF,income,964.88,2025-05-09,正常,工资
20251114JSJKLV,income,5286.09,2025-11-14,正常,津贴
2025111772NCHD,income,1760.80,2025-11-17,补贴,工资
20251202ZDQEPD,income,1436.13,2025-12-02,加班,工资
20251022IWMJZX,income,8618.00,2025-10-22,差旅,奖金
202506018Y37HT,income,2087.97,2025-06-01,报销,工资
20251106QW1FO7,income,3444.22,2025-11-06,生活费,奖金
20250311BHGF8T,income,3136.89,2025-03-11,娱乐,津贴
20251220D5EIG4,income,6883.25,2025-12-20,娱乐,津贴
20250502QDJ0BV,income,7461.57,2025-05-02,差旅,工资
20250909AAWQLL,income,4883.87,2025-09-09,正常,工资
20250716R9C9DK,income,6609.86,2025-07-16,报销,工资
20250313SHTRLW,income,1520.30,2025-03-13,报销,津贴
20250502ACHA8J,income,1341.71,2025-05-02,加班,津贴
20250107I72HPJ,income,1429.14,2025-01-07,正常,津贴
20250416LMFFZG,income,7929.63,2025-04-16,学习,工资
20251106V1DKV4,income,9915.57,2025-11-06,学习,工资
20251001IY9CGV,income,741.00,2025-10-01,生活费,津贴
202512131MO5MO,income,1912.67,2025-12-13,学习,津贴
20250310JR9AMT,income,750.46,2025-03-10,外卖,奖金
20250410DI084W,income,3497.94,2025-04-10,加班,奖金
20251119L208RB,income,5454.46,2025-11-19,正常,津贴
202507030CTIOI,income,6581.86,2025-07-03,生活费,奖金
202501264DXT2C,income,108.38,2025-01-26,加班,工资
20250902TJ8H0X,income,9064.54,2025-09-02,加班,津贴
202506253KZVHA,income,4724.44,2025-06-25,补贴,津贴
20250128BB2YTO,income,2384.13,2025-01-28,娱乐,工资
2025080788KP0V,income,3003.91,2025-08-07,加班,工资
20250221A3OW3P,income,9120.93,2025-02-21,外卖,奖金
2025102786CRW6,income,1723.22,2025-10-27,外卖,工资
20250102PN9SRQ,income,8263.11,2025-01-02,差旅,津贴
202508094L9Q35,income,4942.14,2025-08-09,差旅,奖金
202502088UG681,income,9300.56,2025-02-08,学习,津贴
20250518BABNOG,income,6338.48,2025-05-18,购物,津贴
20251125MNT0XF,income,7281.60,2025-11-25,购物,津贴
202508235QHCF2,income,192.19,2025-08-23,报销,奖金
20250226UBSWY3,income,6257.04,2025-02-26,学习,津贴
20250414JIZRNC,income,1650.22,2025-04-14,外卖,津贴
202507249XV0CW,income,2079.59,2025-07-24,加班,奖金
20250413K6PCLJ,income,7800.61,2025-04-13,加班,奖金
20250119FWEIRU,income,5133.70,2025-01-19,加班,津贴
20250211VP21CO,income,4942.99,2025-02-11,生活费,津贴
20251008D5B8XZ,income,5629.93,2025-10-08,加班,奖金
20250505EPNWC6,income,8613.73,2025-05-05,正常,奖金
20251015HCM509,income,648.05,2025-10-15,正常,奖金
20251018CR34ZV,income,8339.60,2025-10-18,加班,工资
202501277G3WS1,income,5105.39,2025-01-27,补贴,工资
20250428NR3C2V,income,3440.24,2025-04-28,补贴,奖金
20251006OMCV6L,income,7628.08,2025-10-06,学习,津贴
20251228SD7OM9,income,9943.12,2025-12-28,正常,津贴
20250109NRWN66,income,3369.25,2025-01-09,补贴,工资
202504121DZ3L5,income,9088.38,2025-04-12,购物,工资
20250412P9LQSB,income,5439.63,2025-04-12,报销,津贴
20250508C0QYGT,income,4957.96,2025-05-08,报销,工资
20250119D3SJPK,income,575.46,2025-01-19,补贴,奖金
202512113F9S3P,income,2992.85,2025-12-11,外卖,工资
20250806I8ALBX,income,5150.25,2025-08-06,差旅,津贴
2025092458ZF8G,income,7631.49,2025-09-24,报销,津贴
20251219XOYY38,income,7703.02,2025-12-19,正常,奖金
20250601UTG8A2,income,57.76,2025-06-01,差旅,奖金
20250918FIHZJI,income,8371.45,2025-09-18,外卖,奖金
20250327OW3UH6,income,4353.64,2025-03-27,加班,津贴
20250504RP4NOJ,income,9150.32,2025-05-04,学习,工资
20251224DR60R5,income,8893.14,2025-12-24,购物,津贴
20250301TTCT41,income,991.86,2025-03-01,差旅,奖金
20250119WICPEN,income,2435.55,2025-01-19,购物,工资
20250517P8EBYL,income,5115.41,2025-05-17,正常,奖金
20250219TC5QUC,income,1928.87,2025-02-19,正常,奖金
20251018625MWO,income,1535.66,2025-10-18,差旅,奖金
202501191KYP9K,income,6221.13,2025-01-19,娱乐,奖金
20250917TMO04Z,income,9504.63,2025-09-17,差旅,工资
202505163NLW8R,income,1408.80,2025-05-16,报销,工资
20250227ZBW38K,income,5129.69,2025-02-27,学习,奖金
202510087E9AVJ,income,5619.63,2025-10-08,生活费,工资
202502233HNGVG,income,936.23,2025-02-23,正常,奖金
20250424FI46TC,income,612.72,2025-04-24,生活费,工资
20250618N6VQ32,income,8478.67,2025-06-18,正常,奖金
20250227CFGHAP,income,1714.18,2025-02-27,生活费,工资
20250826FH9QS6,income,9513.53,2025-08-26,补贴,工资
20250626JB4BGL,income,4911.00,2025-06-26,报销,工资
20250528GELYQP,income,7016.02,2025-05-28,补贴,奖金
20251023FMJRPY,income,9376.10,2025-10-23,加班,津贴
20250805ZGWHR9,income,9267.11,2025-08-05,差旅,奖金
2025020682ZRHY,income,6933.36,2025-02-06,外卖,工资
202505209K3QLS,income,9052.57,2025-05-20,差旅,工资
20251002R4ZP8Z,income,6670.59,2025-10-02,外卖,工资
20251002M1IOQN,income,6382.19,2025-10-02,加班,工资
2025081041TJN5,income,6675.04,2025-08-10,补贴,奖金
20250315U5SS7X,income,6680.35,2025-03-15,外卖,津贴
20251012INBPPJ,income,199.15,2025-10-12,娱乐,奖金
202512212ZQDGG,income,2398.70,2025-12-21,生活费,工资
20251018AVGDNC,income,4226.60,2025-10-18,购物,津贴
2025121218CAF0,income,100.51,2025-12-12,外卖,奖金
2025062882D6JB,income,6001.78,2025-06-28,加班,津贴
20250617CRX76N,income,1504.94,2025-06-17,正常,奖金
20251222BEZ158,income,67.97,2025-12-22,生活费,津贴
202512199JAZY0,income,980.79,2025-12-19,差旅,工资
20250421PNHCL8,income,3242.63,2025-04-21,差旅,奖金
20250912404679,income,1053.13,2025-09-12,补贴,津贴
20250121825QTK,income,3843.87,2025-01-21,学习,工资
20250713QNVXP1,income,1763.66,2025-07-13,补贴,工资
20250621432DQH,income,2107.21,2025-06-21,学习,奖金
202501155XYW7E,income,9301.04,2025-01-15,娱乐,津贴
20251227JTEMQX,income,4823.42,2025-12-27,报销,奖金
20251121XAX1IL,income,5080.30,2025-11-21,娱乐,津贴
20250902YIXZAT,income,8615.75,2025-09-02,娱乐,工资
20250718M0X4P3,income,6420.62,2025-07-18,学习,奖金
20250414060KIQ,income,8799.30,2025-04-14,生活费,奖金
202509193APBUQ,income,8371.06,2025-09-19,购物,津贴
20250116KVGD7N,income,987.85,2025-01-16,差旅,津贴
202509010IN1L9,income,5999.03,2025-09-01,学习,工资
2025092851OLR5,income,966.30,2025-09-28,学习,津贴
20250827DCWHVP,income,4959.53,2025-08-27,差旅,奖金
2025111514RVWK,income,3421.69,2025-11-15,学习,奖金
20250908UHV3LW,income,9941.74,2025-09-08,报销,工资
20250101DAFBFB,income,7230.25,2025-01-01,外卖,奖金
20250921YN940E,income,1760.18,2025-09-21,差旅,津贴
202510242G93M4,income,7792.39,2025-10-24,购物,奖金
20250218P7E4LR,income,5393.88,2025-02-18,加班,津贴
20250528F61YLZ,income,5191.37,2025-05-28,差旅,津贴
20251001UUEEJJ,income,5812.59,2025-10-01,购物,工资
2025071649EVZ5,income,2061.62,2025-07-16,补贴,奖金
2025032812GEWU,income,8950.39,2025-03-28,购物,工资
20250621Y5AH4M,income,7719.20,2025-06-21,报销,工资
20250823TZWJJT,income,6037.76,2025-08-23,补贴,津贴
202509250O2PCG,income,7435.58,2025-09-25,购物,工资
20250226ND7X4J,income,9776.76,2025-02-26,娱乐,津贴
20250927NW81LG,income,130.40,2025-09-27,补贴,奖金
20250903YACCT0,income,8196.57,2025-09-03,补贴,奖金
20251023LZ7QUF,income,8646.29,2025-10-23,补贴,奖金
20250304Z160HP,income,7000.42,2025-03-04,外卖,奖金
202504104HDAQG,income,7154.14,2025-04-10,差旅,奖金
20251109B4DJUG,income,7102.36,2025-11-09,娱乐,津贴
20250927J2QACQ,income,6522.42,2025-09-27,加班,奖金
20250307ND61LZ,income,2863.09,2025-03-07,购物,工资
202511200VLBV0,income,9710.19,2025-11-20,外卖,奖金
20250804BVRQDK,income,1545.81,2025-08-04,报销,奖金
20251116WOQKZM,income,4264.41,2025-11-16,外卖,津贴
2025111270XR6W,income,2464.48,2025-11-12,学习,工资
20250523ADMVRS,income,5126.06,2025-05-23,购物,工资
20250121I6CFDN,income,1558.60,2025-01-21,外卖,津贴
20250705JB2560,income,7709.97,2025-07-05,补贴,工资
20250320AO2S4I,income,145.77,2025-03-20,正常,奖金
202501074ELK4Y,income,2036.44,2025-01-07,学习,津贴
20250404ANB68C,income,7808.11,2025-04-04,娱乐,工资
20250716MM7Y4W,income,6257.45,2025-07-16,报销,工资
20250403ANCBPU,income,1217.96,2025-04-03,报销,工资
20250612HE28KJ,income,3579.30,2025-06-12,加班,奖金
202510086OY5WT,income,2458.33,2025-10-08,娱乐,奖金
20250907IEDMUH,income,2676.17,2025-09-07,加班,奖金
20250324STCXYW,income,4633.40,2025-03-24,学习,工资
20251120B6PMJS,income,4826.50,2025-11-20,正常,工资
20250922AH9HZ4,income,3811.17,2025-09-22,外卖,津贴
20251004J50IDC,income,8801.79,2025-10-04,娱乐,工资
2025122536RXUI,income,4590.91,2025-12-25,学习,津贴
20250423LUA4A7,income,9432.78,2025-04-23,学习,工资
20250321SIMYO3,income,1428.34,2025-03-21,学习,津贴
20250320PBRBLV,income,9342.74,2025-03-20,差旅,工资
202504191H9OGZ,income,5804.46,2025-04-19,学习,工资
20251206TUXFMO,income,6535.13,2025-12-06,差旅,津贴
202507099UWIPZ,income,9758.58,2025-07-09,生活费,奖金
20251218T1EKG5,income,9305.79,2025-12-18,报销,奖金
20250706RRE0MK,income,8363.26,2025-07-06,正常,工资
20250114OPYAD8,income,2596.56,2025-01-14,购物,奖金
202512068EFPTV,income,1855.92,2025-12-06,加班,工资
202504230C7JN5,income,7834.40,2025-04-23,购物,工资
20251216SLOAJD,income,973.34,2025-12-16,学习,津贴
202504160KZL93,income,8261.39,2025-04-16,补贴,工资
20250222RAV4OC,income,1469.82,2025-02-22,差旅,奖金
20251227RPNKDA,income,6886.88,2025-12-27,外卖,津贴
20250909X6OPIN,income,1884.67,2025-09-09,生活费,奖金
20250326PJJ03D,income,3272.42,2025-03-26,购物,奖金
20250809W3E34J,income,6136.95,2025-08-09,差旅,津贴
2025090829JTOJ,income,7113.66,2025-09-08,加班,奖金
20250815TOLW7I,income,8479.63,2025-08-15,差旅,奖金
20250606V9ECWQ,income,4201.81,2025-06-06,生活费,奖金
20251123O3A0L6,income,3819.74,2025-11-23,学习,工资
20251025V9M3OU,income,8730.70,2025-10-25,差旅,津贴
20250110T1UN6G,income,1652.19,2025-01-10,差旅,奖金
20250312VRJIFU,income,2891.26,2025-03-12,补贴,津贴
20250208YV7XAE,income,7258.19,2025-02-08,娱乐,工资
20250714096AG2,income,8585.27,2025-07-14,差旅,津贴
2025022286WPUM,income,5622.93,2025-02-22,学习,津贴
20250711597NGZ,income,3836.86,2025-07-11,娱乐,奖金
20250124IVPYJ1,income,9412.26,2025-01-24,正常,津贴
20250102FKUCY5,income,8483.84,2025-01-02,娱乐,奖金
20251011A24E98,income,839.12,2025-10-11,正常,工资
202503249L9BCN,income,2660.27,2025-03-24,正常,奖金
20250307O65BPL,income,4017.43,2025-03-07,报销,津贴
20250426GCL21N,income,1259.76,2025-04-26,外卖,奖金
202512117FE0HU,income,4437.48,2025-12-11,外卖,工资
20250323AHXE40,income,8117.26,2025-03-23,加班,工资
202512244SZF09,income,9747.57,2025-12-24,外卖,奖金
202509257G7RDU,income,7968.79,2025-09-25,生活费,津贴
20250621Z0Y0HL,income,5751.11,2025-06-21,学习,奖金
20251116QNUZV5,income,2123.86,2025-11-16,差旅,工资
20250118K8HJJB,income,2903.50,2025-01-18,报销,工资
20251002CNWEM6,income,9549.75,2025-10-02,加班,工资
20251012D7J0R6,income,6304.87,2025-10-12,补贴,津贴
20250610OQQP54,income,187.58,2025-06-10,加班,奖金
20250308IRQU6H,income,3108.41,2025-03-08,购物,工资
20250111XZ165X,income,2115.84,2025-01-11,加班,工资
20250119XHYWL3,income,9578.90,2025-01-19,差旅,工资
20250204EFJ0VM,income,3510.49,2025-02-04,购物,奖金
20250819VCUG8R,income,6969.81,2025-08-19,差旅,津贴
20250115Q6XIN7,income,5263.69,2025-01-15,外卖,奖金
20250301EWG230,income,9482.97,2025-03-01,报销,工资
20250803D411CS,income,9350.86,2025-08-03,差旅,奖金
20250311QK75X0,income,1906.16,2025-03-11,报销,奖金
202508117KSSP9,income,9800.73,2025-08-11,报销,工资
20250116G8B14L,income,6241.98,2025-01-16,补贴,工资
20250628JKZO8F,income,8959.92,2025-06-28,学习,津贴
20250311AZ67EY,income,5330.54,2025-03-11,正常,津贴
20250815HUF3W4,income,5073.63,2025-08-15,外卖,工资
20251216CYA1ZO,income,5095.79,2025-12-16,购物,工资
202511216XWDZM,income,366.25,2025-11-21,娱乐,津贴
202508037LSXCV,income,4328.32,2025-08-03,外卖,津贴
202503160N9DX5,income,7074.55,2025-03-16,加班,工资
202512163WXCJ9,income,2192.37,2025-12-16,生活费,工资
20250719BI73LD,income,4540.32,2025-07-19,报销,奖金
20251124NOIDOU,income,3933.82,2025-11-24,生活费,工资
202504061463E2,income,5057.71,2025-04-06,娱乐,工资
20251011N42RX7,income,6538.30,2025-10-11,生活费,津贴
20250412MC3FQ7,income,7114.53,2025-04-12,生活费,工资
20250625RMOVSF,income,7939.85,2025-06-25,正常,工资
202512210ZPH15,income,4686.52,2025-12-21,购物,津贴
20251027MHQHN4,income,1484.64,2025-10-27,娱乐,津贴
20250609JTS3SC,income,3396.34,2025-06-09,外卖,津贴
20250219N1PEW7,income,8358.78,2025-02-19,娱乐,津贴
20250327YL9TN6,income,6017.19,2025-03-27,购物,工资
20250308TE84DA,income,1415.40,2025-03-08,加班,津贴
20250519HVPVUA,income,1569.13,2025-05-19,加班,工资
20250521H0RSLR,income,6237.50,2025-05-21,外卖,工资
202512278RDLQT,income,9724.17,2025-12-27,正常,津贴
202503194BZOV7,income,2008.37,2025-03-19,外卖,工资
20250317AWUTKV,income,1312.99,2025-03-17,正常,工资
20250826QSG141,income,1913.45,2025-08-26,加班,津贴
20250910ECTALV,income,1582.48,2025-09-10,外卖,津贴
20251206EOJDL7,income,5762.47,2025-12-06,购物,奖金
20250806QGA8E4,income,6251.45,2025-08-06,正常,津贴
2025060572ZCYH,income,7651.68,2025-06-05,补贴,津贴
20250913IIH1A2,income,4301.08,2025-09-13,报销,工资
2025101813XDA2,income,5478.05,2025-10-18,外卖,奖金
20250522DVSHOQ,income,5175.54,2025-05-22,补贴,奖金
20251226J7LIGX,income,3760.87,2025-12-26,娱乐,工资
20250907K73DLW,income,2505.28,2025-09-07,加班,津贴
202503068332Q8,income,9341.00,2025-03-06,生活费,工资
20250113P1E28V,income,1280.23,2025-01-13,购物,工资
20250805N3IO2C,income,3439.44,2025-08-05,外卖,奖金
20251226OC4703,income,5854.51,2025-12-26,娱乐,工资
20251125L0GMT9,income,9243.22,2025-11-25,报销,奖金
2025080127CB7V,income,2879.68,2025-08-01,学习,奖金
20250706J6BNLF,income,1784.27,2025-07-06,学习,工资
202512011T9C8R,income,3809.95,2025-12-01,报销,工资
20250214WM7SVX,income,7372.68,2025-02-14,生活费,工资
20251027B75DUW,income,7527.48,2025-10-27,报销,津贴
20250428EB7ECY,income,1341.88,2025-04-28,娱乐,工资
20251110Z4LDJI,income,2657.22,2025-11-10,学习,津贴
202505086KV3Q3,income,6762.29,2025-05-08,外卖,奖金
20250308BG74E1,income,9794.69,2025-03-08,购物,奖金
20251125H6X3GL,income,523.01,2025-11-25,报销,工资
20250728INNYLU,income,3654.08,2025-07-28,外卖,奖金
202509198B9QDZ,income,5780.66,2025-09-19,加班,奖金
202505157O61KH,income,8135.75,2025-05-15,生活费,津贴
20250603EGH88Z,income,9497.74,2025-06-03,正常,工资
20250728BKDXB4,income,900.35,2025-07-28,正常,津贴
20250724I3KEJQ,income,5846.40,2025-07-24,购物,津贴
20250428Y3MFBC,income,4165.45,2025-04-28,外卖,工资
20250803J9HZN3,income,8135.67,2025-08-03,娱乐,工资
20250803H6BTFX,income,6887.89,2025-08-03,正常,奖金
20250719CHKOUQ,income,7830.81,2025-07-19,报销,奖金
2025121649UWIP,income,3480.55,2025-12-16,生活费,奖金
202502205DE6IP,income,1182.06,2025-02-20,学习,津贴
20250208ZDBGZO,income,9847.53,2025-02-08,报销,津贴
2025102390BCRV,income,9940.12,2025-10-23,正常,工资
20250611PIRDGV,income,5330.95,2025-06-11,差旅,津贴
202505129OHCWP,income,1573.83,2025-05-12,加班,津贴
20250805W7H8NI,income,1380.98,2025-08-05,娱乐,津贴
20250503IOIDFC,income,264.33,2025-05-03,加班,奖金
202503121V43VM,income,17.36,2025-03-12,外卖,津贴
20250411P3ZAT7,income,9416.87,2025-04-11,购物,津贴
20250522SVDV3S,income,6905.15,2025-05-22,学习,津贴
202508218J41NN,income,6486.59,2025-08-21,差旅,奖金
20250221XDIOMF,income,126.47,2025-02-21,报销,工资
20250318EQGEM6,income,5777.86,2025-03-18,购物,津贴
20250614EB7GX7,income,5339.32,2025-06-14,报销,津贴
20250825FG7HBO,income,4139.55,2025-08-25,差旅,工资
202509163M8GM4,income,731.10,2025-09-16,生活费,工资
20250516GYEHRS,income,162.62,2025-05-16,学习,津贴
20250920VY3HWB,income,9722.09,2025-09-20,外卖,工资
20250614ZM461Q,income,3520.18,2025-06-14,加班,奖金
2025082236PZLU,income,9427.52,2025-08-22,生活费,工资
202512013OMY04,income,5431.14,2025-12-01,报销,奖金
20250622Q04SBV,income,8477.27,2025-06-22,娱乐,津贴
202506269EOJFM,income,7364.15,2025-06-26,加班,奖金
202511090L4MOX,income,524.71,2025-11-09,补贴,津贴
20250822Q36DPK,income,3240.12,2025-08-22,娱乐,津贴
20250922ZIAKI1,income,3833.91,2025-09-22,外卖,奖金
202501162XX8A4,income,5765.27,2025-01-16,差旅,奖金
20250318UP8GXZ,income,9174.77,2025-03-18,报销,工资
20250414SOSC04,income,2867.71,2025-04-14,外卖,工资
20250216R6CCKU,income,5034.87,2025-02-16,购物,奖金
20250916TPSBVL,income,8919.28,2025-09-16,学习,工资
20251021Y69N6O,income,5964.01,2025-10-21,补贴,津贴
202510174077PJ,income,7716.38,2025-10-17,加班,津贴
20250104V6ISSL,income,1014.58,2025-01-04,补贴,工资
202508047ZA674,income,6586.16,2025-08-04,加班,工资
20251210P30UP7,income,1809.84,2025-12-10,补贴,津贴
202506155PU7M3,income,5472.13,2025-06-15,加班,奖金
20250323I7YZF3,income,8080.69,2025-03-23,外卖,奖金
202501244ZRIKO,income,727.11,2025-01-24,学习,津贴
20250325CRBJOY,income,4546.88,2025-03-25,报销,津贴
20251224P0IHCE,income,5556.64,2025-12-24,生活费,工资
20250817J371A3,income,3153.33,2025-08-17,学习,津贴
2025072118FI8I,income,3617.28,2025-07-21,正常,奖金
20250520L6JFHY,income,9321.45,2025-05-20,报销,津贴
20251123T47TX9,income,2585.47,2025-11-23,报销,工资
202507114RR066,income,6559.03,2025-07-11,报销,奖金
20250512SRRIBL,income,3478.05,2025-05-12,正常,工资
20250516FP0KFU,income,6599.11,2025-05-16,差旅,津贴
20250314ZQCFME,income,3874.29,2025-03-14,差旅,津贴
20250614JI874W,income,8872.85,2025-06-14,正常,津贴
20250115R75OW5,income,7198.84,2025-01-15,报销,津贴
202503273LKBQ4,income,7783.66,2025-03-27,报销,津贴
202505118TEIA3,income,4922.16,2025-05-11,正常,工资
20251228IDBUSV,income,2790.87,2025-12-28,购物,津贴
20250521AS5YPY,income,7018.49,2025-05-21,外卖,津贴
20250502A73CPL,income,337.71,2025-05-02,购物,奖金
20250220A7NBNQ,income,585.67,2025-02-20,差旅,奖金
202506124OE3S9,income,3756.71,2025-06-12,差旅,津贴
20250224B3KPNG,income,6661.79,2025-02-24,外卖,工资
20251126L38V9R,income,2643.21,2025-11-26,娱乐,奖金
202504266ZOSSN,income,6014.82,2025-04-26,报销,工资
20250313V1KW91,income,6422.45,2025-03-13,购物,工资
20250817GUEKEE,income,4357.83,2025-08-17,购物,津贴
202504134LRB4V,income,1496.78,2025-04-13,正常,津贴
2025020889AE03,income,901.93,2025-02-08,正常,奖金
20250820A9K6AK,income,1595.21,2025-08-20,购物,津贴
20250821XW03FN,income,3401.47,2025-08-21,学习,工资
20251112HI7YP8,income,8211.11,2025-11-12,正常,津贴
20251215BCQFK2,income,3922.29,2025-12-15,娱乐,津贴
20250121XF0QMG,income,8845.89,2025-01-21,补贴,津贴
20250304SZ1CML,income,2442.08,2025-03-04,正常,津贴
202504250TSW17,income,4339.16,2025-04-25,报销,津贴
20250414AFXVVZ,income,7762.35,2025-04-14,学习,奖金
2025070645YSMA,income,7574.56,2025-07-06,生活费,奖金
20250101DG64PY,income,1517.90,2025-01-01,加班,津贴
20250906I8XTM2,income,8943.34,2025-09-06,娱乐,奖金
20250410YPBIT8,income,5344.07,2025-04-10,购物,工资
20250417ZCCDUJ,income,6956.58,2025-04-17,娱乐,奖金
20250710N34O5K,income,8942.72,2025-07-10,学习,奖金
20250307SS8ON8,income,6346.40,2025-03-07,加班,奖金
20250202RCFBUB,income,3596.62,2025-02-02,娱乐,工资
20251120M1Y829,income,2380.67,2025-11-20,加班,工资
20250203MGMWSC,income,2181.01,2025-02-03,补贴,奖金
20250222E5YV5V,income,9520.71,2025-02-22,外卖,工资
20250203ZGSV7Y,income,3411.49,2025-02-03,外卖,津贴
20250623LWAAFI,income,4545.87,2025-06-23,外卖,奖金
20250619XDGZ2O,income,3636.78,2025-06-19,补贴,工资
20250113K6UL9B,income,741.30,2025-01-13,生活费,奖金
20250419U55LXE,income,7501.73,2025-04-19,差旅,工资
20251027NTI564,income,236.09,2025-10-27,差旅,工资
202504234NI5XY,income,8677.66,2025-04-23,外卖,工资
20251213NIJN8F,income,8555.31,2025-12-13,加班,工资
20250928ID0R5B,income,1912.02,2025-09-28,娱乐,津贴
20250723192O2D,income,5932.77,2025-07-23,加班,奖金
20250201IR2EX2,income,4431.69,2025-02-01,娱乐,工资
20251223F835NA,income,2747.53,2025-12-23,学习,津贴
20250628QTUK5U,income,1537.29,2025-06-28,报销,工资
20251001Z7C9RO,income,2486.61,2025-10-01,补贴,奖金
202506094IN8KA,income,7520.18,2025-06-09,补贴,奖金
202504131D2ANS,income,8425.41,2025-04-13,外卖,工资
20250522Y0SXZG,income,122.14,2025-05-22,外卖,奖金
20250625R4ZGWH,income,9116.22,2025-06-25,加班,津贴
20250724REM8LT,income,307.86,2025-07-24,加班,奖金
20250228K4NHWG,income,5555.66,2025-02-28,加班,津贴
20250414JJF14N,income,1908.44,2025-04-14,报销,工资
202504150P4IY8,income,473.29,2025-04-15,娱乐,奖金
20251208N5RZ3V,income,9962.03,2025-12-08,差旅,奖金
20251122ZB8P1W,income,7041.98,2025-11-22,加班,工资
20250811QRSTTQ,income,7285.80,2025-08-11,加班,奖金
20250423GPP6NX,income,2050.39,2025-04-23,学习,津贴
20250420NNL87Y,income,4915.15,2025-04-20,补贴,奖金
20250128XQ47QX,income,70.03,2025-01-28,购物,奖金
20251207MMFKH7,income,9040.38,2025-12-07,娱乐,工资
202510088RSIKJ,income,1430.77,2025-10-08,加班,津贴
20250915E5EDHE,income,8149.51,2025-09-15,补贴,奖金
202511087TJY7C,income,4811.03,2025-11-08,正常,工资
20250812OLIO58,income,7331.08,2025-08-12,娱乐,工资
20250227EITA77,income,2205.73,2025-02-27,补贴,津贴
20250513JICCXN,income,9427.20,2025-05-13,补贴,工资
20250111BHE898,income,7177.44,2025-01-11,差旅,奖金
20250727MFO6ML,income,6627.41,2025-07-27,购物,奖金
20250522XHI9LL,income,8218.84,2025-05-22,加班,工资
20250126O3SGXA,income,5846.38,2025-01-26,加班,工资
20250603UY31EM,income,7279.97,2025-06-03,差旅,奖金
20250915TBYD0P,income,113.85,2025-09-15,加班,奖金
20251010T1QA5Y,income,3787.75,2025-10-10,外卖,工资
20250913G46YW6,income,5590.88,2025-09-13,报销,津贴
202501083C3RWN,income,2902.72,2025-01-08,正常,津贴
20250210ICSP2A,income,8151.72,2025-02-10,报销,奖金
20251123X581WQ,income,5767.14,2025-11-23,学习,奖金
20251001KTFCHC,income,9809.62,2025-10-01,娱乐,奖金
20250908ETNM93,income,6611.23,2025-09-08,外卖,奖金
20250717HEAL8X,income,3321.55,2025-07-17,差旅,奖金
20251001CG4N7Q,income,8381.61,2025-10-01,补贴,工资
20250912IOCXMK,income,7648.12,2025-09-12,购物,津贴
20250202U6UV3Z,income,2547.16,2025-02-02,购物,津贴
20250823RJJ83B,income,343.35,2025-08-23,正常,奖金
20250113VA3K7T,income,4154.86,2025-01-13,差旅,工资
202502038CVQCF,income,8951.97,2025-02-03,差旅,工资
20250517E54830,income,6143.93,2025-05-17,外卖,奖金
20250125IFPTW6,income,617.00,2025-01-25,补贴,工资
202507198LSA71,income,2354.09,2025-07-19,生活费,津贴
20251114ZPIWAP,income,2260.06,2025-11-14,学习,津贴
20251208O05O3U,income,3176.53,2025-12-08,外卖,奖金
20250201MVJY9I,income,16.63,2025-02-01,购物,工资
20250107SYAHUG,income,3013.69,2025-01-07,差旅,工资
202506074X8K0F,income,4638.88,2025-06-07,外卖,工资
202505250M4LVP,income,3787.94,2025-05-25,外卖,工资
20250910UW1VCD,income,4538.57,2025-09-10,购物,津贴
20251023JMAHD7,income,4986.12,2025-10-23,差旅,工资
20250726YLG43Q,income,8790.70,2025-07-26,外卖,奖金
20250312I6F7BI,income,4253.26,2025-03-12,补贴,奖金
20250513K10Y3A,income,4588.23,2025-05-13,购物,工资
202507064BGD5C,income,3494.20,2025-07-06,报销,工资
20250413Y204E1,income,9288.41,2025-04-13,加班,奖金
202501031SJXIR,income,2222.18,2025-01-03,学习,工资
20251009MOS84R,income,7080.45,2025-10-09,购物,津贴
20250917GV6P87,income,8020.37,2025-09-17,生活费,工资
20250724D3B3BP,income,7961.55,2025-07-24,正常,奖金
20250327RNUQ8N,income,5849.30,2025-03-27,购物,奖金
202507059NL7XG,income,9432.28,2025-07-05,娱乐,奖金
20250301SUHVXL,income,2525.96,2025-03-01,报销,工资
20250113K86HP8,income,6697.50,2025-01-13,娱乐,工资
20250302XDH0SD,income,7968.67,2025-03-02,加班,奖金
202504111A26JL,income,6447.49,2025-04-11,学习,工资
202501256F9A87,income,8640.20,2025-01-25,购物,工资
20250227A95TLZ,income,5089.78,2025-02-27,正常,工资
202506149ZHPEJ,income,6755.45,2025-06-14,补贴,奖金
20250106GB43FR,income,1086.04,2025-01-06,购物,奖金
20250127N6NQMO,income,2025.20,2025-01-27,购物,工资
20250213VWW8HN,income,1077.63,2025-02-13,生活费,津贴
20250927AN9BWW,income,9080.20,2025-09-27,购物,津贴
20250913PF05US,income,7387.17,2025-09-13,学习,津贴
20250922BEYBCB,income,5004.23,2025-09-22,补贴,工资
2025040713GLSZ,income,6770.73,2025-04-07,正常,津贴
202505150VP82F,income,9395.55,2025-05-15,补贴,工资
20250922KVAUPZ,income,9658.27,2025-09-22,生活费,工资
20251016SJ89Z3,income,6794.69,2025-10-16,正常,工资
20250626YPSEH3,income,7455.42,2025-06-26,娱乐,工资
20250820EFDTE6,income,4702.00,2025-08-20,加班,津贴
20251119N9GE9N,income,5575.09,2025-11-19,外卖,津贴
202505085HNRS8,income,490.32,2025-05-08,购物,津贴
20250227UNSOGP,income,7166.80,2025-02-27,补贴,津贴
20251007MBRW64,income,1920.78,2025-10-07,生活费,津贴
20250401GMI70Q,income,7640.68,2025-04-01,正常,奖金
20250503URJQCK,income,975.05,2025-05-03,外卖,工资
20250927WOX6VX,income,1322.25,2025-09-27,生活费,工资
20250110X4L3V2,income,3065.86,2025-01-10,补贴,奖金
20251123WS11B5,income,6094.52,2025-11-23,外卖,奖金
202510012MYV1F,income,7975.60,2025-10-01,正常,奖金
20251107QIZX0Y,income,9193.62,2025-11-07,外卖,津贴
202510174QABD1,income,5395.15,2025-10-17,购物,奖金
20251111HAY993,income,2035.51,2025-11-11,正常,奖金
20250608Y5HP63,income,4296.08,2025-06-08,报销,津贴
20250504AOCVZ7,income,4699.62,2025-05-04,购物,奖金
20250319MZDJPV,income,1489.31,2025-03-19,娱乐,工资
20250226AJW8IA,income,2764.05,2025-02-26,学习,津贴
20250818O3MBI4,income,4724.21,2025-08-18,外卖,奖金
20250802631UU4,income,7624.44,2025-08-02,报销,工资
20250308MIX2Y7,income,5442.73,2025-03-08,学习,工资
20250518IRWWXH,income,8855.79,2025-05-18,报销,工资
202508264KDBT9,income,501.96,2025-08-26,学习,奖金
20250407JNFZQH,income,6436.09,2025-04-07,娱乐,工资
20250223JKK7IE,income,2205.73,2025-02-23,生活费,津贴
20251019D2FDP9,income,2076.17,2025-10-19,差旅,津贴
20251027GA3HZU,income,2656.43,2025-10-27,购物,工资
202507207UFJCK,income,284.64,2025-07-20,娱乐,工资
20250320H49N54,income,3621.84,2025-03-20,补贴,工资
20250312VD1583,income,5999.93,2025-03-12,购物,奖金
20250321RC8C6E,income,5588.11,2025-03-21,购物,奖金
202507051LFG44,income,5881.12,2025-07-05,报销,工资
202508180EMST9,income,7493.57,2025-08-18,加班,工资
202505259DBSU0,income,5850.66,2025-05-25,学习,奖金
20250313C47MEL,income,3115.78,2025-03-13,学习,奖金
20250420ATSWQD,income,1739.54,2025-04-20,娱乐,工资
20251025VKC6JZ,income,6083.01,2025-10-25,加班,奖金
20251002CNOVRI,income,8102.62,2025-10-02,学习,津贴
20250904YOL8XD,income,5638.11,2025-09-04,正常,奖金
20251217ZMOPFH,income,2253.45,2025-12-17,补贴,工资
20250315Q1L1ZK,income,1536.89,2025-03-15,补贴,工资
202512205V398M,income,8066.09,2025-12-20,加班,奖金
20250306KYPRGH,income,6019.89,2025-03-06,学习,津贴
202505029ALV64,income,3798.50,2025-05-02,报销,工资
20250722XSABQB,income,8229.96,2025-07-22,补贴,奖金
20250425V9NJN1,income,3897.88,2025-04-25,生活费,工资
20250119NM31GR,income,7177.24,2025-01-19,购物,奖金
202508039O7TIP,income,4069.18,2025-08-03,生活费,工资
20251218ZSYDMG,income,790.70,2025-12-18,购物,工资
20250819O98OU9,income,9919.40,2025-08-19,报销,工资
20250524W82AOB,income,3642.51,2025-05-24,购物,奖金
202505019DYJ0H,income,4355.83,2025-05-01,加班,津贴
20250625RYR861,income,529.16,2025-06-25,生活费,津贴
202502256932VQ,income,3378.57,2025-02-25,报销,奖金
20250606BK0B0V,income,4526.81,2025-06-06,加班,奖金
2025120573KJVV,income,5875.67,2025-12-05,正常,工资
20251206F9RQKS,income,5742.42,2025-12-06,差旅,奖金
20250702AXWCO2,income,6988.95,2025-07-02,学习,工资
20250627NTK1R0,income,3421.85,2025-06-27,娱乐,奖金
20250804PKSSHY,income,19.79,2025-08-04,加班,津贴
202510046EUWYF,income,3918.88,2025-10-04,外卖,工资
20251027GJUO6H,income,4318.77,2025-10-27,补贴,奖金
202503196LUZ54,income,6884.26,2025-03-19,差旅,工资
2025071661JAN3,income,1851.46,2025-07-16,学习,工资
20250127M7EJRW,income,3775.22,2025-01-27,正常,津贴
20251124NQ8848,income,2373.26,2025-11-24,差旅,津贴
202512030TWWBU,income,5277.12,2025-12-03,学习,津贴
20251112D84QLZ,income,9404.49,2025-11-12,学习,津贴
20250326R4438K,income,9174.48,2025-03-26,补贴,奖金
20250925TSB1SK,income,3591.75,2025-09-25,补贴,奖金
2025051862Z6PY,income,6266.90,2025-05-18,娱乐,奖金
20250927VXE2Q8,income,6305.81,2025-09-27,娱乐,工资
202509110S2RT1,income,5522.55,2025-09-11,外卖,奖金
20250522LXHD68,income,5029.84,2025-05-22,加班,工资
202511078S5ZUQ,income,5449.91,2025-11-07,报销,奖金
20251012P5KX76,income,5168.37,2025-10-12,正常,工资
20250421OWA0O0,income,5902.91,2025-04-21,正常,奖金
20250102X2EWOV,income,8457.59,2025-01-02,补贴,工资
20250623PBS2WE,income,9680.86,2025-06-23,外卖,工资
20250505HFOTM0,income,3384.38,2025-05-05,差旅,奖金
20251020CUFOT7,income,4094.52,2025-10-20,正常,津贴
202506133JNIH2,income,4776.76,2025-06-13,补贴,工资
20250623A1OLUY,income,6721.90,2025-06-23,外卖,奖金
20250411ZTOPY1,income,7394.41,2025-04-11,外卖,工资
2025101742SAMR,income,1983.50,2025-10-17,报销,工资
202511087NV9EP,income,2256.00,2025-11-08,正常,津贴
20250322QFLN2F,income,3062.47,2025-03-22,购物,津贴
20250719LB2U69,income,9619.21,2025-07-19,学习,奖金
20250712GGRCM4,income,8698.74,2025-07-12,报销,工资
20250415YLK0P9,income,9370.91,2025-04-15,生活费,工资
20250217W2W300,income,2404.43,2025-02-17,购物,津贴
20251128CFHXB9,income,6103.11,2025-11-28,报销,奖金
20250227XEFHBY,income,1728.39,2025-02-27,娱乐,工资
20250913YKN5AP,income,1352.15,2025-09-13,差旅,奖金
20250225GZ2AP7,income,6906.26,2025-02-25,正常,奖金
2025051831W3QM,income,5334.04,2025-05-18,差旅,工资
202504228OPI06,income,1277.02,2025-04-22,补贴,奖金
2025012136GT6K,income,8566.03,2025-01-21,娱乐,津贴
202508229M8W6K,income,9537.55,2025-08-22,正常,津贴
20250104EZ05IB,income,4706.47,2025-01-04,生活费,津贴
20251013IEMH3N,income,1768.34,2025-10-13,差旅,奖金
20250818TWSH77,income,3515.13,2025-08-18,加班,工资
20251209QLG5A1,income,925.74,2025-12-09,正常,工资
20251224UAPRE0,income,4821.22,2025-12-24,外卖,津贴
20250522TGA2PX,income,320.97,2025-05-22,购物,奖金
20250213W7R8ZG,income,3719.61,2025-02-13,补贴,津贴
20251005PCXWY2,income,4969.29,2025-10-05,外卖,工资
20251214Z4UBO8,income,1334.24,2025-12-14,补贴,奖金
20251115YPP7CR,income,7727.94,2025-11-15,正常,工资
20251008U15PI8,income,2501.44,2025-10-08,差旅,工资
20251116J6Y32S,income,7725.52,2025-11-16,正常,津贴
20251107R4P0VL,income,6787.38,2025-11-07,学习,工资
20250504EKFF5E,income,5946.29,2025-05-04,差旅,工资
202504050FU63U,income,5641.35,2025-04-05,生活费,津贴
202501024FE0U5,income,7130.30,2025-01-02,娱乐,工资
20250101MHJX31,income,726.24,2025-01-01,报销,津贴
202507287MM109,income,237.83,2025-07-28,加班,津贴
20250410PA1FUA,income,6497.62,2025-04-10,外卖,津贴
202504031UFLIW,income,4667.82,2025-04-03,报销,奖金
20251108D1SLZJ,income,7747.03,2025-11-08,生活费,奖金
20250716Q2M8OY,income,8465.57,2025-07-16,加班,工资
20250205IBR4FH,income,391.54,2025-02-05,生活费,津贴
202504153NDBQE,income,6164.86,2025-04-15,购物,津贴
20251224EPORE0,income,8135.46,2025-12-24,加班,津贴
202503283O9420,income,3801.25,2025-03-28,购物,工资
202504277RUYOP,income,1356.59,2025-04-27,购物,工资
20250820K6RAZF,income,9365.88,2025-08-20,报销,工资
20250104PFML0G,income,1690.71,2025-01-04,娱乐,奖金
20251116Y4Y6AH,income,9311.28,2025-11-16,购物,奖金
20250316K9MTR8,income,4717.59,2025-03-16,购物,奖金
20250313CC2UMY,income,695.68,2025-03-13,加班,津贴
20250108DK2MHC,income,3276.90,2025-01-08,加班,津贴
20250919BZF39B,income,5930.83,2025-09-19,外卖,津贴
202503208AGBSP,income,5537.34,2025-03-20,学习,工资
20250216SLFC8S,income,5228.96,2025-02-16,报销,津贴
20250205P0ABQ6,income,3082.10,2025-02-05,娱乐,工资
20251012XWBAGU,income,922.73,2025-10-12,差旅,奖金
20250318HX0XU2,income,4535.89,2025-03-18,加班,工资
202504286KRVBK,income,3954.09,2025-04-28,生活费,津贴
202504077D9XDJ,income,568.00,2025-04-07,差旅,工资
202510119OWBEV,income,936.47,2025-10-11,正常,工资
202503280P26XH,income,8554.72,2025-03-28,学习,津贴
20250609DJV7R8,income,3375.76,2025-06-09,补贴,津贴
20251225R9HJ2D,income,9447.62,2025-12-25,外卖,津贴
20250103RDQFOH,income,1721.30,2025-01-03,差旅,工资
20250611640OH1,income,6208.16,2025-06-11,娱乐,津贴
20250821P8GQUV,income,1141.83,2025-08-21,报销,津贴
20250810KJCCH2,income,9983.18,2025-08-10,加班,工资
20250521ADYI71,income,4107.04,2025-05-21,报销,奖金
20250921B1W286,income,5205.98,2025-09-21,购物,津贴
202511167M73VN,income,3869.98,2025-11-16,报销,奖金
20250904RTBO2P,income,6996.34,2025-09-04,生活费,津贴
20250910R1E41T,income,5669.03,2025-09-10,补贴,工资
202507219A3O1W,income,3267.42,2025-07-21,正常,奖金
202510222BCTKG,income,1614.91,2025-10-22,差旅,奖金
20251223QK9TV3,income,7252.26,2025-12-23,差旅,津贴
20250120RSDYE4,income,5177.94,2025-01-20,补贴,津贴
202511163R8D9Z,income,3899.34,2025-11-16,正常,工资
2025012083V7X2,income,6886.06,2025-01-20,报销,津贴
202511188XKZ2L,income,6166.85,2025-11-18,报销,津贴
20251216MT90HR,income,5028.10,2025-12-16,购物,奖金
20250225552H9A,income,8268.89,2025-02-25,生活费,奖金
20250921DU0PND,income,2446.98,2025-09-21,补贴,津贴
2025112318S3C9,income,5243.69,2025-11-23,购物,工资
20251007NF7VO6,income,8523.19,2025-10-07,报销,奖金
202502286UU86K,income,250.41,2025-02-28,差旅,奖金
202511289X776T,income,586.51,2025-11-28,购物,奖金
20250621MEAUE0,income,4383.98,2025-06-21,差旅,津贴
20251212SZTYFK,income,1439.53,2025-12-12,补贴,奖金
20250109USSXDZ,income,1414.06,2025-01-09,购物,工资
20250903FERR1H,income,8629.74,2025-09-03,学习,工资
20250716HTJVJT,income,6263.12,2025-07-16,生活费,奖金
2025032684TA7O,income,2696.60,2025-03-26,补贴,工资
20251221U5V4GM,income,7259.85,2025-12-21,娱乐,奖金
20250915OAJUQL,income,839.25,2025-09-15,外卖,津贴
20250702SPUGVH,income,2163.71,2025-07-02,外卖,工资
2025022128QNCJ,income,3996.01,2025-02-21,外卖,工资
20250926QWIXMC,income,7725.87,2025-09-26,购物,工资
20250222AOLRRH,income,6529.77,2025-02-22,加班,工资
20250123KKUPG5,income,6780.01,2025-01-23,正常,奖金
20251213XIGJPR,income,5976.71,2025-12-13,生活费,工资
20250226LUDH3L,income,4827.08,2025-02-26,外卖,奖金
202510147OLRDF,income,6685.31,2025-10-14,加班,津贴
20250628GLNFV5,income,9414.88,2025-06-28,差旅,工资
20250316OFZFYU,income,4644.60,2025-03-16,报销,工资
20250807URLFG6,income,9469.08,2025-08-07,娱乐,奖金
20250201X78IP1,income,9474.64,2025-02-01,补贴,工资
202502182QXETJ,income,5454.38,2025-02-18,学习,奖金
20250906DYLRY4,income,6593.94,2025-09-06,加班,工资
2025060646PYR9,income,1749.46,2025-06-06,加班,奖金
20250608ZUMI0N,income,8749.45,2025-06-08,正常,津贴
20250307GHOMCN,income,1195.84,2025-03-07,外卖,工资
20250607RVVFAL,income,9773.83,2025-06-07,学习,奖金
20251223GGW1KD,income,5952.29,2025-12-23,报销,奖金
2025030623N15N,income,7655.49,2025-03-06,娱乐,工资
202503261JOCKO,income,3199.23,2025-03-26,生活费,奖金
20251110HG9TF8,income,4620.18,2025-11-10,生活费,津贴
20250514ZGAQTX,income,405.10,2025-05-14,外卖,奖金
20251108VMWQMF,income,3349.58,2025-11-08,报销,津贴
20251125Q3A2QC,income,565.75,2025-11-25,购物,奖金
20251126XLH7C0,income,2864.68,2025-11-26,外卖,津贴
20250226E8M3V8,income,4499.29,2025-02-26,外卖,奖金
20250110MKEDFA,income,3745.80,2025-01-10,购物,奖金
20250413B7H2A4,income,7059.48,2025-04-13,报销,工资
20250908XB7JXM,income,3040.00,2025-09-08,生活费,工资
2025092096WP7C,income,2534.65,2025-09-20,报销,工资
202511027P9SJC,income,4196.83,2025-11-02,生活费,工资
20250907DP74BK,income,9465.32,2025-09-07,差旅,工资
202504015DQ93I,income,6051.84,2025-04-01,娱乐,津贴
202503195DUY3Q,income,3009.08,2025-03-19,补贴,奖金
202507143XQGGD,income,2015.89,2025-07-14,报销,津贴
202512161UX8IV,income,6670.04,2025-12-16,正常,津贴
20250823K6TOAK,income,3301.34,2025-08-23,娱乐,津贴
202503164GAOZP,income,6484.44,2025-03-16,加班,津贴
20251101Y876WT,income,1643.29,2025-11-01,正常,工资
20250528UUR14F,income,4632.35,2025-05-28,报销,工资
20250704YN58ZB,income,4702.24,2025-07-04,外卖,津贴
20250222AB4ZMK,income,8678.41,2025-02-22,生活费,津贴
202506021D0GWT,income,4175.55,2025-06-02,正常,奖金
202505259LSYKO,income,9492.86,2025-05-25,购物,津贴
202509116NPI0A,income,7393.62,2025-09-11,生活费,津贴
202509262R1HU0,income,2378.69,2025-09-26,正常,工资
20250117NQXKOK,income,9673.34,2025-01-17,报销,奖金
20250920LNNAJQ,income,952.06,2025-09-20,外卖,津贴
202501218R6B84,income,8106.27,2025-01-21,正常,津贴
20250318TWO508,income,2396.27,2025-03-18,外卖,津贴
20250811J7M3SP,income,7778.57,2025-08-11,学习,津贴
20251020GVFVJD,income,3783.78,2025-10-20,娱乐,津贴
20250204070UW1,income,3581.36,2025-02-04,补贴,奖金
20250509N6GP4V,income,9171.17,2025-05-09,购物,奖金
20251017VGT65Q,income,2173.99,2025-10-17,正常,工资
20250701SRHF5W,income,5084.88,2025-07-01,购物,津贴
20250720RREXXI,income,668.82,2025-07-20,报销,工资
20250416VMKDR3,income,7248.91,2025-04-16,学习,工资
20250127WSSZ5O,income,4231.72,2025-01-27,学习,奖金
20250718PSXN1R,income,9900.40,2025-07-18,差旅,津贴
20250408ED1R70,income,6816.27,2025-04-08,报销,津贴
20251120DLCICM,income,1180.10,2025-11-20,生活费,奖金
20251225H73LWS,income,8871.98,2025-12-25,差旅,奖金
20251220GHR0JU,income,630.80,2025-12-20,外卖,津贴
202504046L01JL,income,3709.73,2025-04-04,娱乐,奖金
20250225OXPW3W,income,9484.51,2025-02-25,加班,奖金
20250408L13VM3,income,2078.57,2025-04-08,生活费,奖金
20250528LJSP4V,income,8005.31,2025-05-28,报销,奖金
20250524PWUCMP,income,6561.16,2025-05-24,报销,津贴
202509280XX12D,income,7039.62,2025-09-28,加班,津贴
20250808GHWPZF,income,2535.61,2025-08-08,娱乐,奖金
20250204Q4O2EC,income,6699.06,2025-02-04,报销,工资
20250814XSWKZ8,income,6901.64,2025-08-14,报销,工资
20251207Q9OHSY,income,2221.60,2025-12-07,正常,津贴
20250502SYMJ10,income,9958.51,2025-05-02,学习,津贴
202503156FZHC1,income,1079.14,2025-03-15,差旅,津贴
2025111501PPM1,income,5705.32,2025-11-15,差旅,津贴
20250507QPPPOK,income,4841.30,2025-05-07,学习,津贴
20250411LRNZD0,income,4795.24,2025-04-11,补贴,津贴
20251020ZI32NB,income,3182.09,2025-10-20,报销,工资
20250925G3MHRH,income,5034.54,2025-09-25,生活费,工资
20251016Q1RDPM,income,430.27,2025-10-16,加班,津贴
20250325PN5OWC,income,4014.74,2025-03-25,加班,津贴
20250611FXY3KS,income,7476.05,2025-06-11,正常,奖金
20250608NHDQB9,income,5101.42,2025-06-08,补贴,工资
20250422N6ZAC4,income,8484.39,2025-04-22,差旅,工资
202509236BL0R3,income,755.81,2025-09-23,学习,工资
202501200IEU7G,income,3603.45,2025-01-20,学习,津贴
20250923UTXSDG,income,3444.83,2025-09-23,购物,奖金
20250223YTPDZ1,income,7274.07,2025-02-23,生活费,津贴
20251216AVI25Y,income,7751.24,2025-12-16,差旅,奖金
20251226ZOPZXF,income,9281.16,2025-12-26,正常,奖金
20250519PE4MVI,income,8439.81,2025-05-19,补贴,奖金
20251214LUX5MI,income,812.94,2025-12-14,报销,工资
20250817OJA5PT,income,3072.59,2025-08-17,学习,工资
20250628UQYUJ0,income,9613.01,2025-06-28,差旅,工资
20250426SLYIIH,income,7963.18,2025-04-26,正常,奖金
20250921MUEW4S,income,4077.84,2025-09-21,正常,津贴
20250310AEFOLD,income,6335.47,2025-03-10,差旅,奖金
20250528YRZ5IK,income,9008.98,2025-05-28,外卖,津贴
20251208QSWVLA,income,6237.37,2025-12-08,报销,津贴
20250609WZ40ZY,income,9197.10,2025-06-09,娱乐,奖金
202512123B8MBM,income,2080.33,2025-12-12,加班,津贴
20250511X9V6RP,income,1823.61,2025-05-11,报销,津贴
20250623JR7O28,income,9958.18,2025-06-23,购物,奖金
20250125E0S282,income,8499.89,2025-01-25,生活费,工资
20251120IE7WJE,income,7190.16,2025-11-20,差旅,工资
20250325IMJ5TH,income,8950.06,2025-03-25,购物,工资
20251017O8UXAY,income,9528.42,2025-10-17,正常,奖金
20250510V111Q6,income,6754.17,2025-05-10,娱乐,津贴
20251017MCWJ5V,income,2978.71,2025-10-17,学习,奖金
20251212BK2NUN,income,5581.96,2025-12-12,学习,津贴
20250208MBC9UK,income,6861.01,2025-02-08,娱乐,工资
20251207NJGFPH,income,5975.98,2025-12-07,报销,奖金
20251015WOCTDQ,income,2204.24,2025-10-15,购物,奖金
20250924HELXNL,income,2006.77,2025-09-24,正常,津贴
202503072IHJOY,income,9005.06,2025-03-07,补贴,津贴
20250424TLN11S,income,6423.94,2025-04-24,报销,工资
20251021NQ153D,income,1607.28,2025-10-21,报销,津贴
20250123HV0PPX,income,2539.74,2025-01-23,补贴,津贴
20250722GRAFVM,income,6920.71,2025-07-22,生活费,工资
20250321KVSQK9,income,3524.85,2025-03-21,正常,奖金
2025052147BH85,income,8176.98,2025-05-21,差旅,津贴
20251109HLDEK9,income,7539.76,2025-11-09,差旅,工资
20250609NGS9JZ,income,5670.27,2025-06-09,加班,工资
20250622PWJA4O,income,6695.60,2025-06-22,报销,津贴
20250817MAQNA3,income,4606.20,2025-08-17,外卖,津贴
20250924Q8DRBC,income,2348.06,2025-09-24,加班,奖金
202506102PJ7I3,income,4045.66,2025-06-10,娱乐,奖金
2025041194A0CZ,income,3622.72,2025-04-11,娱乐,奖金
202501257GT79B,income,3474.46,2025-01-25,报销,奖金
202510033WU2I4,income,8464.33,2025-10-03,娱乐,津贴
20251206BNQRQ9,income,4345.85,2025-12-06,学习,津贴
20250817HTC47V,income,750.05,2025-08-17,补贴,工资
20250305MEWL5N,income,3926.39,2025-03-05,正常,工资
2025020273IZ47,income,9731.44,2025-02-02,生活费,奖金
202509079AYJWG,income,3316.96,2025-09-07,学习,津贴
20250302UES452,income,136.76,2025-03-02,生活费,津贴
20250121R1FSKJ,income,6641.06,2025-01-21,生活费,津贴
20250206H5D1ZI,income,8194.74,2025-02-06,购物,工资
20250502XERMHR,income,2382.35,2025-05-02,补贴,奖金
20250423LMY3V9,income,7590.94,2025-04-23,差旅,奖金
20251119B51AFT,income,8207.11,2025-11-19,娱乐,奖金
20250516VMQ3EZ,income,1205.63,2025-05-16,购物,津贴
202512097WH5S2,income,2949.78,2025-12-09,报销,奖金
202511275I3289,income,4774.98,2025-11-27,娱乐,津贴
20250803HQ3V5D,income,8508.12,2025-08-03,报销,奖金
20250910MIC41A,income,6668.20,2025-09-10,差旅,工资
20250117PG8HYB,income,2173.62,2025-01-17,学习,工资
20250828J97670,income,5501.87,2025-08-28,生活费,津贴
20250320XLQHO6,income,9673.53,2025-03-20,购物,奖金
20251122W9632J,income,2292.35,2025-11-22,娱乐,津贴
20251103NRI8LH,income,6183.78,2025-11-03,娱乐,津贴
20250920M9FP7B,income,6108.21,2025-09-20,正常,津贴
20250216HUWXRM,income,3619.48,2025-02-16,加班,工资
20251224438H00,income,7809.76,2025-12-24,外卖,津贴
20250813D16TR9,income,3485.59,2025-08-13,报销,津贴
202504289MGGBW,income,8797.08,2025-04-28,差旅,奖金
20251027SPA54F,income,9682.43,2025-10-27,学习,工资
20250711YIA80Z,income,1332.35,2025-07-11,加班,工资
20250113VSKEMX,income,466.77,2025-01-13,加班,奖金
202507234P3EMY,income,6036.37,2025-07-23,娱乐,津贴
20250728JCG3QD,income,8806.34,2025-07-28,外卖,工资
202502116GLG1Z,income,6373.45,2025-02-11,正常,奖金
20250819CLWY1C,income,533.12,2025-08-19,加班,奖金
202510265AN133,income,5553.38,2025-10-26,正常,津贴
20250626441O8K,income,1659.86,2025-06-26,差旅,工资
20250104DUI9OL,income,5944.19,2025-01-04,加班,工资
20250118F6YV3O,income,7581.41,2025-01-18,报销,工资
20250919ZYUXQ4,income,8395.29,2025-09-19,娱乐,奖金
20250908F5LR7G,income,5732.45,2025-09-08,加班,津贴
20250607YR9W74,income,3195.43,2025-06-07,学习,工资
20250606UL3V41,income,1629.23,2025-06-06,报销,津贴
20250401F3RC5O,income,6533.77,2025-04-01,报销,工资
20250727PC2ZL7,income,6482.24,2025-07-27,购物,奖金
20250403QDAMLE,income,1269.99,2025-04-03,差旅,津贴
202512054VQS8S,income,6624.99,2025-12-05,外卖,津贴
20251121EDSIDO,income,5452.01,2025-11-21,娱乐,津贴
2025021880O4X4,income,8829.04,2025-02-18,购物,津贴
20250423T737OM,income,8503.35,2025-04-23,正常,奖金
20250917Y56IYU,income,9212.33,2025-09-17,补贴,津贴
2025070625DOKR,income,9158.11,2025-07-06,娱乐,奖金
20250704C1Y9WP,income,4280.78,2025-07-04,报销,工资
20250424ALIA1T,income,4093.08,2025-04-24,娱乐,津贴
20250319EKQNNB,income,2466.33,2025-03-19,生活费,工资
20250416JYWX85,income,7186.87,2025-04-16,补贴,津贴
202502278P442S,income,4432.20,2025-02-27,正常,奖金
20251123P8SMFF,income,3308.73,2025-11-23,生活费,工资
20250412LVER97,income,9675.91,2025-04-12,加班,奖金
202510157XVEQ8,income,6797.70,2025-10-15,报销,奖金
20251228EWUT3Z,income,3308.58,2025-12-28,娱乐,津贴
2025031972SHJ2,income,9220.69,2025-03-19,正常,工资
202509104QQXA8,income,5323.47,2025-09-10,补贴,奖金
20251004RBTR42,income,2553.85,2025-10-04,差旅,工资
202512244ONK9H,income,3676.19,2025-12-24,补贴,奖金
202512057A8HZ9,income,7406.84,2025-12-05,报销,工资
20250610H28AFU,income,1792.23,2025-06-10,加班,津贴
20251208RB2QOB,income,8247.84,2025-12-08,加班,奖金
202503285YYMSZ,income,5325.18,2025-03-28,学习,奖金
20250318EY6L6C,income,8606.46,2025-03-18,学习,奖金
20251023SZQ2W3,income,7650.09,2025-10-23,学习,津贴
20250811W1J50Q,income,5805.36,2025-08-11,生活费,津贴
202501031CHGP7,income,8418.49,2025-01-03,学习,工资
20251204UM4JC3,income,2432.51,2025-12-04,差旅,津贴
20250108MX45LB,income,3235.22,2025-01-08,差旅,津贴
20250813Z6HKUM,income,7599.78,2025-08-13,加班,奖金
202506157IE0ER,income,6331.34,2025-06-15,补贴,津贴
20250114OD3J1P,income,6029.54,2025-01-14,报销,奖金
20251204KEOKF1,income,6878.03,2025-12-04,购物,奖金
20251009MVOZNW,income,7129.54,2025-10-09,差旅,津贴
20250219OGDRQF,income,4560.62,2025-02-19,补贴,津贴
202501034HFWB2,income,7494.27,2025-01-03,购物,奖金
20250904V8ZGVZ,income,5803.02,2025-09-04,加班,工资
20250721R7HMA0,income,5521.73,2025-07-21,加班,奖金
20250208P2XJ5L,income,9173.85,2025-02-08,加班,工资
202506061DW0NR,income,8582.89,2025-06-06,差旅,工资
20250501CY1T9D,income,9896.42,2025-05-01,正常,工资
20250207AJWY4Y,income,5336.39,2025-02-07,学习,工资
20250514I0PQCF,income,3062.73,2025-05-14,外卖,津贴
202509102LA4KN,income,3060.81,2025-09-10,加班,奖金
20250501I2DL9N,income,5008.25,2025-05-01,外卖,奖金
202508196MTLJ5,income,4376.15,2025-08-19,外卖,奖金
202505272Q0NID,income,3563.79,2025-05-27,加班,津贴
20250509VNMCS9,income,1581.98,2025-05-09,娱乐,工资
202506182NUS6K,income,9863.45,2025-06-18,正常,奖金
202505267XP64S,income,1669.43,2025-05-26,加班,津贴
20251209WFFWE5,income,7540.81,2025-12-09,正常,津贴
20251216D2F8MP,income,684.44,2025-12-16,外卖,津贴
202505257IONH1,income,6730.12,2025-05-25,差旅,津贴
20250616JZ7DMX,income,7999.37,2025-06-16,加班,奖金
20250827UYGQ9Y,income,2396.79,2025-08-27,差旅,工资
20250224T1J072,income,9876.46,2025-02-24,购物,津贴
20251211RARUPY,income,7682.16,2025-12-11,外卖,工资
20251012TGHEWU,income,3342.09,2025-10-12,差旅,津贴
20250319HAMPDW,income,2185.35,2025-03-19,加班,津贴
2025011264V0C0,income,546.72,2025-01-12,差旅,奖金
20250813XRDPQZ,income,9216.36,2025-08-13,学习,奖金
202512184ZV9CT,income,4723.57,2025-12-18,娱乐,工资
20251211F1QK5B,income,232.37,2025-12-11,生活费,津贴
202504127GYNFF,income,7518.65,2025-04-12,外卖,津贴
20250621CP5GW7,income,7457.54,2025-06-21,学习,工资
20250903R3QYTT,income,8892.41,2025-09-03,报销,津贴
20250520ZEPQ35,income,8292.96,2025-05-20,报销,奖金
20250423A16IVL,income,7274.47,2025-04-23,学习,奖金
20250317AJUOJQ,income,6601.23,2025-03-17,学习,工资
20250826RKDCDU,income,8430.21,2025-08-26,差旅,津贴
202512135ZVSHG,income,8047.52,2025-12-13,生活费,津贴
20250315A79ZJP,income,5425.47,2025-03-15,生活费,津贴
20250426B8SAKS,income,6811.51,2025-04-26,报销,奖金
20250814DDGGXA,income,7307.46,2025-08-14,正常,奖金
20250702AIG6W8,income,3878.43,2025-07-02,报销,奖金
20250824BMLHS5,income,3944.02,2025-08-24,娱乐,奖金
20251006JZLI7H,income,8894.15,2025-10-06,外卖,津贴
20250206HLQ3AE,income,5229.49,2025-02-06,生活费,工资
20250814HKO1A7,income,7472.85,2025-08-14,娱乐,奖金
20250512AXN07V,income,4206.60,2025-05-12,报销,津贴
20250417IF51VG,income,8503.21,2025-04-17,报销,工资
20250514W6XQ1A,income,7656.47,2025-05-14,报销,津贴
2025071484RPVE,income,1901.28,2025-07-14,生活费,奖金
20250622J1CO11,income,2222.00,2025-06-22,生活费,津贴
202509091WC22R,income,8053.13,2025-09-09,报销,工资
20251222MDK0KG,income,2218.36,2025-12-22,购物,津贴
20250706BE9ZLU,income,2345.49,2025-07-06,学习,津贴
20251217C9WUFC,income,6346.49,2025-12-17,购物,津贴
20251217GEQNU1,income,7806.30,2025-12-17,加班,津贴
20250114389JA4,income,1229.25,2025-01-14,差旅,奖金
20250523LK4ZFS,income,4345.29,2025-05-23,生活费,工资
2025072837NUY5,income,3073.93,2025-07-28,补贴,奖金
2025081229DI23,income,8693.78,2025-08-12,学习,工资
202504096C4QVO,income,9650.91,2025-04-09,娱乐,工资
202502013UAOQB,income,604.42,2025-02-01,正常,津贴
20250915DKAJXH,income,6840.13,2025-09-15,娱乐,工资
20250505X8VTWH,income,2263.48,2025-05-05,报销,工资
20250914YBEUEW,income,8294.30,2025-09-14,补贴,奖金
20250401REH5RF,income,2330.80,2025-04-01,娱乐,津贴
20251023IMFENO,income,2147.51,2025-10-23,购物,津贴
20250521QS5227,income,7704.12,2025-05-21,购物,奖金
20251204YHGP2M,income,3023.39,2025-12-04,娱乐,奖金
20250106BQU3WW,income,6407.89,2025-01-06,差旅,奖金
20250924F06PH8,income,4652.40,2025-09-24,购物,奖金
20250818UH2Z1K,income,8920.87,2025-08-18,学习,工资
20250328DTG69Q,income,8814.10,2025-03-28,外卖,津贴
20250907HFXSH6,income,7551.62,2025-09-07,补贴,奖金
202506187PHIR3,income,6361.03,2025-06-18,生活费,工资
20250128076THF,income,1363.64,2025-01-28,差旅,奖金
20250810MPZHAT,income,6349.50,2025-08-10,外卖,津贴
20250725E92JV6,income,6154.12,2025-07-25,生活费,津贴
20251110X1RN30,income,2153.89,2025-11-10,补贴,津贴
20251218HO8DXB,income,2331.05,2025-12-18,生活费,奖金
20251220JJ54HE,income,9169.73,2025-12-20,差旅,奖金
20250108YOUCQ1,income,5160.69,2025-01-08,购物,工资
20250628O1C14B,income,3013.28,2025-06-28,加班,工资
20251005G0HZ76,income,6766.60,2025-10-05,生活费,津贴
20250317K82BSC,income,7656.25,2025-03-17,加班,奖金
202510019E1SYH,income,3076.96,2025-10-01,购物,津贴
202508028F9WOP,income,5906.89,2025-08-02,外卖,津贴
20250510UK2HH3,income,5510.48,2025-05-10,外卖,津贴
20250315AH2YJM,income,651.06,2025-03-15,补贴,津贴
20250609H4OC89,income,6404.37,2025-06-09,学习,奖金
20250416J0UNED,income,7628.46,2025-04-16,差旅,工资
20251014B7SIZS,income,4450.18,2025-10-14,加班,津贴
20250522EJW6OV,income,9787.98,2025-05-22,报销,奖金
202506158O1GT5,income,3045.63,2025-06-15,学习,津贴
20251224M925G1,income,1435.53,2025-12-24,学习,工资
20250508FJNSBW,income,3440.25,2025-05-08,加班,工资
20250802K7B6TS,income,8998.37,2025-08-02,正常,津贴
20251019ERCSRG,income,7170.73,2025-10-19,购物,津贴
20250511IBU1VI,income,560.67,2025-05-11,娱乐,津贴
20250928UK4URV,income,2725.79,2025-09-28,差旅,津贴
20251204XCAHB2,income,8578.03,2025-12-04,加班,津贴
202509248IOLVF,income,1629.91,2025-09-24,正常,津贴
202506170HROS7,income,6216.02,2025-06-17,生活费,津贴
20250924PVMCV5,income,562.93,2025-09-24,购物,工资
20250515L81LPZ,income,9871.77,2025-05-15,学习,工资
20250916P36U94,income,9058.26,2025-09-16,学习,津贴
20250619QA78DS,income,6342.12,2025-06-19,外卖,工资
202510185FKJ5B,income,9615.08,2025-10-18,外卖,奖金
20250211R9DBDJ,income,3160.89,2025-02-11,购物,工资
20250601BX4QQS,income,9818.56,2025-06-01,报销,工资
2025110381NOVH,income,8875.79,2025-11-03,补贴,工资
20250426OE45U3,income,7298.47,2025-04-26,加班,奖金
20251216L7G52G,income,7697.41,2025-12-16,补贴,津贴
20250615G314CF,income,1076.86,2025-06-15,学习,工资
20250501ZZZG6L,income,4113.28,2025-05-01,正常,奖金
20250523H9J77X,income,136.71,2025-05-23,外卖,津贴
20250506TQJ2IU,income,1352.08,2025-05-06,外卖,奖金
202512228XFSKN,income,9213.73,2025-12-22,学习,奖金
20250506NVNBCI,income,922.25,2025-05-06,学习,奖金
202506172ZMCSM,income,4169.68,2025-06-17,差旅,津贴
20251017K90PF3,income,5431.78,2025-10-17,娱乐,工资
2025101464WLKI,income,8392.74,2025-10-14,购物,奖金
20250307CW466C,income,7764.19,2025-03-07,加班,工资
20251207Z11URL,income,407.74,2025-12-07,生活费,奖金
202505245LUBH9,income,1439.84,2025-05-24,补贴,奖金
20250609M36ZM8,income,3204.38,2025-06-09,购物,奖金
20250118SKIFY0,income,4198.00,2025-01-18,差旅,工资
202510053YWSXQ,income,6845.61,2025-10-05,学习,奖金
202512254P3567,income,1101.14,2025-12-25,补贴,津贴
20251022GX9Z2N,income,5355.63,2025-10-22,外卖,奖金
20250210I6IE8Y,income,6658.75,2025-02-10,补贴,工资
202506099LJ1S4,income,6147.13,2025-06-09,生活费,津贴
2025011839LHCA,income,4984.05,2025-01-18,学习,津贴
202509035VJOJ5,income,4880.06,2025-09-03,差旅,津贴
20250501OT6Z4M,income,6804.36,2025-05-01,外卖,工资
20251209BIMCYK,income,6983.08,2025-12-09,生活费,工资
20251212VEVB7L,income,8351.34,2025-12-12,购物,津贴
20250926X6YNQU,income,4831.04,2025-09-26,差旅,津贴
202504089X8JVN,income,1152.29,2025-04-08,学习,津贴
20250714UQFF25,income,4532.47,2025-07-14,加班,津贴
202509265XR340,income,8269.41,2025-09-26,外卖,津贴
20250706DA7I45,income,6496.49,2025-07-06,报销,奖金
20250228RAG3FM,income,8039.97,2025-02-28,学习,奖金
20250605FHZ52V,income,493.93,2025-06-05,购物,津贴
20250809626EXH,income,6103.67,2025-08-09,报销,奖金
20251014TYVZA4,income,5443.93,2025-10-14,生活费,奖金
20250518G3R83J,income,193.60,2025-05-18,差旅,工资
20251203NR2B41,income,5953.37,2025-12-03,差旅,工资
20250825HPPLC5,income,7211.34,2025-08-25,加班,津贴
20250503VN8DL4,income,2115.50,2025-05-03,正常,津贴
20250510SOLECK,income,1394.52,2025-05-10,补贴,奖金
20250924E8UT1J,income,1672.28,2025-09-24,差旅,奖金
20250928D1VG33,income,6514.36,2025-09-28,正常,工资
20250517SAPMUP,income,3301.24,2025-05-17,娱乐,奖金
20250418NNY3WD,income,1384.20,2025-04-18,学习,奖金
20251210OZJ0MO,income,1763.04,2025-12-10,外卖,奖金
20250624KXZAMV,income,5022.40,2025-06-24,正常,奖金
20250124ITO3U0,income,9145.98,2025-01-24,报销,工资
20250119Q8943W,income,1626.04,2025-01-19,外卖,奖金
20251201CRUUF1,income,1950.48,2025-12-01,报销,奖金
20250425QXVL93,income,9659.37,2025-04-25,娱乐,工资
202502063GX2H1,income,966.63,2025-02-06,差旅,奖金
202510179O1239,income,985.55,2025-10-17,生活费,奖金
202504173JJ4DM,income,8512.15,2025-04-17,补贴,工资
20250517WXGYIZ,income,1056.82,2025-05-17,购物,奖金
20250702J3RD2A,income,5713.58,2025-07-02,购物,工资
2025062570EQ9K,income,2161.74,2025-06-25,报销,工资
20250325B77TSL,income,4711.13,2025-03-25,学习,奖金
20250310L5VO3N,income,8909.85,2025-03-10,生活费,奖金
20250305WKJWSP,income,8933.22,2025-03-05,加班,工资
20250821MLB6LV,income,519.98,2025-08-21,学习,工资
20250916Q7AGV4,income,7279.45,2025-09-16,外卖,津贴
20251211PM3N3Q,income,4781.84,2025-12-11,补贴,工资
202507127WMH8A,income,747.84,2025-07-12,补贴,奖金
202507056ZONM3,income,4475.31,2025-07-05,外卖,奖金
20251210D5P8UH,income,2860.90,2025-12-10,补贴,津贴
20250412DO9FOR,income,9028.04,2025-04-12,差旅,工资
2025021864SAXI,income,1778.85,2025-02-18,报销,工资
202504063BCVL9,income,7398.44,2025-04-06,补贴,津贴
20250923A54NFZ,income,9482.14,2025-09-23,娱乐,奖金
20250621U54V0K,income,6065.69,2025-06-21,加班,工资
20250908JI6HC7,income,2694.93,2025-09-08,学习,奖金
20250826HGW8PU,income,5499.20,2025-08-26,生活费,奖金
20250928ZZ2NL5,income,4418.18,2025-09-28,补贴,工资
2025080118XHBR,income,9116.12,2025-08-01,学习,工资
2025030394UNFL,income,540.43,2025-03-03,娱乐,奖金
20251124CCVK49,income,73.53,2025-11-24,学习,工资
20250912U0DAGQ,income,4294.06,2025-09-12,购物,津贴
20251126UGHDXC,income,119.66,2025-11-26,差旅,工资
20251028XHATQ4,income,5443.03,2025-10-28,补贴,奖金
2025031571YO03,income,8406.88,2025-03-15,正常,工资
202507283IBIE5,income,8194.67,2025-07-28,加班,奖金
202512029B8DVO,income,8719.15,2025-12-02,外卖,奖金
20250526PMMR4W,income,4355.27,2025-05-26,学习,工资
202504153AWDI0,income,2100.83,2025-04-15,差旅,工资
20250712B84N9I,income,1596.15,2025-07-12,补贴,奖金
20250206KZY7UJ,income,2827.52,2025-02-06,加班,奖金
20250118NKZLZL,income,271.87,2025-01-18,学习,津贴
20250921DIVMZS,income,1134.40,2025-09-21,学习,津贴
2025120308UUUU,income,7428.41,2025-12-03,娱乐,津贴
20250626E70O2X,income,2954.82,2025-06-26,娱乐,奖金
20250520VSV3WF,income,3797.42,2025-05-20,购物,津贴
20251017ETLY28,income,1354.96,2025-10-17,外卖,津贴
20250913925PBF,income,9411.43,2025-09-13,购物,津贴
20250209BAOP9T,income,9576.29,2025-02-09,购物,奖金
20250714SJDSJK,income,5980.03,2025-07-14,生活费,津贴
202509062B7RCS,income,2280.81,2025-09-06,学习,津贴
20250806R4M6Y8,income,7294.50,2025-08-06,生活费,工资
202512240FZDY3,income,1368.50,2025-12-24,购物,津贴
20250402TFK5G3,income,772.06,2025-04-02,补贴,津贴
20250522H7UIVB,income,479.76,2025-05-22,购物,奖金
20250712UEHPW9,income,7794.98,2025-07-12,补贴,奖金
20250911XD31H5,income,1241.71,2025-09-11,差旅,工资
2025080391W477,income,552.09,2025-08-03,生活费,奖金
20250809NEWHVQ,income,9029.93,2025-08-09,生活费,津贴
20250212418OHD,income,5064.84,2025-02-12,生活费,津贴
20250304TOP90I,income,4436.26,2025-03-04,娱乐,工资
202501231Y63PU,income,3949.87,2025-01-23,差旅,奖金
20250914WRLDM2,income,8391.11,2025-09-14,报销,津贴
20250324ADOWMR,income,2674.43,2025-03-24,正常,奖金
20250321BRQBWN,income,3339.90,2025-03-21,加班,奖金
20250312Z9V8AK,income,8322.53,2025-03-12,差旅,奖金
20250608YSQYYY,income,1979.57,2025-06-08,加班,奖金
20251121Y8M9XK,income,6714.44,2025-11-21,学习,奖金
202504097KJ50T,income,7082.47,2025-04-09,差旅,工资
20251110JB9SEZ,income,2513.77,2025-11-10,差旅,奖金
202503050WMLJX,income,3572.12,2025-03-05,报销,工资
20250701VC8ZB1,income,4488.95,2025-07-01,补贴,津贴
20250305XQWSQE,income,4632.89,2025-03-05,购物,工资
202502270T9U3M,income,5947.62,2025-02-27,正常,工资
2025032889M1NJ,income,2524.94,2025-03-28,补贴,津贴
20250524SIL9M1,income,5452.00,2025-05-24,学习,津贴
20250908H51R58,income,6694.21,2025-09-08,加班,奖金
20251016NUGRA3,income,9167.95,2025-10-16,娱乐,津贴
20250205AWD3PS,income,5274.17,2025-02-05,购物,津贴
20250117MJPJ32,income,1294.75,2025-01-17,外卖,工资
20250902EBDFYH,income,5741.01,2025-09-02,加班,工资
202501126ASS0M,income,1330.20,2025-01-12,生活费,津贴
202510149V0AY4,income,5837.19,2025-10-14,购物,奖金
202501247HUCNC,income,9540.21,2025-01-24,补贴,奖金
20251202OXQTCN,income,2258.35,2025-12-02,报销,奖金
20250219WSPFSW,income,5095.88,2025-02-19,差旅,奖金
2025121495Y87X,income,3422.97,2025-12-14,报销,工资
20250609W4960K,income,8538.02,2025-06-09,正常,工资
20251218XJOKVL,income,9636.79,2025-12-18,补贴,津贴
20250302MY8O4F,income,2263.58,2025-03-02,补贴,津贴
20250204FOA8RB,income,7760.05,2025-02-04,外卖,奖金
2025010234RJSE,income,106.69,2025-01-02,学习,工资
20250604PPTGSY,income,4987.82,2025-06-04,加班,津贴
20250103LTCNVE,income,7079.85,2025-01-03,加班,津贴
202508160ALSZA,income,6913.20,2025-08-16,外卖,奖金
20250212QQBRB8,income,2533.11,2025-02-12,报销,津贴
20251202O51M3O,income,730.20,2025-12-02,正常,津贴
20250413VIJH9X,income,1576.32,2025-04-13,补贴,工资
20250404SR1XUL,income,7065.57,2025-04-04,补贴,奖金
20250928BQ51ZG,income,7574.33,2025-09-28,加班,奖金
20251218JLJ5J0,income,5916.16,2025-12-18,生活费,奖金
202501240RLH87,income,225.87,2025-01-24,外卖,津贴
20250522C6KRLI,income,9304.96,2025-05-22,生活费,津贴
20250105QXV3OO,income,7876.14,2025-01-05,报销,津贴
20250817A2FUJP,income,41.28,2025-08-17,正常,奖金
20250604U7X5U9,income,2357.25,2025-06-04,正常,奖金
20251011THQX1W,income,2843.21,2025-10-11,娱乐,津贴
20250415ASRV7X,income,9791.11,2025-04-15,学习,奖金
202509071E20H7,income,2800.06,2025-09-07,外卖,津贴
202502211J86O9,income,7362.05,2025-02-21,补贴,奖金
20250904EXD6HN,income,679.95,2025-09-04,购物,奖金
202503122AGTY3,income,7681.19,2025-03-12,差旅,工资
20250403TVMNKX,income,381.34,2025-04-03,娱乐,津贴
20250304VYXT2C,income,4047.70,2025-03-04,购物,津贴
202505014OQENA,income,3387.18,2025-05-01,加班,奖金
20251101997EFX,income,7165.80,2025-11-01,购物,奖金
20251222Q2VLDQ,income,915.94,2025-12-22,差旅,奖金
20251117VUF0WN,income,1483.39,2025-11-17,购物,津贴
20250514XUMUFN,income,160.34,2025-05-14,加班,津贴
20250208NF9P7P,income,4210.80,2025-02-08,娱乐,工资
202503276YXVXB,income,8162.52,2025-03-27,外卖,奖金
202504252VAIAO,income,4099.72,2025-04-25,学习,奖金
20251127N9CALO,income,7899.53,2025-11-27,购物,津贴
20250823136H1Y,income,391.89,2025-08-23,报销,工资
202505148ZI0LO,income,9073.33,2025-05-14,正常,奖金
202505088CT3GH,income,6683.55,2025-05-08,差旅,工资
20250106LZ2TOY,income,7816.70,2025-01-06,外卖,津贴
20250305B8VJKX,income,2367.95,2025-03-05,加班,工资
20251021MS9NA6,income,6515.37,2025-10-21,生活费,津贴
20250707J4N4VD,income,2579.97,2025-07-07,补贴,奖金
20250415SIU4UM,income,7455.17,2025-04-15,正常,津贴
20250415R4L63S,income,1557.69,2025-04-15,外卖,工资
20250105SYUFAG,income,8228.28,2025-01-05,差旅,奖金
202509184BJQI8,income,370.39,2025-09-18,购物,奖金
20250116CM2UB3,income,1409.85,2025-01-16,学习,工资
20251127TX56YD,income,4656.56,2025-11-27,学习,津贴
20250115VWD2QF,income,8411.45,2025-01-15,生活费,津贴
20250125O75XNB,income,8637.42,2025-01-25,正常,津贴
20250417OK60TC,income,9451.79,2025-04-17,外卖,工资
20250417WQSDTG,income,7102.45,2025-04-17,差旅,奖金
202504164ZWTWD,income,9465.10,2025-04-16,报销,工资
20250102U8W0Z2,income,8639.12,2025-01-02,正常,津贴
2025020453PC9Z,income,7504.65,2025-02-04,正常,津贴
20250621FDFTPR,income,4315.26,2025-06-21,差旅,工资
20251226JX7C9C,income,5223.41,2025-12-26,外卖,奖金
20251228LOO8A7,income,5360.45,2025-12-28,正常,奖金
20250221Q4E0P0,income,4337.32,2025-02-21,补贴,奖金
202510253WO74M,income,6874.77,2025-10-25,学习,津贴
20250507KHJQOC,income,7851.71,2025-05-07,差旅,工资
20250703B524I2,income,6561.51,2025-07-03,外卖,津贴
2025081737BB1A,income,5272.94,2025-08-17,学习,工资
20250722AGAGD3,income,985.98,2025-07-22,加班,工资
202506026GZUPO,income,5698.04,2025-06-02,购物,奖金
20250121U3K1BW,income,9437.39,2025-01-21,外卖,津贴
20250501DFAYN0,income,6503.62,2025-05-01,购物,奖金
20250418TVACMW,income,528.53,2025-04-18,购物,津贴
20250922C1AQTM,income,6997.09,2025-09-22,购物,奖金
20251213ECUTWP,income,7113.47,2025-12-13,差旅,奖金
20250106ER7L46,income,3387.32,2025-01-06,差旅,工资
20251206XLYYE4,income,4721.65,2025-12-06,外卖,津贴
20250721GGRR4O,income,3687.19,2025-07-21,补贴,工资
20250505KJ6SHS,income,35.58,2025-05-05,娱乐,奖金
20250722HDPJEG,income,2494.82,2025-07-22,正常,工资
20250324C867K9,income,1928.60,2025-03-24,娱乐,工资
20250505LWTFEA,income,7363.58,2025-05-05,娱乐,工资
20250116ITJY59,income,5141.84,2025-01-16,购物,奖金
20251208V2SRT0,income,2767.26,2025-12-08,正常,奖金
20250312HK1V38,income,2395.45,2025-03-12,报销,津贴
20250203VESYSZ,income,3185.64,2025-02-03,报销,工资
20251104XBPHW6,income,9890.28,2025-11-04,外卖,津贴
20250427EDP9UD,income,139.42,2025-04-27,生活费,奖金
20250110QMGTYP,income,4617.89,2025-01-10,报销,工资
20250726P42937,income,3889.63,2025-07-26,加班,津贴
20250403T5G5GW,income,6389.28,2025-04-03,正常,奖金
20250402DHI21H,income,6534.50,2025-04-02,正常,奖金
20250209OJNTOJ,income,1677.00,2025-02-09,加班,工资
2025032775XA6H,income,6252.23,2025-03-27,生活费,奖金
20250424ZW13LP,income,6584.97,2025-04-24,生活费,奖金
20250228VTQA1R,income,2897.47,2025-02-28,学习,奖金
20251123QJUI9M,income,1659.54,2025-11-23,娱乐,奖金
20250118XWZ4AG,income,8889.34,2025-01-18,加班,奖金
202502063LVUJQ,income,1561.81,2025-02-06,购物,工资
20250103RD9NKH,income,1924.39,2025-01-03,学习,奖金
202509026JAJX2,income,4816.90,2025-09-02,报销,工资
20250626AHR11S,income,2309.54,2025-06-26,报销,奖金
20250806FRXKHR,income,597.03,2025-08-06,购物,津贴
20250219ZKYANZ,income,1987.63,2025-02-19,娱乐,奖金
202502042KS9GU,income,5685.63,2025-02-04,报销,工资
20250407VJUDYZ,income,1016.56,2025-04-07,学习,津贴
20251015U0QO4O,income,3744.27,2025-10-15,学习,奖金
202507157IFURI,income,4380.49,2025-07-15,外卖,津贴
202506016IMRZP,income,9915.42,2025-06-01,正常,津贴
20251222ZX7OFD,income,8213.68,2025-12-22,娱乐,奖金
20250324Z6J4I7,income,4521.77,2025-03-24,差旅,工资
20250325HBC4QP,income,1509.67,2025-03-25,补贴,工资
20250411RCEUWB,income,9807.22,2025-04-11,生活费,工资
20250214LYJ8Z7,income,1000.82,2025-02-14,购物,工资
20250712EX5BOU,income,3578.66,2025-07-12,生活费,工资
20250805ROIIGG,income,8609.43,2025-08-05,加班,津贴
20250828XDVOY0,income,9413.53,2025-08-28,购物,工资
2025120435DBQK,income,4729.05,2025-12-04,购物,津贴
202508237TOG8D,income,7252.51,2025-08-23,购物,津贴
202501139E86VG,income,2683.08,2025-01-13,补贴,工资
20251117RRUPN9,income,3280.77,2025-11-17,加班,津贴
202507268B3PQE,income,4919.07,2025-07-26,补贴,工资
202501029DPM4Q,income,7029.69,2025-01-02,加班,奖金
20250109LQHSGG,income,5160.68,2025-01-09,加班,津贴
20250315SWPZW0,income,3415.05,2025-03-15,购物,津贴
20251026WGB2SL,income,6140.63,2025-10-26,娱乐,津贴
20250321FFAWUH,income,6805.82,2025-03-21,补贴,津贴
20250318731A9K,income,6264.90,2025-03-18,差旅,工资
20250428GE55SO,income,8047.13,2025-04-28,娱乐,工资
20251018Q91F91,income,8206.47,2025-10-18,学习,津贴
20250809QMQ1ZM,income,915.59,2025-08-09,外卖,津贴
20251226D64TP3,income,8036.44,2025-12-26,生活费,工资
202504214C8KEA,income,199.30,2025-04-21,加班,津贴
202501201CYEGB,income,9370.39,2025-01-20,学习,津贴
20251119SE3H9S,income,3483.65,2025-11-19,正常,工资
20250109WTKLDV,income,16.27,2025-01-09,生活费,工资
2025052590WKPE,income,9301.04,2025-05-25,学习,奖金
20250826TPIU97,income,9721.89,2025-08-26,娱乐,工资
20251114VC9A7X,income,6497.13,2025-11-14,学习,津贴
20251111TZ1UPD,income,8456.40,2025-11-11,正常,奖金
20251015N45TL7,income,4460.39,2025-10-15,报销,奖金
20251002SU5SFN,income,3214.47,2025-10-02,差旅,工资
20250316J2225H,income,6293.33,2025-03-16,差旅,津贴
20250107UU8ZU9,income,3877.31,2025-01-07,生活费,工资
20250614AMS76Y,income,5993.95,2025-06-14,差旅,奖金
202502105J7YYU,income,9717.49,2025-02-10,外卖,工资
202501236NBVOO,income,1904.17,2025-01-23,报销,津贴
2025060178JDYE,income,9016.56,2025-06-01,报销,津贴
20250218ZTXZ83,income,9072.45,2025-02-18,补贴,奖金
20250515BOAW6Q,income,6804.52,2025-05-15,差旅,工资
20250919XY6MYA,income,9812.03,2025-09-19,外卖,津贴
20250926EXRMWM,income,1661.63,2025-09-26,加班,奖金
20250711UZ3EJ6,income,5442.56,2025-07-11,学习,工资
20251124OT4MTF,income,2011.85,2025-11-24,正常,工资
20251013S7I9VC,income,6207.96,2025-10-13,生活费,工资
20250811499788,income,5688.75,2025-08-11,外卖,工资
202509121MLL32,income,8264.17,2025-09-12,学习,工资
20250602RJ72PM,income,2054.20,2025-06-02,娱乐,工资
20250519PF4WPG,income,8919.32,2025-05-19,外卖,工资
20250608RG2TFM,income,7385.52,2025-06-08,正常,奖金
20251116WBBOOH,income,6967.60,2025-11-16,娱乐,津贴
20250316W8XVGC,income,7817.99,2025-03-16,报销,津贴
20250222B6B5RR,income,6094.63,2025-02-22,学习,津贴
202510070NRRMZ,income,6058.01,2025-10-07,学习,奖金
2025091593SWE9,income,9037.29,2025-09-15,差旅,津贴
20250120NNZFXI,income,6018.89,2025-01-20,学习,津贴
20250925IWYS1H,income,1246.60,2025-09-25,生活费,津贴
20250602ALNTBR,income,4893.24,2025-06-02,外卖,津贴
20250112T22GDG,income,5233.77,2025-01-12,加班,津贴
20250403MJWGKL,income,5225.55,2025-04-03,加班,奖金
20251113F5A6M0,income,2380.08,2025-11-13,差旅,工资
20250119PL2KKU,income,7666.18,2025-01-19,生活费,津贴
2025112300N5Q0,income,4854.39,2025-11-23,补贴,工资
20250727YW1X6E,income,530.40,2025-07-27,差旅,津贴
202503283SARKE,income,2119.45,2025-03-28,差旅,奖金
20251001KXRVYV,income,5406.48,2025-10-01,正常,工资
2025102672RTJY,income,7222.52,2025-10-26,补贴,工资
20250311LBY3WG,income,7271.17,2025-03-11,差旅,工资
202506246MI5SL,income,8296.01,2025-06-24,正常,津贴
202511056MCHGJ,income,6916.33,2025-11-05,外卖,工资
20250127YBJRVI,income,6730.63,2025-01-27,娱乐,奖金
20250723CNQOQP,income,4881.93,2025-07-23,娱乐,奖金
20250811MFDX02,income,7314.72,2025-08-11,补贴,工资
202511030EY9TH,income,7119.74,2025-11-03,补贴,工资
202507114WHUC5,income,8879.42,2025-07-11,购物,奖金
20251107NY0UO1,income,3343.77,2025-11-07,报销,工资
20250528PCOATY,income,1331.67,2025-05-28,报销,奖金
20250112FUA1O2,income,211.41,2025-01-12,购物,津贴
20250403ZAR904,income,3009.60,2025-04-03,娱乐,奖金
20250604RU41I6,income,6267.44,2025-06-04,生活费,奖金
20250614U562EN,income,6448.36,2025-06-14,报销,奖金
202508228U2G38,income,6722.31,2025-08-22,生活费,津贴
202503062AM04E,income,1875.06,2025-03-06,购物,工资
202512282NFDYH,income,8795.16,2025-12-28,学习,奖金
20250602PQ4493,income,6843.00,2025-06-02,正常,工资
20250917SQIPD6,income,9059.03,2025-09-17,购物,津贴
20250203Z8FNUR,income,1235.31,2025-02-03,加班,津贴
20250805GX5G72,income,2045.69,2025-08-05,报销,工资
20251016WXECPJ,income,3454.91,2025-10-16,学习,工资
20250114U6OZ47,income,9980.33,2025-01-14,娱乐,津贴
2025102603WBG5,income,8232.09,2025-10-26,学习,工资
202508251NJT7Q,income,4904.64,2025-08-25,外卖,奖金
20250621FETSAG,income,8944.80,2025-06-21,外卖,津贴
20250906Z5ZBW7,income,6008.16,2025-09-06,生活费,工资
202509181I1YGT,income,3222.58,2025-09-18,加班,奖金
2025011338JOU1,income,8480.63,2025-01-13,学习,工资
20250617I2RNUB,income,9502.11,2025-06-17,学习,奖金
20250115WTYSPW,income,1040.05,2025-01-15,购物,津贴
202510145ARW85,income,2520.87,2025-10-14,加班,工资
20250405TVF5NN,income,993.23,2025-04-05,生活费,奖金
20250225PZVWXV,income,2338.27,2025-02-25,正常,奖金
202506204CS1ZZ,income,4164.90,2025-06-20,正常,工资
20250519O2CLAG,income,5859.45,2025-05-19,外卖,津贴
202505216SFS2J,income,8081.05,2025-05-21,正常,津贴
2025070493PXZC,income,4846.38,2025-07-04,差旅,津贴
202504243LV00W,income,8625.69,2025-04-24,报销,奖金
202501079B21F3,income,3608.88,2025-01-07,购物,工资
20250308UMCNIG,income,2001.79,2025-03-08,加班,津贴
20250401YZFYB1,income,543.60,2025-04-01,报销,津贴
20250802DFHVO9,income,6284.95,2025-08-02,学习,津贴
20250126SE7PGD,income,4465.71,2025-01-26,差旅,奖金
20250515CQDAX7,income,9435.38,2025-05-15,学习,津贴
20251125GHF0VY,income,8686.84,2025-11-25,外卖,工资
20251228D0ZYCB,income,5076.71,2025-12-28,生活费,奖金
202511032YDG7I,income,7794.19,2025-11-03,学习,津贴
20250518UO48PD,income,1636.12,2025-05-18,加班,工资
202510127I5LCK,income,3321.90,2025-10-12,生活费,工资
20251114UBGZCD,income,1522.20,2025-11-14,报销,工资
20250114HBIORT,income,8088.32,2025-01-14,正常,工资
20251204P86MIQ,income,2522.72,2025-12-04,娱乐,津贴
20250323PU65UU,income,6173.76,2025-03-23,加班,津贴
20251007U0V28D,income,5499.62,2025-10-07,补贴,奖金
20251202WIOVFF,income,6155.63,2025-12-02,报销,工资
20250421HC15OA,income,4869.24,2025-04-21,学习,津贴
2025040649OJ7O,income,542.26,2025-04-06,购物,工资
20250714TD8S4T,income,1435.26,2025-07-14,加班,工资
20250815NXMF5K,income,1998.64,2025-08-15,加班,津贴
20250326V0NLWZ,income,7017.44,2025-03-26,娱乐,奖金
202504025H72PQ,income,1691.51,2025-04-02,报销,工资
20250512N25SPQ,income,3066.07,2025-05-12,报销,工资
20250708HLZTBF,income,4925.06,2025-07-08,加班,工资
20250501B9F28P,income,4833.96,2025-05-01,正常,津贴
20250915WUYU4S,income,5261.33,2025-09-15,生活费,奖金
20250203XX6D4V,income,5017.16,2025-02-03,生活费,津贴
20250613EOH172,income,5068.90,2025-06-13,娱乐,奖金
20251109IQZJU0,income,2019.67,2025-11-09,补贴,津贴
20250101GVWK7N,income,5607.65,2025-01-01,娱乐,工资
20250204CSK8WN,income,5764.69,2025-02-04,报销,奖金
202507241LY9BO,income,5837.88,2025-07-24,娱乐,津贴
20251123GEBI6V,income,4161.51,2025-11-23,学习,工资
20250614BEQ3MX,income,9782.46,2025-06-14,购物,奖金
202506146P3OTI,income,8897.10,2025-06-14,报销,工资
20250227CX58ES,income,2377.28,2025-02-27,生活费,工资
20250104Y5UL0A,income,3029.03,2025-01-04,正常,津贴
202510097ZSQ4E,income,9345.70,2025-10-09,补贴,津贴
20250221NW9TXP,income,8942.70,2025-02-21,外卖,奖金
20250114IF04X6,income,4917.63,2025-01-14,加班,津贴
202510258URFI1,income,2947.69,2025-10-25,娱乐,工资
20250114ZN2AR6,income,9977.45,2025-01-14,外卖,津贴
202507234O7YH7,income,9013.66,2025-07-23,补贴,工资
2025092826O2LT,income,8349.57,2025-09-28,外卖,奖金
202508048FM1UU,income,8874.89,2025-08-04,外卖,工资
20250611MO3M1Y,income,5657.46,2025-06-11,购物,奖金
20250619HGQOO3,income,9834.00,2025-06-19,学习,津贴
202503253GW04N,income,8490.69,2025-03-25,娱乐,工资
20250410KGA8SN,income,7185.41,2025-04-10,差旅,奖金
20251011EMPDQK,income,1717.48,2025-10-11,报销,津贴
20251224FKA5CJ,income,650.05,2025-12-24,外卖,奖金
2025082302QFQD,income,3278.01,2025-08-23,报销,奖金
202505165O18K8,income,6492.15,2025-05-16,生活费,工资
202509204XHVL2,income,8189.75,2025-09-20,正常,津贴
20250813QBCUW5,income,5644.36,2025-08-13,外卖,工资
20250621ZTQYHY,income,613.88,2025-06-21,外卖,津贴
20251111SV2HGC,income,5223.79,2025-11-11,外卖,工资
20251209T0R5L6,income,2986.17,2025-12-09,正常,奖金
20250514ZUCLU8,income,4978.93,2025-05-14,补贴,奖金
2025092258LZ05,income,9557.90,2025-09-22,购物,奖金
20250926DE3RX5,income,6217.74,2025-09-26,娱乐,津贴
202510088DHA15,income,8238.78,2025-10-08,外卖,津贴
2025100407KQBT,income,1304.76,2025-10-04,正常,奖金
20251125CLGR7E,income,4846.28,2025-11-25,学习,津贴
202503071ST8AD,income,9809.17,2025-03-07,购物,工资
20250707L1PN4H,income,6278.81,2025-07-07,补贴,津贴
20250515ZN8VOZ,income,8098.64,2025-05-15,娱乐,津贴
20250506FQU529,income,6873.29,2025-05-06,娱乐,津贴
20250523JNJ0XD,income,9850.81,2025-05-23,加班,津贴
20250905GFNDTI,income,4346.65,2025-09-05,购物,津贴
20251010YCW91P,income,5153.17,2025-10-10,补贴,津贴
20250104W9ZVNI,income,1227.27,2025-01-04,正常,奖金
20250321IHEG1Z,income,1289.17,2025-03-21,外卖,津贴
20250208FJLK6Q,income,8571.61,2025-02-08,学习,奖金
202501110VJFX3,income,9853.83,2025-01-11,差旅,工资
20250624HUI4QP,income,6146.36,2025-06-24,正常,奖金
20251222I1EROK,income,5324.32,2025-12-22,学习,津贴
202512231EWG5S,income,5666.33,2025-12-23,加班,奖金
20250318PKWY2I,income,5514.05,2025-03-18,外卖,奖金
20250707K0G7YT,income,3221.63,2025-07-07,外卖,工资
20250417NZKWAS,income,8812.92,2025-04-17,补贴,奖金
202506253R6KQA,income,8934.67,2025-06-25,报销,津贴
20250227CC7VHP,income,7526.36,2025-02-27,报销,津贴
202505187FHPTZ,income,7078.85,2025-05-18,报销,津贴
202507070FD5HL,income,7338.20,2025-07-07,学习,津贴
2025021594GN6S,income,8069.56,2025-02-15,加班,工资
20250518OKF05R,income,4839.37,2025-05-18,外卖,工资
202509127G6N66,income,562.41,2025-09-12,差旅,工资
20251215PYMCOC,income,4068.32,2025-12-15,加班,奖金
20250524IUU2XG,income,9128.38,2025-05-24,外卖,奖金
202510086GMFPA,income,7857.55,2025-10-08,正常,奖金
20250425E9EZ3W,income,4558.77,2025-04-25,学习,津贴
20250301O6WFFG,income,4176.24,2025-03-01,学习,津贴
20251006N99ZJ2,income,1410.84,2025-10-06,报销,奖金
20250103JXCEWU,income,812.87,2025-01-03,差旅,奖金
2025081257K8I6,income,1466.74,2025-08-12,娱乐,工资
20251217RLV7UE,income,9903.50,2025-12-17,娱乐,奖金
20250309PFOC1M,income,2032.13,2025-03-09,购物,津贴
202503235J62ZQ,income,9153.67,2025-03-23,差旅,工资
202501244VBYCZ,income,5889.45,2025-01-24,补贴,工资
20250103X580VU,income,8281.13,2025-01-03,购物,津贴
202503265ZRSFV,income,7817.41,2025-03-26,购物,津贴
20251210N2AM0X,income,2652.65,2025-12-10,娱乐,奖金
20250105G3WS3O,income,3461.73,2025-01-05,生活费,工资
20250103V06Q1I,income,2038.95,2025-01-03,外卖,奖金
202507049LE1SI,income,6702.30,2025-07-04,生活费,津贴
20250927CX6VVA,income,2153.53,2025-09-27,学习,工资
202512183TYDBT,income,8870.79,2025-12-18,购物,津贴
202504146QTIZC,income,7201.73,2025-04-14,生活费,工资
20250628KHYRBM,income,281.41,2025-06-28,报销,津贴
20250310I9X18Q,income,5979.31,2025-03-10,正常,奖金
20250515TVER9W,income,2587.95,2025-05-15,生活费,奖金
20250922ZSCC4Y,income,6997.50,2025-09-22,学习,工资
20251027X8DMQQ,income,3089.28,2025-10-27,学习,奖金
2025070486ALQW,income,1486.06,2025-07-04,报销,奖金
202504085CAK4F,income,2517.56,2025-04-08,生活费,津贴
20250920123CZR,income,8771.20,2025-09-20,正常,工资
20250902QVYS68,income,4066.15,2025-09-02,加班,工资
20250922PZJH3G,income,2267.63,2025-09-22,娱乐,津贴
2025021421G2JC,income,5138.05,2025-02-14,购物,津贴
20251028I5ESA0,income,6424.27,2025-10-28,正常,奖金
20251024WI2M1Z,income,2568.35,2025-10-24,学习,奖金
20250618IDBZXJ,income,83.81,2025-06-18,生活费,工资
20250507709C1C,income,3206.31,2025-05-07,补贴,津贴
202505018CHGPM,income,9915.12,2025-05-01,娱乐,津贴
20250506OEUMBI,income,7572.06,2025-05-06,外卖,工资
20250606YC2MG7,income,4817.11,2025-06-06,报销,奖金
2025020109DPJK,income,3138.84,2025-02-01,补贴,津贴
20251228TANBN5,income,2699.88,2025-12-28,生活费,工资
202507280PHTRO,income,900.46,2025-07-28,外卖,津贴
20250315BXLU1O,income,9147.90,2025-03-15,报销,工资
20250209B4DYWU,income,9040.28,2025-02-09,购物,工资
202510133TT11A,income,2868.68,2025-10-13,娱乐,工资
20250407KLVX78,income,8061.18,2025-04-07,学习,津贴
20251222JSS2M7,income,721.36,2025-12-22,正常,工资
202510125D2P5Z,income,9667.63,2025-10-12,外卖,奖金
202510031LKB9Q,income,4105.47,2025-10-03,差旅,工资
20250328NDMFN6,income,771.09,2025-03-28,报销,工资
20250727CTR798,income,8122.99,2025-07-27,报销,工资
202503204EIQ7K,income,6922.20,2025-03-20,补贴,奖金
202501270DPMHY,income,1097.40,2025-01-27,外卖,工资
20250722GCIMJM,income,334.51,2025-07-22,学习,津贴
202501083VM13F,income,5148.88,2025-01-08,报销,津贴
202504228PC08D,income,8124.86,2025-04-22,正常,工资
20250508UCBHTB,income,45.13,2025-05-08,购物,奖金
20250510X9EPAA,income,5765.66,2025-05-10,正常,工资
20250210GAKOJ7,income,9636.09,2025-02-10,外卖,工资
20250308EAOSKX,income,1548.03,2025-03-08,加班,奖金
20250711M3N917,income,4887.81,2025-07-11,正常,津贴
202504060F6GJJ,income,5830.74,2025-04-06,购物,津贴
20250614HG7S8E,income,8712.69,2025-06-14,差旅,津贴
20250403RM4O43,income,8533.72,2025-04-03,报销,奖金
202511101RAHCV,income,851.80,2025-11-10,购物,奖金
20250108C7OJYE,income,3226.02,2025-01-08,加班,奖金
20250711SZDSO9,income,5947.19,2025-07-11,外卖,奖金
20251108MD34PF,income,6270.00,2025-11-08,购物,津贴
2025112488GGM9,income,3512.35,2025-11-24,补贴,奖金
20250306N60HW8,income,5716.06,2025-03-06,差旅,工资
20250821DU9RH1,income,8487.55,2025-08-21,补贴,津贴
20250110TNP7RB,income,565.33,2025-01-10,生活费,工资
20250513LQVTXP,income,854.49,2025-05-13,补贴,津贴
202505071G1HW5,income,2129.68,2025-05-07,娱乐,津贴
20250406R78KTG,income,1811.09,2025-04-06,正常,奖金
20250816H2YJ20,income,5926.94,2025-08-16,生活费,工资
20250201YXCMDG,income,2152.21,2025-02-01,外卖,奖金
20250418G0G08J,income,9847.20,2025-04-18,报销,工资
20250621KVJ41C,income,8925.32,2025-06-21,外卖,奖金
20250514E0NB92,income,8340.63,2025-05-14,补贴,津贴
20251217TTG57R,income,7571.57,2025-12-17,补贴,奖金
2025030457ETTX,income,8089.40,2025-03-04,补贴,津贴
20250810W07OF3,income,224.13,2025-08-10,差旅,奖金
20251208HTQVSW,income,9773.53,2025-12-08,加班,津贴
20250922V7UE3I,income,6755.37,2025-09-22,补贴,奖金
202511053H7CDS,income,6161.17,2025-11-05,外卖,奖金
20250115NPVJ3Z,income,7902.50,2025-01-15,报销,工资
202507244UAO37,income,9193.69,2025-07-24,加班,津贴
20250612MF8B65,income,9939.23,2025-06-12,差旅,津贴
20250318URKMWU,income,9923.49,2025-03-18,差旅,工资
20251127VO3MNZ,income,2373.28,2025-11-27,外卖,津贴
20250402VY988G,income,1018.80,2025-04-02,学习,奖金
20250615U08CCH,income,1541.65,2025-06-15,差旅,津贴
20250506WPISXK,income,1375.15,2025-05-06,正常,工资
20250909SN07TH,income,3245.91,2025-09-09,加班,奖金
202507063AI97N,income,5996.14,2025-07-06,补贴,奖金
20250119J054LH,income,8788.15,2025-01-19,娱乐,工资
20250413Z5Y05A,income,5917.67,2025-04-13,报销,津贴
20250604E7RJVB,income,1030.65,2025-06-04,正常,奖金
20250207UTA3I9,income,9141.84,2025-02-07,生活费,工资
20251007AY7WVE,income,8520.03,2025-10-07,学习,工资
20250903QR0DJX,income,2353.75,2025-09-03,娱乐,工资
20250127FUXZQO,income,2909.63,2025-01-27,补贴,奖金
202510059VGVAW,income,7300.37,2025-10-05,补贴,工资
20250204FBVHTJ,income,8624.20,2025-02-04,外卖,津贴
20250711QA3RY6,income,87.03,2025-07-11,购物,工资
202512214N8XFJ,income,7703.24,2025-12-21,生活费,津贴
20250702524BNT,income,4532.91,2025-07-02,报销,工资
202511225CQZS3,income,136.03,2025-11-22,差旅,津贴
20251112W1GJOU,income,5031.91,2025-11-12,正常,工资
20250705IC5ZC1,income,819.48,2025-07-05,加班,奖金
20250819XYCOF5,income,4697.99,2025-08-19,正常,津贴
20251016BLBNMB,income,1283.34,2025-10-16,加班,工资
20250105R80F20,income,8145.69,2025-01-05,加班,工资
20250605BNDRFZ,income,7306.95,2025-06-05,购物,工资
2025011483P8HC,income,7536.69,2025-01-14,外卖,津贴
20250619DDSHJY,income,5408.12,2025-06-19,生活费,津贴
20251024RQER94,income,6801.57,2025-10-24,加班,奖金
2025070937O6FM,income,1473.88,2025-07-09,娱乐,津贴
20251220W1I169,income,4306.14,2025-12-20,补贴,工资
202511143H8T8U,income,3176.67,2025-11-14,报销,工资
20250802UQ7RI8,income,3386.69,2025-08-02,学习,津贴
202506048C2CUK,income,2756.16,2025-06-04,加班,津贴
20250204IOWOQO,income,1872.61,2025-02-04,学习,工资
20250825JXEGG1,income,3325.27,2025-08-25,外卖,津贴
20251020QG7HD9,income,2157.01,2025-10-20,学习,工资
20251112JYNMRY,income,8667.64,2025-11-12,正常,工资
20250704L6DTG5,income,9271.31,2025-07-04,加班,津贴
20251121L9NBIC,income,8620.21,2025-11-21,加班,津贴
2025061822WV1L,income,8898.04,2025-06-18,娱乐,工资
20251225D68RGX,income,1975.11,2025-12-25,报销,津贴
20251001T8031Z,income,7036.32,2025-10-01,差旅,工资
20250521O58CE6,income,9338.93,2025-05-21,差旅,工资
20250912C6HQDH,income,6108.25,2025-09-12,补贴,津贴
20250513YBR724,income,7412.31,2025-05-13,娱乐,工资
20251118KK5QMZ,income,3759.64,2025-11-18,生活费,津贴
202507129ZG3WS,income,1736.45,2025-07-12,购物,工资
20250428N731T3,income,568.96,2025-04-28,外卖,津贴
20250604LDBWWF,income,9912.75,2025-06-04,生活费,奖金
2025071191UOS2,income,7706.67,2025-07-11,正常,津贴
20251105UNSKOC,income,7826.64,2025-11-05,外卖,津贴
20251016M5I8B3,income,7484.80,2025-10-16,补贴,工资
202505150UPXAO,income,3953.24,2025-05-15,娱乐,工资
20250506ZCOQJ5,income,5154.50,2025-05-06,正常,工资
20251205TH5M7P,income,5018.52,2025-12-05,购物,工资
20250327HDXWWR,income,3707.79,2025-03-27,购物,工资
20251104YORSFV,income,6233.53,2025-11-04,娱乐,津贴
20250424W2QY4D,income,8851.60,2025-04-24,生活费,奖金
20251005LVKWDM,income,4432.58,2025-10-05,报销,津贴
20251227981R1A,income,5518.65,2025-12-27,娱乐,工资
20250711E8IMYU,income,1268.50,2025-07-11,加班,工资
202510197K0RHI,income,9719.47,2025-10-19,购物,工资
202504055CQRR1,income,620.57,2025-04-05,购物,津贴
20250115LXAKL1,income,3243.62,2025-01-15,外卖,津贴
2025072406GQ33,income,8527.15,2025-07-24,购物,工资
202508086GMHR9,income,334.41,2025-08-08,加班,津贴
20250705ONL8X7,income,9569.35,2025-07-05,外卖,工资
20250213FBT7N8,income,3521.20,2025-02-13,正常,工资
202502272477W4,income,9745.27,2025-02-27,报销,工资
2025052062U197,income,4709.08,2025-05-20,补贴,奖金
20250120ZKVRM0,income,6874.96,2025-01-20,补贴,奖金
20250320NXZ3RH,income,488.90,2025-03-20,购物,津贴
202508136IA783,income,796.98,2025-08-13,补贴,津贴
20250326MMLKCR,income,1922.39,2025-03-26,加班,奖金
20250704DDYZ3D,income,6799.18,2025-07-04,补贴,津贴
202509264Z206Q,income,4164.29,2025-09-26,报销,奖金
202506033P9GST,income,1852.19,2025-06-03,外卖,奖金
202502225SV3RD,income,2149.86,2025-02-22,报销,津贴
20251214WWO14U,income,2767.96,2025-12-14,学习,津贴
20250309WES8US,income,578.46,2025-03-09,正常,工资
20251106P1SX28,income,1605.23,2025-11-06,外卖,奖金
20250522LQEMGP,income,1624.19,2025-05-22,差旅,奖金
20250417LVXSID,income,4630.39,2025-04-17,报销,奖金
20250728R9EQF7,income,9191.73,2025-07-28,学习,津贴
20250610MCZF3B,income,1624.28,2025-06-10,生活费,工资
20250328RCTETX,income,958.56,2025-03-28,购物,津贴
202502199OWNLW,income,4440.29,2025-02-19,加班,工资
20250314ER36AV,income,7558.74,2025-03-14,补贴,津贴
20251002DPJ3HF,income,2541.12,2025-10-02,补贴,工资
20250824C1XSPS,income,6038.31,2025-08-24,学习,津贴
202511257MLGU5,income,6562.93,2025-11-25,报销,津贴
2025011559GKMT,income,7994.23,2025-01-15,购物,津贴
20250116BBAVFL,income,9624.20,2025-01-16,报销,津贴
202501081CMOQ7,income,5287.03,2025-01-08,外卖,津贴
202509054U9T7R,income,6510.25,2025-09-05,加班,奖金
20250825EJH5M4,income,1158.24,2025-08-25,购物,奖金
202506010Y0OQI,income,6006.58,2025-06-01,补贴,津贴
20250826V9ZK2B,income,691.52,2025-08-26,报销,奖金
20251018UYZGVS,income,6782.53,2025-10-18,学习,奖金
20250104NLQEU0,income,7131.84,2025-01-04,正常,津贴
20250413HASDEW,income,8592.09,2025-04-13,报销,津贴
20250308RG4GPM,income,8647.23,2025-03-08,正常,工资
20250725V2FVGD,income,5871.22,2025-07-25,生活费,津贴
202511073VJA3E,income,257.90,2025-11-07,差旅,奖金
20250109NV0IRF,income,118.28,2025-01-09,加班,津贴
20250113V8JKPF,income,5081.36,2025-01-13,娱乐,奖金
20250228YBDVP1,income,1014.48,2025-02-28,补贴,奖金
202508088AWO10,income,9626.65,2025-08-08,娱乐,奖金
20250916M8AEKQ,income,5220.43,2025-09-16,购物,奖金
20250901SKY38B,income,3255.00,2025-09-01,差旅,奖金
20250910IA0I7Q,income,5541.25,2025-09-10,学习,工资
20250627UF8WXP,income,6341.76,2025-06-27,购物,奖金
20250912EVCHT2,income,4367.98,2025-09-12,补贴,工资
20250312T2HDX0,income,2205.69,2025-03-12,加班,奖金
20250923HTBF2F,income,2677.89,2025-09-23,外卖,工资
20250817R4L3Z3,income,1592.68,2025-08-17,生活费,奖金
20250904OD9EIV,income,3895.28,2025-09-04,生活费,奖金
20251016BB87RT,income,3550.49,2025-10-16,差旅,奖金
20250803MTXTQW,income,5900.83,2025-08-03,生活费,津贴
202503215LW50B,income,19.54,2025-03-21,报销,工资
20250324VS9ODO,income,6597.90,2025-03-24,补贴,奖金
20250414UDMX92,income,344.24,2025-04-14,加班,奖金
202512142KBEIF,income,2727.43,2025-12-14,外卖,工资
20250912LIXWI1,income,4259.06,2025-09-12,购物,津贴
202501217TBES0,income,7100.27,2025-01-21,娱乐,工资
20250220I9S5WA,income,8530.14,2025-02-20,外卖,津贴
20250624WS27EA,income,143.75,2025-06-24,差旅,津贴
2025020357FIQF,income,411.91,2025-02-03,正常,津贴
20250320YRR5TJ,income,4891.58,2025-03-20,差旅,津贴
20250223NAQIZM,income,1952.42,2025-02-23,生活费,奖金
20250905Y6Z85I,income,1895.77,2025-09-05,报销,奖金
202507119L47LI,income,5946.81,2025-07-11,生活费,奖金
20250427YZGIPC,income,5672.19,2025-04-27,娱乐,津贴
20251125E8SZRI,income,1933.50,2025-11-25,报销,津贴
2025010836UWDL,income,1339.90,2025-01-08,加班,津贴
20251022JP9SCD,income,3002.30,2025-10-22,报销,工资
20250113Q9IKL1,income,261.07,2025-01-13,报销,奖金
202509159UOWVW,income,1262.57,2025-09-15,学习,工资
20250923UKAM5N,income,8784.81,2025-09-23,生活费,工资
20250223UA3RDP,income,6958.43,2025-02-23,加班,津贴
202510254D7QHM,income,3405.11,2025-10-25,正常,奖金
20250618YFNS9L,income,4133.16,2025-06-18,差旅,奖金
2025101574AVCI,income,2329.20,2025-10-15,正常,奖金
20250814I1R5X1,income,450.84,2025-08-14,正常,工资
20250909XOJ92P,income,4870.66,2025-09-09,购物,奖金
20251108OUZUNO,income,1754.03,2025-11-08,娱乐,工资
20250227B7DQBQ,income,2735.92,2025-02-27,差旅,工资
20250714TU2RC2,income,1614.20,2025-07-14,娱乐,奖金
20250202RV8TUI,income,7519.61,2025-02-02,学习,奖金
20250223D42EI8,income,6369.94,2025-02-23,购物,奖金
20250217EQ3P6U,income,5927.28,2025-02-17,正常,津贴
20250220ZSBIGN,income,2914.67,2025-02-20,正常,津贴
20250217XR48XY,income,9730.41,2025-02-17,学习,工资
20250627SO8Q8C,income,681.12,2025-06-27,报销,工资
20250525DMQNWQ,income,383.55,2025-05-25,生活费,奖金
202505227Q654K,income,2361.46,2025-05-22,差旅,津贴
2025082256XEUV,income,7521.77,2025-08-22,娱乐,工资
2025030386OT6N,income,7722.92,2025-03-03,学习,工资
20250428BA2B2G,income,7647.36,2025-04-28,生活费,津贴
20250802Y2EL29,income,3977.04,2025-08-02,报销,津贴
202511041XMJY4,income,4780.30,2025-11-04,补贴,工资
202512071R1119,income,3397.19,2025-12-07,正常,工资
20251209P3LKBK,income,9226.36,2025-12-09,购物,奖金
20251214DC09QT,income,4831.12,2025-12-14,生活费,津贴
20250208N2WN0N,income,648.54,2025-02-08,生活费,工资
20250714VIJHX1,income,8070.76,2025-07-14,购物,奖金
20250325LE62BJ,income,941.51,2025-03-25,生活费,工资
20250926YJ0E9C,income,9878.12,2025-09-26,正常,津贴
20250708KQRB92,income,5352.29,2025-07-08,加班,工资
20250503L3HHRX,income,4836.37,2025-05-03,学习,奖金
2025080697PBH4,income,3677.16,2025-08-06,生活费,奖金
20250319JH61O2,income,9407.69,2025-03-19,学习,工资
20250609IR1AEV,income,4214.88,2025-06-09,报销,津贴
20250402Q02MUQ,income,8478.04,2025-04-02,正常,津贴
202511226CZFLD,income,3724.81,2025-11-22,购物,奖金
20250617VRD263,income,8041.85,2025-06-17,补贴,工资
20251211VWSBB8,income,9625.38,2025-12-11,外卖,奖金
202512115ZLN5U,income,2734.16,2025-12-11,报销,工资
20250304P6NGRU,income,9412.61,2025-03-04,生活费,工资
20250608IWKYVM,income,2138.93,2025-06-08,外卖,工资
20250119H220KJ,income,3247.61,2025-01-19,生活费,工资
202507218CKVQI,income,2040.29,2025-07-21,购物,奖金
20250928F3Q7JB,income,680.71,2025-09-28,加班,奖金
20250401AKK8AZ,income,7970.57,2025-04-01,补贴,工资
20251118FR93UC,income,2211.92,2025-11-18,补贴,工资
20250511H89GCA,income,9755.00,2025-05-11,外卖,津贴
20251006FJXAIV,income,7225.93,2025-10-06,购物,工资
20250804431Z4Y,income,8477.76,2025-08-04,娱乐,津贴
202501103NZ0PO,income,6631.32,2025-01-10,生活费,津贴
20251028BB42NG,income,4125.37,2025-10-28,娱乐,奖金
20250110UODNTV,income,893.02,2025-01-10,正常,奖金
202501011GDUHH,income,4336.97,2025-01-01,补贴,津贴
20250502LV0DVG,income,41.17,2025-05-02,正常,工资
20250713MPRXX4,income,3873.56,2025-07-13,报销,工资
20250303IIR7IW,income,4728.64,2025-03-03,生活费,工资
20250915BJZ9WV,income,58.19,2025-09-15,正常,奖金
202510101CTKRQ,income,3329.04,2025-10-10,学习,工资
20250109EKI91B,income,7683.33,2025-01-09,购物,奖金
202506155BS3DE,income,70.59,2025-06-15,正常,奖金
20251015NKI0Y9,income,7843.71,2025-10-15,正常,津贴
20251211TNMPU7,income,3999.40,2025-12-11,差旅,津贴
20250302N78EEY,income,2249.28,2025-03-02,报销,工资
20250424BSH38X,income,2557.01,2025-04-24,学习,奖金
20251116CUEFCV,income,3566.49,2025-11-16,加班,工资
20250825WNE9AU,income,4128.08,2025-08-25,正常,奖金
202507098RTO7V,income,6147.47,2025-07-09,补贴,工资
20250518N65HTV,income,4014.93,2025-05-18,生活费,工资
202506085YS7T5,income,7530.36,2025-06-08,加班,奖金
20250907MM3O6T,income,4297.65,2025-09-07,生活费,工资
202502251VDUGZ,income,9754.24,2025-02-25,补贴,奖金
20250111VCVUN8,income,4435.61,2025-01-11,加班,津贴
202512020OX9YI,income,2555.35,2025-12-02,报销,奖金
20251028ZNMIG2,income,7705.26,2025-10-28,补贴,工资
20250917HV9FQY,income,2355.36,2025-09-17,补贴,工资
202511219L07AY,income,4433.24,2025-11-21,娱乐,津贴
20250917NTTWGW,income,3556.45,2025-09-17,加班,奖金
20250615E3GOZ7,income,3913.67,2025-06-15,娱乐,津贴
20251005C6WVPF,income,155.39,2025-10-05,加班,工资
20251212FGWR8Q,income,1349.81,2025-12-12,差旅,津贴
20250115LV7BU8,income,1455.70,2025-01-15,补贴,工资
20250326R84IYO,income,3421.22,2025-03-26,差旅,奖金
202501127RR4F4,income,8795.53,2025-01-12,学习,工资
20251117KPJCQR,income,3802.67,2025-11-17,购物,奖金
20250125TGUASD,income,1489.92,2025-01-25,报销,奖金
20250413D46UXT,income,1811.41,2025-04-13,加班,津贴
20251211Z0X4UU,income,4709.59,2025-12-11,加班,奖金
20250711GOX0MK,income,1952.31,2025-07-11,差旅,奖金
20251228BXN9UD,income,9034.92,2025-12-28,报销,奖金
20250522SPZ4LF,income,8226.55,2025-05-22,补贴,工资
20250418RYSWD7,income,8484.49,2025-04-18,补贴,津贴
20250126AAOD8T,income,9493.02,2025-01-26,差旅,工资
20250704YUU5LZ,income,3553.99,2025-07-04,购物,津贴
2025102604PLE2,income,2764.51,2025-10-26,学习,工资
202506286KHQP7,income,3518.11,2025-06-28,补贴,工资
20251107BCA8YL,income,4783.92,2025-11-07,差旅,奖金
20250209G0P49X,income,6731.26,2025-02-09,娱乐,津贴
20250821U1R630,income,683.65,2025-08-21,生活费,奖金
202507104EH1FQ,income,6291.73,2025-07-10,加班,津贴
20250313MSX5UN,income,9230.83,2025-03-13,补贴,工资
202505098OX3YB,income,3204.07,2025-05-09,外卖,津贴
202508081KD19P,income,1221.81,2025-08-08,补贴,工资
20250906XV4TIV,income,3406.43,2025-09-06,娱乐,奖金
20250204WFMEBF,income,7196.95,2025-02-04,差旅,工资
20250502U83X2Y,income,2002.98,2025-05-02,差旅,津贴
202502213L82HD,income,5098.55,2025-02-21,报销,津贴
20250520BBAM8Q,income,929.61,2025-05-20,娱乐,津贴
20250215HX9MJC,income,8143.79,2025-02-15,外卖,奖金
20250523QZHS8S,income,2199.45,2025-05-23,购物,工资
202507071NROY3,income,1412.10,2025-07-07,娱乐,工资
202511068GF2DV,income,6780.96,2025-11-06,外卖,工资
20250124A195LM,income,437.23,2025-01-24,补贴,津贴
202502025NAQHZ,income,8399.01,2025-02-02,补贴,津贴
202512135MBBY0,income,7908.01,2025-12-13,加班,津贴
202510270465TY,income,4758.25,2025-10-27,报销,津贴
20251222AZV77F,income,7669.77,2025-12-22,差旅,工资
20250414BD7SFJ,income,2828.16,2025-04-14,学习,奖金
20250211SEQ98X,income,5498.33,2025-02-11,加班,工资
20250102TK47AA,income,3536.94,2025-01-02,报销,工资
202510012GNB8C,income,1763.72,2025-10-01,差旅,津贴
20251101R6PDGH,income,4336.21,2025-11-01,生活费,奖金
202509078SQI7K,income,2732.98,2025-09-07,娱乐,津贴
20250814BWCRKN,income,5208.84,2025-08-14,加班,工资
20250308BIMQVZ,income,2027.70,2025-03-08,加班,奖金
2025031454QQZK,income,9106.92,2025-03-14,外卖,奖金
20250208YY4X2Q,income,4061.18,2025-02-08,差旅,奖金
20251012VRRUKY,income,3810.80,2025-10-12,加班,津贴
202506282GWG7G,income,5027.22,2025-06-28,加班,工资
20250102SK93UR,income,6933.12,2025-01-02,学习,工资
20250204MRP1WZ,income,7398.54,2025-02-04,加班,津贴
20250902U5NZJA,income,4111.82,2025-09-02,差旅,奖金
20250808HIE0GB,income,3405.19,2025-08-08,差旅,奖金
20251206HWERA2,income,4135.87,2025-12-06,娱乐,工资
20250916KXLLL4,income,4190.06,2025-09-16,外卖,工资
20250928ZEBPDB,income,6777.13,2025-09-28,报销,奖金
20251206WH7N49,income,9041.50,2025-12-06,差旅,工资
20250506K5CPAZ,income,9855.98,2025-05-06,生活费,工资
20250305B7DU6C,income,2805.40,2025-03-05,补贴,工资
20250114KCIKOA,income,7715.06,2025-01-14,差旅,工资
20250915NTMTA4,income,3413.89,2025-09-15,加班,津贴
20250405IL3J1Q,income,9965.79,2025-04-05,生活费,工资
202507039R1R6H,income,9523.65,2025-07-03,学习,工资
20250626D9DZ34,income,2044.09,2025-06-26,生活费,奖金
20251126UDOC41,income,87.76,2025-11-26,娱乐,津贴
202502144MRY98,income,7388.18,2025-02-14,外卖,津贴
20250328LSLZQ4,income,4284.32,2025-03-28,娱乐,津贴
202508283RVB7Y,income,1979.03,2025-08-28,补贴,津贴
202510208OTBWS,income,4703.42,2025-10-20,购物,津贴
20250223RZJJNQ,income,4737.13,2025-02-23,报销,奖金
20250217KOLIO4,income,142.74,2025-02-17,购物,奖金
2025042838HEHS,income,3491.31,2025-04-28,购物,津贴
20251007PCTU22,income,3777.03,2025-10-07,加班,奖金
20250115USZHD2,income,1611.28,2025-01-15,正常,工资
20250811NXUI78,income,9855.69,2025-08-11,外卖,工资
20250525W6LJVG,income,1408.31,2025-05-25,学习,奖金
20250219CHLP91,income,2008.56,2025-02-19,外卖,津贴
202506043Q7WU3,income,9636.42,2025-06-04,学习,奖金
20250113RCX8WA,income,7810.37,2025-01-13,差旅,工资
202511150XYOWN,income,7702.45,2025-11-15,补贴,奖金
20250226AZQBFC,income,6187.77,2025-02-26,购物,工资
20250617VPI2M8,income,2125.03,2025-06-17,娱乐,奖金
20251019DEQ7ON,income,2450.75,2025-10-19,生活费,奖金
20250713WQKWIE,income,2167.46,2025-07-13,报销,奖金
20251010T215FB,income,9386.84,2025-10-10,娱乐,奖金
20250623UYT60T,income,4005.25,2025-06-23,差旅,津贴
20250811STCBO9,income,4148.26,2025-08-11,娱乐,津贴
20250722W8FV4G,income,1116.62,2025-07-22,加班,工资
202501181BOYBY,income,6448.60,2025-01-18,购物,奖金
2025010633AH9I,income,2673.48,2025-01-06,学习,工资
20250313JNJQX5,income,5848.97,2025-03-13,差旅,工资
2025110639L1TM,income,3481.78,2025-11-06,学习,奖金
20250801D4WJGJ,income,5585.72,2025-08-01,生活费,津贴
202511288RC9Y2,income,7683.66,2025-11-28,加班,津贴
20250411DQDKLB,income,6583.84,2025-04-11,生活费,奖金
20250904GTHU9Y,income,6476.69,2025-09-04,生活费,奖金
20251217W3HV2G,income,3883.30,2025-12-17,差旅,津贴
20250519B8TFQW,income,2182.76,2025-05-19,娱乐,工资
20250403V14XWN,income,3220.11,2025-04-03,购物,津贴
20250312E4IKYM,income,5965.21,2025-03-12,报销,奖金
20250828JLZWHL,income,8824.73,2025-08-28,购物,工资
202511056B0KON,income,7935.39,2025-11-05,补贴,奖金
20250911346RRY,income,7742.02,2025-09-11,娱乐,奖金
20250813KTH2Q3,income,1694.04,2025-08-13,正常,津贴
20250228GHH1ZP,income,5193.80,2025-02-28,正常,工资
20251022FBL5U5,income,28.52,2025-10-22,娱乐,津贴
20250418946P1G,income,1867.84,2025-04-18,加班,奖金
202503193RW5YM,income,7563.64,2025-03-19,正常,奖金
20250515TNEOIO,income,4731.61,2025-05-15,学习,奖金
202504202L1WLR,income,8999.54,2025-04-20,差旅,津贴
202502277J1OG8,income,7516.57,2025-02-27,差旅,工资
20250501WLJLN0,income,4346.76,2025-05-01,正常,工资
20250202WG2WD2,income,9429.47,2025-02-02,学习,工资
20250320WYXEN1,income,9331.19,2025-03-20,差旅,奖金
20250413AKKEJY,income,959.60,2025-04-13,补贴,奖金
202511108YEIOX,income,3546.21,2025-11-10,学习,奖金
202504174S6WSY,income,6918.20,2025-04-17,正常,工资
2025102234YLVR,income,9132.47,2025-10-22,补贴,工资
2025050324QTGC,income,4854.74,2025-05-03,外卖,津贴
20250518CS0HVY,income,518.02,2025-05-18,购物,奖金
202511079CTK15,income,5385.76,2025-11-07,生活费,津贴
20250707BH3KE6,income,4633.50,2025-07-07,外卖,工资
20251220TZY7MY,income,7828.06,2025-12-20,差旅,津贴
202510215CT91L,income,5202.97,2025-10-21,学习,奖金
202507200AV1ZO,income,3171.26,2025-07-20,差旅,津贴
20250511LLO5H1,income,8508.50,2025-05-11,购物,奖金
20250414OW33L0,income,6047.35,2025-04-14,正常,津贴
20250625CE9N9T,income,8459.53,2025-06-25,补贴,津贴
202502108F6WEO,income,4499.27,2025-02-10,正常,奖金
20251228GZV6YE,income,2175.30,2025-12-28,报销,工资
20250418GNYGSN,income,1437.38,2025-04-18,学习,奖金
202507066JRO9W,income,3610.50,2025-07-06,外卖,工资
20250218ZLZRQZ,income,1023.02,2025-02-18,外卖,津贴
2025041618RUZ6,income,4551.50,2025-04-16,娱乐,津贴
20250508068P9K,income,7962.18,2025-05-08,生活费,奖金
202509252VSKGM,income,2032.64,2025-09-25,购物,工资
20250126IZFLRI,income,3116.35,2025-01-26,加班,奖金
20251021VO0OXI,income,1875.01,2025-10-21,加班,津贴
20250714576SSO,income,7567.95,2025-07-14,外卖,奖金
20250711ICDVEG,income,3754.57,2025-07-11,正常,工资
202508052N9EZP,income,5861.51,2025-08-05,娱乐,工资
20250907YF2GY4,income,140.22,2025-09-07,外卖,工资
20251220IVLF16,income,4683.84,2025-12-20,补贴,奖金
20251201ZDTBY3,income,845.43,2025-12-01,补贴,津贴
20250604H85QXO,income,5281.82,2025-06-04,差旅,奖金
20250711AC42MC,income,1062.17,2025-07-11,差旅,奖金
20250828ZQU0WG,income,3596.53,2025-08-28,加班,奖金
20250718M7JVJQ,income,6761.64,2025-07-18,正常,津贴
20251001PO9IEJ,income,4337.55,2025-10-01,外卖,津贴
202510170SWCTV,income,1068.95,2025-10-17,学习,津贴
20250409AWGCXU,income,3109.79,2025-04-09,外卖,津贴
20250921TNX487,income,3064.66,2025-09-21,报销,津贴
20250918BY107P,income,2670.03,2025-09-18,购物,津贴
20250509A3NRXY,income,9942.02,2025-05-09,加班,津贴
20250427N7MCI2,income,2760.83,2025-04-27,加班,工资
202506060I8E6R,income,7903.79,2025-06-06,补贴,津贴
20250609VIOC45,income,893.42,2025-06-09,差旅,奖金
20250911P4DGZI,income,9078.87,2025-09-11,学习,工资
20251025MIY719,income,764.79,2025-10-25,补贴,津贴
20251221SGCSO2,income,4890.31,2025-12-21,购物,奖金
2025080408YB9Q,income,1933.05,2025-08-04,购物,津贴
20250126ZWMGXD,income,8917.98,2025-01-26,生活费,工资
20250924379C42,income,3942.61,2025-09-24,加班,工资
20250416DXTJ1R,income,5379.26,2025-04-16,加班,工资
20250818OQHZEY,income,4693.62,2025-08-18,购物,工资
20250327M0CPY0,income,696.83,2025-03-27,加班,工资
20250308FJDMNP,income,8468.31,2025-03-08,差旅,工资
20251123CPVMOD,income,3578.27,2025-11-23,学习,工资
20250510MYWUXL,income,618.08,2025-05-10,生活费,津贴
20250109VQL7IG,income,2255.04,2025-01-09,加班,工资
202508059AI5Q3,income,1403.10,2025-08-05,学习,工资
20251102EI86DS,income,541.25,2025-11-02,差旅,奖金
20250809J7WG26,income,9990.56,2025-08-09,学习,奖金
20250120O73SOX,income,6243.16,2025-01-20,学习,津贴
20250508AUUX5E,income,5775.28,2025-05-08,报销,工资
20250904ULS0ZQ,income,5600.77,2025-09-04,补贴,工资
20251007PL7M98,income,6448.60,2025-10-07,娱乐,工资
20251019XTJL4V,income,9943.47,2025-10-19,学习,津贴
20250713HE2QM4,income,1641.55,2025-07-13,报销,奖金
20250120O8BAFT,income,739.17,2025-01-20,加班,工资
20250527S6LGG4,income,8474.23,2025-05-27,学习,工资
20250516GA48EP,income,918.56,2025-05-16,学习,奖金
20251024YX7LNM,income,5425.19,2025-10-24,加班,奖金
20250119ZUTM8B,income,34.33,2025-01-19,娱乐,奖金
20251107THZWUG,income,3900.95,2025-11-07,加班,奖金
20251023K20N9L,income,6042.67,2025-10-23,差旅,津贴
20250226J2JAVE,income,4181.44,2025-02-26,生活费,工资
20250722F1J5W3,income,9039.17,2025-07-22,外卖,奖金
20250128A2YYUT,income,109.99,2025-01-28,正常,津贴
20250120IR5PVF,income,7137.25,2025-01-20,差旅,工资
202510230YIWJW,income,4638.55,2025-10-23,娱乐,工资
202507115ZVVSS,income,3561.76,2025-07-11,加班,工资
20250208MUF4OL,income,1849.34,2025-02-08,差旅,津贴
20250924VW1QY1,income,2488.83,2025-09-24,学习,津贴
20250109QHCLYG,income,1777.21,2025-01-09,学习,工资
2025071173TFHH,income,2167.01,2025-07-11,学习,奖金
202507117LUWAZ,income,9162.19,2025-07-11,报销,津贴
202506196W28CI,income,3603.44,2025-06-19,外卖,津贴
20251217E7YEIU,income,1450.20,2025-12-17,加班,工资
20250716A3LN2I,income,2620.54,2025-07-16,加班,津贴
2025050851WS22,income,9122.55,2025-05-08,生活费,工资
2025032208IMBB,income,4033.47,2025-03-22,正常,奖金
20250707KH1Q3R,income,9856.66,2025-07-07,正常,工资
202501030Y2LKP,income,7107.04,2025-01-03,学习,奖金
20251122N9WT9J,income,5517.95,2025-11-22,生活费,工资
20250109TE055U,income,1036.87,2025-01-09,娱乐,津贴
202508088SOTLL,income,3863.32,2025-08-08,补贴,津贴
20250217EO57CD,income,9858.82,2025-02-17,报销,奖金
20250204BW5OKF,income,6130.64,2025-02-04,正常,奖金
20250420MTC8V4,income,3301.79,2025-04-20,生活费,津贴
20250727FKAOL6,income,7416.76,2025-07-27,外卖,津贴
2025120174ZT14,income,2490.62,2025-12-01,正常,奖金
202503116DBHJR,income,8178.33,2025-03-11,差旅,工资
20250812SPFGIJ,income,7402.78,2025-08-12,正常,工资
202509189E1N6I,income,889.00,2025-09-18,娱乐,工资
20250703GEIW0V,income,1571.30,2025-07-03,补贴,津贴
20250921PY8JSD,income,1238.65,2025-09-21,补贴,津贴
20250922WALCQ4,income,2306.97,2025-09-22,购物,津贴
20250228S82Y5H,income,6922.02,2025-02-28,补贴,津贴
202501136WNSKF,income,3107.85,2025-01-13,娱乐,津贴
2025050400I8GX,income,9091.63,2025-05-04,学习,津贴
20251213QNYLJ2,income,878.80,2025-12-13,补贴,奖金
20250809S0Y8KP,income,8725.26,2025-08-09,购物,津贴
20250720TMN07H,income,231.01,2025-07-20,外卖,工资
202509184R0AJ6,income,6584.53,2025-09-18,补贴,津贴
20250103KKMXFZ,income,7017.98,2025-01-03,娱乐,工资
20250218BROD54,income,1611.20,2025-02-18,报销,工资
20251018UHCJCX,income,7415.87,2025-10-18,外卖,工资
20250921WD9SVQ,income,493.30,2025-09-21,学习,奖金
20250711PJOVX7,income,488.83,2025-07-11,外卖,工资
202506091ZGU3G,income,252.68,2025-06-09,加班,工资
20251111FGFXWW,income,5477.55,2025-11-11,加班,工资
20251003C8QTC1,income,1701.17,2025-10-03,外卖,工资
202508233X0VAF,income,6649.08,2025-08-23,学习,津贴
20250801F860RS,income,3198.29,2025-08-01,报销,津贴
20251211WXNR7J,income,2077.70,2025-12-11,生活费,工资
20251014BYI3CK,income,4091.92,2025-10-14,娱乐,津贴
20250318FISAFX,income,9062.74,2025-03-18,正常,津贴
20251004LOCM9N,income,6595.39,2025-10-04,外卖,奖金
20250513DEOJ70,income,180.38,2025-05-13,补贴,津贴
20250211XGN4NR,income,9015.34,2025-02-11,娱乐,奖金
202501184ZUB7Y,income,9617.00,2025-01-18,学习,津贴
20251012BRXJ3V,income,2919.18,2025-10-12,加班,津贴
20251213VX3S5W,income,9323.70,2025-12-13,加班,工资
20250225YIS5N8,income,6040.54,2025-02-25,补贴,津贴
20250901SR0960,income,7592.77,2025-09-01,购物,工资
20250712UCX6K2,income,9662.81,2025-07-12,娱乐,津贴
20251025LZMWRT,income,5020.99,2025-10-25,生活费,工资
20251105WP9YUD,income,9514.62,2025-11-05,加班,工资
20250806SN7MQW,income,6961.88,2025-08-06,外卖,津贴
202509026D8JJE,income,2633.47,2025-09-02,购物,奖金
20250910Q0I005,income,1499.97,2025-09-10,正常,津贴
20251206892IXE,income,7040.97,2025-12-06,娱乐,津贴
202502110GIR08,income,3789.89,2025-02-11,外卖,津贴
2025120773T3OV,income,7424.06,2025-12-07,学习,奖金
20251215T4H85K,income,133.77,2025-12-15,正常,奖金
202507091BLA9L,income,5306.66,2025-07-09,购物,工资
20250411LKFCGI,income,8056.25,2025-04-11,差旅,津贴
20250607DLSP7S,income,9783.48,2025-06-07,正常,奖金
20250323HJXLQJ,income,9443.73,2025-03-23,报销,工资
20250414GEA345,income,4143.64,2025-04-14,外卖,奖金
20250808NZWSLD,income,4806.54,2025-08-08,外卖,奖金
202511122654LJ,income,6907.09,2025-11-12,加班,奖金
202501017WNNL2,income,9654.15,2025-01-01,外卖,奖金
20250212PI7MT2,income,8226.44,2025-02-12,补贴,津贴
20250909NGASI0,income,182.93,2025-09-09,正常,工资
20250803OQCHKC,income,8293.41,2025-08-03,购物,工资
202504266ERW4N,income,3482.95,2025-04-26,报销,津贴
20250622RYFT2P,income,959.39,2025-06-22,外卖,奖金
20250920IIFQB4,income,1457.87,2025-09-20,学习,奖金
20250908T7MNKW,income,6837.55,2025-09-08,外卖,津贴
20250908AJJH5X,income,6278.65,2025-09-08,购物,津贴
202503031MJ5QZ,income,2366.22,2025-03-03,娱乐,奖金
2025091665SKHL,income,3995.58,2025-09-16,娱乐,工资
202503132EUAOU,income,6679.91,2025-03-13,娱乐,工资
20250515ZJ4EDC,income,4697.32,2025-05-15,购物,工资
20250824ZIM9KY,income,93.05,2025-08-24,正常,奖金
202505065XD7MC,income,2207.22,2025-05-06,生活费,奖金
20251105D385WW,income,2256.34,2025-11-05,外卖,津贴
202502239G5ZIA,income,2413.15,2025-02-23,娱乐,奖金
20250218PCPP0R,income,2185.49,2025-02-18,补贴,工资
20250606TG9NAT,income,3013.72,2025-06-06,外卖,奖金
2025051658VX0F,income,671.77,2025-05-16,差旅,工资
20250918A738SS,income,694.87,2025-09-18,补贴,奖金
20250814XHBA32,income,4420.30,2025-08-14,娱乐,津贴
20251110LBAE1Y,income,4062.50,2025-11-10,娱乐,奖金
20250728PRR5C4,income,5455.66,2025-07-28,补贴,奖金
202507130TSHG3,income,4035.64,2025-07-13,报销,津贴
2025051451DW9B,income,8606.13,2025-05-14,报销,奖金
202506074W3GAA,income,5332.61,2025-06-07,差旅,津贴
20251224KE1FYD,income,6419.68,2025-12-24,补贴,工资
202512147NMYTK,income,9034.05,2025-12-14,补贴,工资
2025030709D2NC,income,5695.56,2025-03-07,娱乐,奖金
2025041079MU9S,income,5182.11,2025-04-10,差旅,奖金
20251003RJ948O,income,455.10,2025-10-03,生活费,津贴
20250722TXUIEY,income,4014.75,2025-07-22,补贴,津贴
20250326K3YQGW,income,3194.38,2025-03-26,购物,津贴
20250520ZPMH8D,income,4105.72,2025-05-20,娱乐,奖金
20250108RIRIPH,income,6772.93,2025-01-08,外卖,奖金
20250919RAPQ1K,income,9643.47,2025-09-19,生活费,奖金
20250217YX4NUD,income,6235.28,2025-02-17,学习,工资
20251015DQ3YH9,income,8991.38,2025-10-15,报销,津贴
202510154H55AX,income,699.31,2025-10-15,学习,津贴
20250225F5EYGA,income,839.16,2025-02-25,学习,津贴
202507205BL8YE,income,2487.56,2025-07-20,学习,工资
20250526TD7T4E,income,4674.37,2025-05-26,学习,津贴
20250225UT3JVJ,income,3271.73,2025-02-25,正常,奖金
20251212L0PKVT,income,3202.90,2025-12-12,购物,津贴
20251113XN34BJ,income,3713.17,2025-11-13,正常,工资
20250508QYGMTX,income,879.71,2025-05-08,生活费,工资
20250122B97T5N,income,4318.39,2025-01-22,外卖,津贴
202507030IZZPZ,income,9685.23,2025-07-03,正常,工资
20250826GQ9NFZ,income,8322.53,2025-08-26,生活费,工资
202512151YFRB0,income,9695.01,2025-12-15,外卖,工资
20250805NXB4II,income,3567.59,2025-08-05,娱乐,津贴
20250313B0M035,income,9477.45,2025-03-13,生活费,工资
20250407LDER5I,income,1503.96,2025-04-07,娱乐,奖金
202508053G6FI1,income,9376.69,2025-08-05,报销,奖金
20251121VRMHDM,income,3171.35,2025-11-21,报销,奖金
202510185X38LX,income,7104.41,2025-10-18,购物,津贴
20251201Q6A8WA,income,8725.35,2025-12-01,差旅,工资
20251124DR7QNI,income,8303.03,2025-11-24,学习,津贴
20250828AF9U3C,income,9535.72,2025-08-28,正常,津贴
20251104QJ27FM,income,1709.33,2025-11-04,加班,工资
20250127O2WOG6,income,6286.78,2025-01-27,学习,奖金
20250312JLSEN0,income,655.49,2025-03-12,学习,奖金
20250722YSQ4NY,income,5487.60,2025-07-22,娱乐,奖金
202507256QZ519,income,5278.06,2025-07-25,补贴,工资
20250722INME0F,income,4461.06,2025-07-22,娱乐,奖金
20250307EWI6XS,income,5057.28,2025-03-07,差旅,工资
20250909Q4CT40,income,6828.49,2025-09-09,学习,工资
20251107KJ1W0Q,income,6368.10,2025-11-07,报销,津贴
20250208B7TBIE,income,2476.92,2025-02-08,生活费,工资
20250615SZZ0NR,income,5886.49,2025-06-15,差旅,津贴
20250606D5CWPZ,income,6357.12,2025-06-06,娱乐,工资
20250417YIOWLC,income,1896.69,2025-04-17,娱乐,津贴
2025121654QLVS,income,4804.81,2025-12-16,购物,津贴
20251106M354LK,income,5735.21,2025-11-06,购物,奖金
202507051G64LX,income,1992.11,2025-07-05,差旅,奖金
20250303HP6SY2,income,935.32,2025-03-03,加班,工资
20250615S80284,income,9139.60,2025-06-15,加班,津贴
20250411RT4SNV,income,3866.82,2025-04-11,加班,工资
20250911I5T64T,income,9624.16,2025-09-11,报销,津贴
20251005H7CQPF,income,3285.81,2025-10-05,补贴,工资
20251110FU7GR8,income,7686.80,2025-11-10,生活费,奖金
20250404W5KC47,income,4814.60,2025-04-04,差旅,工资
20250410RZ9KH6,income,3383.65,2025-04-10,外卖,工资
20250114PDZOD6,income,9768.62,2025-01-14,正常,津贴
20251218S7VR93,income,7824.44,2025-12-18,差旅,工资
20251113ZCRI4N,income,8132.13,2025-11-13,差旅,奖金
20251005ASV5DM,income,9948.91,2025-10-05,生活费,奖金
202507213AA3HH,income,9501.71,2025-07-21,加班,津贴
20250313AVHZVM,income,8671.70,2025-03-13,差旅,奖金
20251118P9H7CV,income,7078.18,2025-11-18,补贴,奖金
20251004J0P3CH,income,3692.36,2025-10-04,购物,奖金
20251105VREJ1B,income,5371.99,2025-11-05,加班,工资
2025040477PSB4,income,1516.62,2025-04-04,购物,奖金
20250215PFPRPL,income,8731.16,2025-02-15,生活费,奖金
20250221XA6E2K,income,2293.81,2025-02-21,正常,奖金
202504199UP3WQ,income,966.36,2025-04-19,学习,奖金
2025080344V1GW,income,1130.28,2025-08-03,学习,奖金
202501030M35O7,income,5536.13,2025-01-03,购物,津贴
20250626NZXZ1Z,income,7804.89,2025-06-26,学习,工资
20250613UV905Z,income,6008.13,2025-06-13,外卖,工资
2025060653NJ7B,income,8725.61,2025-06-06,外卖,津贴
20250115R9JJB5,income,7518.61,2025-01-15,购物,奖金
20251224OMRXQB,income,5669.76,2025-12-24,外卖,工资
202511206UMLLU,income,8937.82,2025-11-20,娱乐,工资
20250801XU5ZZ2,income,4035.91,2025-08-01,娱乐,津贴
20250917YR02D0,income,4489.50,2025-09-17,购物,津贴
20251020O6KH5U,income,9145.89,2025-10-20,差旅,津贴
202508223AODU3,income,1367.00,2025-08-22,加班,工资
202509151MZLYD,income,1908.13,2025-09-15,补贴,工资
20250610HKR5KB,income,7246.25,2025-06-10,正常,津贴
20250727KKDZZ9,income,8448.54,2025-07-27,补贴,工资
20250507OPUQA0,income,269.86,2025-05-07,学习,津贴
20250601J9XNPJ,income,9541.29,2025-06-01,报销,工资
20250322BQQPZ5,income,7075.71,2025-03-22,外卖,奖金
20250706VYKZUN,income,9000.75,2025-07-06,补贴,工资
20250518VW2653,income,2958.02,2025-05-18,娱乐,津贴
20250402FJG35X,income,9719.83,2025-04-02,学习,奖金
202506014KLKQX,income,4297.26,2025-06-01,学习,工资
20250306R4808T,income,4842.79,2025-03-06,报销,奖金
20250807O1H6KU,income,6121.03,2025-08-07,娱乐,津贴
202509151CLV0M,income,2379.56,2025-09-15,差旅,工资
202502286TTYTE,income,6156.98,2025-02-28,差旅,津贴
20251003K7FFU5,income,4970.12,2025-10-03,娱乐,工资
20251225264OPL,income,4405.21,2025-12-25,生活费,工资
20250323L9PWKS,income,4104.36,2025-03-23,购物,津贴
20250303TNV2KK,income,7039.85,2025-03-03,补贴,奖金
20250415PGUD1C,income,742.74,2025-04-15,学习,奖金
20250604B2YMT8,income,5957.05,2025-06-04,补贴,工资
20250919QB6MJH,income,7762.36,2025-09-19,报销,工资
20250227GW3CUY,income,4435.35,2025-02-27,正常,津贴
202510144LQLSP,income,7461.21,2025-10-14,正常,奖金
20251114COMOPJ,income,6484.34,2025-11-14,加班,工资
20250201664MEE,income,9908.33,2025-02-01,补贴,津贴
2025110348B6EB,income,6064.11,2025-11-03,加班,奖金
202503101RG8R8,income,9400.24,2025-03-10,娱乐,津贴
20250701ZN75RB,income,6281.14,2025-07-01,差旅,工资
20250927SLDR61,income,9748.00,2025-09-27,补贴,奖金
20251010SBNW10,income,7897.60,2025-10-10,补贴,工资
20251108FTOPZQ,income,3003.64,2025-11-08,正常,工资
2025092650BDN8,income,8483.23,2025-09-26,购物,工资
2025081683K511,income,788.21,2025-08-16,娱乐,奖金
20250318HQK8CW,income,7403.14,2025-03-18,正常,奖金
20250807ZVXJ40,income,2372.55,2025-08-07,娱乐,津贴
20250622Z61FD9,income,3084.83,2025-06-22,加班,奖金
20250905584OPU,income,9550.85,2025-09-05,生活费,津贴
20250601POSLDH,income,2957.52,2025-06-01,学习,奖金
20251210QITM7R,income,1601.38,2025-12-10,差旅,奖金
202506284V2K3E,income,2568.17,2025-06-28,生活费,奖金
202508086AUZ8J,income,4438.16,2025-08-08,报销,津贴
2025042263595Z,income,2224.72,2025-04-22,正常,奖金
20250225NLWLSZ,income,44.88,2025-02-25,差旅,奖金
20250703A2RUD3,income,9957.54,2025-07-03,正常,津贴
20250426S9E5YD,income,4842.32,2025-04-26,补贴,工资
20250407QT3ICU,income,9054.63,2025-04-07,生活费,奖金
20250502OQDZ9Y,income,2393.52,2025-05-02,补贴,工资
20250303Q3XRX1,income,907.02,2025-03-03,报销,津贴
20250711ALIVDX,income,7459.88,2025-07-11,差旅,奖金
20250407O14GME,income,4974.42,2025-04-07,外卖,工资
202503248CSVUV,income,8741.76,2025-03-24,学习,奖金
20250107D44N0A,income,7132.49,2025-01-07,补贴,奖金
20250620VEVS6F,income,4900.50,2025-06-20,购物,津贴
20251104QX5U10,income,7565.82,2025-11-04,加班,工资
20250410WNPLB3,income,3799.89,2025-04-10,差旅,津贴
202512147L2Y0M,income,8516.87,2025-12-14,差旅,工资
20250602X2ATNQ,income,9049.99,2025-06-02,报销,奖金
20250821Q15AL4,income,4484.21,2025-08-21,学习,津贴
20250516Q6ASQ1,income,3377.01,2025-05-16,差旅,津贴
20250917CYSDUT,income,73.12,2025-09-17,学习,奖金
20250224N5ZC8E,income,2824.99,2025-02-24,报销,工资
202502156GTAZH,income,8951.52,2025-02-15,购物,工资
20250722WBKG13,income,5214.58,2025-07-22,差旅,工资
202504140E9QOB,income,826.90,2025-04-14,补贴,奖金
20251112RW9X0O,income,5794.98,2025-11-12,购物,津贴
20250710OAYODK,income,8995.44,2025-07-10,补贴,津贴
202510270PQ938,income,9076.53,2025-10-27,加班,工资
20250301KHJKF7,income,7026.55,2025-03-01,生活费,工资
20251227UQE5JR,income,2178.58,2025-12-27,学习,津贴
20250404F4WKLI,income,8157.70,2025-04-04,补贴,津贴
20250710SX0SP5,income,5539.88,2025-07-10,加班,工资
202508176W3QNB,income,3349.44,2025-08-17,学习,津贴
20250808BHTKAU,income,2202.18,2025-08-08,外卖,工资
20251216VJZDDG,income,9673.19,2025-12-16,学习,工资
20250717DIY9WT,income,659.24,2025-07-17,外卖,奖金
20251122XVW5SB,income,5425.97,2025-11-22,购物,奖金
20251115RC87O7,income,2203.73,2025-11-15,娱乐,工资
20251019MA6XC7,income,4687.41,2025-10-19,娱乐,奖金
20250521QQ1P41,income,6488.65,2025-05-21,差旅,工资
20250607EZ69QG,income,4252.38,2025-06-07,正常,工资
20250213SA7TBP,income,6381.18,2025-02-13,加班,津贴
20250724F2HS81,income,7174.32,2025-07-24,外卖,工资
20250118YAGC0W,income,9695.70,2025-01-18,报销,工资
20250525ADYH4E,income,7291.40,2025-05-25,学习,工资
20251106OUOBP5,income,6993.87,2025-11-06,购物,工资
20250218JDE9XX,income,5420.30,2025-02-18,差旅,津贴
202512106MV4I2,income,4145.54,2025-12-10,学习,津贴
202507018542P7,income,3767.67,2025-07-01,补贴,工资
20250220RVWQDR,income,261.39,2025-02-20,外卖,奖金
20250903F3KKVG,income,8585.97,2025-09-03,正常,工资
20250101AZXFC5,income,9182.86,2025-01-01,娱乐,津贴
20250727IT2SXD,income,1592.54,2025-07-27,正常,奖金
20251122ZOZIM7,income,1071.44,2025-11-22,正常,津贴
20250105M8A4YE,income,4098.69,2025-01-05,正常,奖金
20250409DD3KFR,income,2178.72,2025-04-09,加班,奖金
202504243IKUNK,income,1869.99,2025-04-24,购物,津贴
20251108ZP3J70,income,9951.01,2025-11-08,正常,津贴
20250604A3KOMH,income,4771.95,2025-06-04,学习,奖金
20250326CE2Y8W,income,7090.26,2025-03-26,生活费,工资
202510182NVYI2,income,369.25,2025-10-18,生活费,工资
202511020XTINS,income,1296.49,2025-11-02,补贴,工资
20250116YM5J8H,income,6291.89,2025-01-16,正常,工资
20251217GR4HOU,income,237.34,2025-12-17,购物,工资
20250409YLDVWB,income,6582.49,2025-04-09,购物,奖金
20250121NGMBVE,income,9318.51,2025-01-21,外卖,津贴
202512025IJYJC,income,8099.03,2025-12-02,购物,津贴
20250220PI4Q8V,income,798.77,2025-02-20,加班,工资
20250424RH1HL5,income,1788.66,2025-04-24,补贴,工资
20250718YI7J3W,income,7360.29,2025-07-18,正常,津贴
20250719SOZL45,income,6525.44,2025-07-19,补贴,工资
20250427UQDPDM,income,3480.29,2025-04-27,学习,津贴
20251127CC53UF,income,8745.13,2025-11-27,补贴,津贴
20250121FHWSKU,income,4341.19,2025-01-21,生活费,津贴
202506211WRYEK,income,6983.68,2025-06-21,加班,津贴
20250403XU0R0T,income,5495.11,2025-04-03,加班,奖金
20250321EMV7I2,income,1617.90,2025-03-21,补贴,工资
202508020K47Z3,income,7449.29,2025-08-02,报销,工资
20250412KP1ZCJ,income,5520.96,2025-04-12,外卖,工资
202510217HG1E9,income,2452.38,2025-10-21,娱乐,津贴
202511186LR9BF,income,2958.02,2025-11-18,正常,奖金
20250705BCD9QV,income,7368.77,2025-07-05,学习,奖金
2025041720JS0L,income,2833.46,2025-04-17,学习,津贴
20250818R5D7CR,income,7536.55,2025-08-18,生活费,津贴
20250704JXPHDK,income,1607.56,2025-07-04,学习,津贴
20250905CMDNH3,income,3865.51,2025-09-05,学习,工资
20250727ZTN387,income,3211.90,2025-07-27,加班,奖金
202512113JWX9T,income,6390.47,2025-12-11,补贴,津贴
20250120XD6ERU,income,476.72,2025-01-20,正常,津贴
20250219BSA382,income,2779.59,2025-02-19,加班,工资
20250817IVUNVS,income,4558.07,2025-08-17,正常,工资
20250104QI9GB6,income,2395.36,2025-01-04,加班,津贴
20251026XTJSEA,income,7287.67,2025-10-26,报销,津贴
20250215ONQL7F,income,8873.23,2025-02-15,差旅,津贴
20250125EOGQ6J,income,1215.49,2025-01-25,生活费,工资
20250320OUFKF5,income,4641.17,2025-03-20,加班,津贴
20250403XK46PB,income,1947.90,2025-04-03,生活费,工资
20250912UIIY52,income,5832.55,2025-09-12,生活费,奖金
202504096TDQ2I,income,3855.97,2025-04-09,正常,奖金
202511188EDFKZ,income,718.78,2025-11-18,加班,工资
202503208UB18K,income,3719.15,2025-03-20,报销,奖金
20250603RNG5YK,income,1878.19,2025-06-03,正常,奖金
20250615QQ4PP5,income,7273.12,2025-06-15,报销,奖金
20250909G3I9Y9,income,9320.26,2025-09-09,购物,奖金
20251221CKRI3K,income,9474.16,2025-12-21,加班,工资
202501066854YC,income,6012.69,2025-01-06,娱乐,津贴
20250407BAASKH,income,5411.57,2025-04-07,报销,工资
20250219YLUMY0,income,3099.29,2025-02-19,学习,奖金
20250508Q13WHA,income,4239.76,2025-05-08,娱乐,奖金
20250504U34MIQ,income,3788.90,2025-05-04,外卖,津贴
20250219T14QS3,income,9306.27,2025-02-19,补贴,奖金
20250224TZOD7T,income,3855.79,2025-02-24,差旅,津贴
20251209GYRQ81,income,5833.76,2025-12-09,生活费,工资
20250810QOTRYT,income,2370.93,2025-08-10,学习,奖金
20250725IW7UJC,income,5993.00,2025-07-25,补贴,工资
20251210XP9TYL,income,1766.92,2025-12-10,生活费,奖金
20251204380KL2,income,918.40,2025-12-04,购物,津贴
20250214NJNFMA,income,8645.48,2025-02-14,娱乐,工资
20250822O98X7M,income,8834.29,2025-08-22,加班,津贴
202510045HT84Y,income,3290.58,2025-10-04,加班,津贴
202503127IFI2Y,income,5799.20,2025-03-12,外卖,奖金
202506197MZT7Q,income,3877.22,2025-06-19,学习,奖金
202502047YM1TG,income,8658.52,2025-02-04,补贴,工资
202506197Y6TMW,income,9602.70,2025-06-19,购物,津贴
202511207L8LPR,income,8052.24,2025-11-20,学习,津贴
20250209OP5T3U,income,8349.39,2025-02-09,外卖,工资
20250814QMSHY7,income,256.34,2025-08-14,购物,奖金
202508158P73HR,income,4588.00,2025-08-15,报销,奖金
20250128RJJFMP,income,9235.97,2025-01-28,外卖,奖金
20250608W6QU4L,income,3985.88,2025-06-08,生活费,奖金
20251016A0RC7I,income,3948.87,2025-10-16,外卖,津贴
20250605ZWNM7V,income,3795.63,2025-06-05,差旅,奖金
2025060304FNCH,income,1953.47,2025-06-03,差旅,津贴
20250924VHHLTJ,income,9776.52,2025-09-24,生活费,奖金
202509012066NP,income,3378.34,2025-09-01,差旅,工资
20250818DA6UUX,income,3817.63,2025-08-18,加班,工资
20250321LJPI4Q,income,9078.65,2025-03-21,加班,奖金
202505251IFRWA,income,4481.34,2025-05-25,娱乐,奖金
20250906NX4RIS,income,5463.83,2025-09-06,学习,津贴
20251015LGOYMG,income,2988.63,2025-10-15,报销,津贴
202509147Y0XB8,income,5700.56,2025-09-14,补贴,工资
20250303QQQNHC,income,57.25,2025-03-03,正常,津贴
20250602GMU8QX,income,9946.18,2025-06-02,娱乐,工资
20250122RRG1V5,income,9203.96,2025-01-22,差旅,津贴
20251019FBDW8W,income,7447.09,2025-10-19,生活费,奖金
20251210UPN58O,income,7650.15,2025-12-10,正常,津贴
20250128QMLGV5,income,659.51,2025-01-28,生活费,津贴
20251014IENJ6C,income,3009.77,2025-10-14,正常,津贴
20250622L7QOB3,income,2884.27,2025-06-22,娱乐,工资
202508098BI03E,income,1027.47,2025-08-09,补贴,工资
20250126NS1HJE,income,4326.45,2025-01-26,补贴,津贴
20251010ZBYFQC,income,4432.93,2025-10-10,学习,工资
20251102OEDPXM,income,4973.35,2025-11-02,学习,津贴
20250625OW15LD,income,7294.24,2025-06-25,学习,津贴
20250215D61ISO,income,5952.75,2025-02-15,学习,津贴
20250901GZNMER,income,4837.04,2025-09-01,报销,工资
20250213NG1CRW,income,2842.52,2025-02-13,娱乐,奖金
20250921T0SOMR,income,2443.48,2025-09-21,外卖,奖金
202510285BF067,income,6598.80,2025-10-28,生活费,工资
20250401WUL14F,income,3681.11,2025-04-01,外卖,工资
20251211E1YTMY,income,6511.52,2025-12-11,购物,工资
20250314Z1SHDI,income,4992.03,2025-03-14,娱乐,津贴
20250305BD9MNI,income,5419.23,2025-03-05,购物,奖金
2025040743VKIV,income,892.28,2025-04-07,差旅,工资
20250625X3FP31,income,5803.54,2025-06-25,娱乐,津贴
20250108W4NX9K,income,1260.90,2025-01-08,正常,津贴
20250719BR09WG,income,5178.04,2025-07-19,加班,工资
20250911UMS6ZF,income,3786.44,2025-09-11,娱乐,奖金
202507252O06JN,income,9078.58,2025-07-25,差旅,工资
202505141TPD2F,income,7493.25,2025-05-14,加班,津贴
20250513JG4T8R,income,6582.01,2025-05-13,生活费,奖金
20250803A1GXHL,income,5689.42,2025-08-03,生活费,津贴
20250614L8WNBJ,income,6753.80,2025-06-14,外卖,工资
202508166FZYKI,income,976.66,2025-08-16,生活费,津贴
20250226P51IF5,income,5520.79,2025-02-26,补贴,津贴
2025090830CU9I,income,1440.69,2025-09-08,报销,津贴
2025010893ESFH,income,3609.50,2025-01-08,加班,工资
20250102AH7BFU,income,3561.04,2025-01-02,差旅,津贴
202506138KV858,income,2479.59,2025-06-13,娱乐,奖金
20250322UL1YWN,income,6320.30,2025-03-22,购物,津贴
20250111WRLRPX,income,6738.22,2025-01-11,娱乐,奖金
20250909AN55U7,income,2181.81,2025-09-09,差旅,奖金
20250406T0RD9G,income,8584.30,2025-04-06,生活费,工资
20251207DJIC0X,income,2501.76,2025-12-07,购物,工资
202507221OXSXU,income,5374.77,2025-07-22,补贴,津贴
20250220RAZ5VU,income,4229.44,2025-02-20,正常,工资
20250222CW5WAD,income,1831.98,2025-02-22,差旅,工资
20251002ECDBQ5,income,629.75,2025-10-02,购物,奖金
20250521B32238,income,6454.60,2025-05-21,生活费,津贴
202509236ZJZX4,income,6468.64,2025-09-23,购物,津贴
20250318M3JCTJ,income,7042.60,2025-03-18,外卖,津贴
20251023GKBD2W,income,6942.22,2025-10-23,报销,奖金
20250818DX0YK0,income,943.50,2025-08-18,报销,工资
202512106CBQF1,income,3910.57,2025-12-10,报销,奖金
2025080141YME5,income,8332.28,2025-08-01,差旅,津贴
20250304W7KWSH,income,7402.65,2025-03-04,生活费,奖金
20251201RNWH9L,income,8213.72,2025-12-01,加班,津贴
20250913KYFX76,income,7386.51,2025-09-13,正常,奖金
20250801LVZRW5,income,4174.20,2025-08-01,补贴,工资
20250816G2LZY7,income,9949.69,2025-08-16,差旅,奖金
20251214EACRKV,income,4818.14,2025-12-14,加班,工资
202505248LQ8YR,income,9192.34,2025-05-24,娱乐,工资
20250813Y5KJJZ,income,798.10,2025-08-13,购物,工资
20250803U4JJRQ,income,6643.52,2025-08-03,生活费,津贴
20250725SMMN2Y,income,358.23,2025-07-25,报销,奖金
2025062366QOPF,income,7123.49,2025-06-23,正常,奖金
202501031IS5YD,income,539.81,2025-01-03,正常,工资
20251222EALCB7,income,5606.82,2025-12-22,购物,津贴
20250112E8LZHL,income,5342.33,2025-01-12,报销,津贴
2025062100W0S2,income,8806.06,2025-06-21,差旅,津贴
20250618IKSRA8,income,557.61,2025-06-18,娱乐,奖金
20250605OYNKG2,income,7829.07,2025-06-05,加班,津贴
20250119S7NFTV,income,6400.23,2025-01-19,学习,工资
202511232C17VO,income,2649.88,2025-11-23,生活费,工资
202511038T7O37,income,2360.45,2025-11-03,生活费,津贴
20250827OXOJY1,income,3612.31,2025-08-27,娱乐,奖金
20250921HVBGDB,income,1308.47,2025-09-21,购物,津贴
202506177ITPPB,income,1931.42,2025-06-17,正常,工资
20250927G17NT3,income,4472.95,2025-09-27,学习,奖金
20250508ETKYGR,income,3329.09,2025-05-08,购物,工资
20250503UIM48F,income,3003.74,2025-05-03,学习,奖金
20250115KHVC1F,income,8904.18,2025-01-15,购物,工资
202504130IJX1O,income,1620.28,2025-04-13,学习,津贴
2025092863WAE5,income,804.41,2025-09-28,正常,奖金
20250926UPV1WI,income,1490.99,2025-09-26,正常,津贴
20250103M13PAM,income,6355.04,2025-01-03,外卖,工资
20251103QQLK5V,income,5214.58,2025-11-03,补贴,工资
202505177RYKT8,income,4844.31,2025-05-17,差旅,工资
20250724Q2XPFT,income,8335.33,2025-07-24,正常,奖金
20250820MOBNZB,income,2924.49,2025-08-20,加班,津贴
202505013WEIXQ,income,7713.13,2025-05-01,购物,奖金
20250924K8UJX6,income,960.14,2025-09-24,正常,工资
20250211VI9MD1,income,7673.00,2025-02-11,补贴,津贴
20250908CWHE9U,income,9946.21,2025-09-08,正常,奖金
20251122N6L6W0,income,4400.11,2025-11-22,加班,奖金
202502143G4F3G,income,906.38,2025-02-14,购物,津贴
20251111S05VQC,income,8242.69,2025-11-11,学习,奖金
202512159GNZZ8,income,5487.42,2025-12-15,娱乐,津贴
20250313YWY7OL,income,2715.00,2025-03-13,生活费,工资
2025051506WVXH,income,692.75,2025-05-15,外卖,津贴
202510025ERYAG,income,6151.52,2025-10-02,加班,工资
20250725PGJ4NY,income,9850.75,2025-07-25,购物,工资
20250524XPMMM9,income,1340.95,2025-05-24,加班,津贴
20250628FWT1KN,income,3485.85,2025-06-28,生活费,津贴
20250609GOM5HJ,income,205.00,2025-06-09,差旅,津贴
20250527WE630Q,income,6015.26,2025-05-27,补贴,津贴
202509015QN6OA,income,7509.12,2025-09-01,购物,工资
20251015VQJMC7,income,2259.10,2025-10-15,购物,工资
202511037BVTEG,income,9973.95,2025-11-03,补贴,津贴
20250608SIA2WA,income,928.10,2025-06-08,加班,津贴
20250723DD626I,income,5538.09,2025-07-23,购物,工资
202507051CDWXH,income,4282.76,2025-07-05,娱乐,工资
20251116B4EB4W,income,4343.72,2025-11-16,补贴,津贴
20250524UH33NO,income,2886.55,2025-05-24,加班,津贴
202511252JGGXI,income,3180.70,2025-11-25,生活费,工资
20251121UG6W2X,income,2242.32,2025-11-21,正常,奖金
20251126HXU9AC,income,6153.51,2025-11-26,学习,津贴
202510186H8PNV,income,5190.46,2025-10-18,报销,津贴
202506051AU0TH,income,7634.93,2025-06-05,差旅,津贴
20250510PTZZ5K,income,6084.68,2025-05-10,补贴,工资
20251126QEAHZR,income,2056.09,2025-11-26,学习,奖金
20250417PTP39C,income,127.66,2025-04-17,报销,工资
2025080807K0PU,income,7136.71,2025-08-08,报销,工资
202504167HR4FL,income,7539.23,2025-04-16,购物,津贴
20250514HKKPSD,income,2763.02,2025-05-14,加班,奖金
20250109QK8WWJ,income,7209.62,2025-01-09,加班,津贴
20251227H132K5,income,7803.01,2025-12-27,娱乐,津贴
20251112RH2RBW,income,8893.49,2025-11-12,正常,工资
20250327VJSSUD,income,6486.90,2025-03-27,加班,津贴
2025060557VF05,income,7303.81,2025-06-05,购物,奖金
20251207LJD54A,income,3602.81,2025-12-07,娱乐,津贴
20251228SWDJNE,income,3226.64,2025-12-28,生活费,津贴
20250515L9SK6D,income,3716.82,2025-05-15,娱乐,工资
202512032EODHH,income,5828.05,2025-12-03,补贴,津贴
2025070215PB8E,income,4365.43,2025-07-02,补贴,工资
20250123HMBHGX,income,7099.22,2025-01-23,正常,奖金
20251202BWID5C,income,2490.68,2025-12-02,加班,奖金
20250308HR9WDJ,income,4552.85,2025-03-08,补贴,工资
20250203C36GTI,income,2432.01,2025-02-03,外卖,津贴
20250319232L4Z,income,3675.01,2025-03-19,加班,工资
20250715X3V0O8,income,9033.15,2025-07-15,学习,奖金
20250228HNZGJY,income,1283.29,2025-02-28,外卖,奖金
20250405KU83M2,income,6391.00,2025-04-05,外卖,津贴
20250221I2GPZM,income,4608.42,2025-02-21,补贴,工资
20250219DE96D0,income,5643.48,2025-02-19,生活费,津贴
20250902CXI6YI,income,7663.81,2025-09-02,学习,津贴
202510215Y98QR,income,3417.29,2025-10-21,加班,奖金
202503262JX3PW,income,9641.84,2025-03-26,娱乐,津贴
20250224I3KZR7,income,8243.47,2025-02-24,娱乐,津贴
202511119O1LPW,income,9072.90,2025-11-11,报销,工资
20251223CLQFJS,income,4760.81,2025-12-23,报销,工资
202507220EE0CW,income,6047.98,2025-07-22,补贴,奖金
20250406VUC94B,income,1808.37,2025-04-06,外卖,工资
20251223XHMCKL,income,7894.65,2025-12-23,生活费,奖金
20250621KQ808J,income,1582.54,2025-06-21,补贴,工资
2025101252O114,income,2919.60,2025-10-12,外卖,津贴
20251012Y0W82E,income,8394.19,2025-10-12,生活费,津贴
202505168TB0RD,income,5416.18,2025-05-16,报销,奖金
202505018YY49L,income,3504.17,2025-05-01,外卖,津贴
20250919QCJW61,income,1149.47,2025-09-19,学习,奖金
20250801U6IAZ4,income,8498.74,2025-08-01,购物,津贴
20251208ABL803,income,1369.78,2025-12-08,正常,工资
20250117MWZS8P,income,830.54,2025-01-17,外卖,津贴
20250508CI1IJA,income,1897.70,2025-05-08,生活费,工资
20250514FONFHF,income,3572.82,2025-05-14,补贴,工资
20251026IXX36S,income,7078.18,2025-10-26,购物,津贴
20250405FUS2MH,income,8911.80,2025-04-05,补贴,奖金
20250621S18H3A,income,1037.20,2025-06-21,娱乐,工资
20250809XJ3QEW,income,9606.39,2025-08-09,报销,奖金
20250507B6GMOA,income,2948.79,2025-05-07,正常,津贴
202502145EE8V0,income,5848.82,2025-02-14,购物,工资
20250523AUSX6M,income,3315.69,2025-05-23,学习,奖金
20250818ZCU63J,income,7113.37,2025-08-18,外卖,工资
202502025QVRBU,income,7877.85,2025-02-02,生活费,工资
202512035QDWO8,income,5204.48,2025-12-03,补贴,工资
20250401P6G9HF,income,898.45,2025-04-01,外卖,奖金
202501135LUY3J,income,4694.28,2025-01-13,学习,工资
202505034M24UR,income,146.17,2025-05-03,外卖,工资
202504149F9KOO,income,9692.80,2025-04-14,报销,津贴
20250910KPJZIJ,income,7400.95,2025-09-10,生活费,奖金
20250617XG0YF0,income,1809.01,2025-06-17,加班,津贴
20250101GPISQR,income,9201.72,2025-01-01,补贴,津贴
20250503SC5986,income,4463.90,2025-05-03,正常,津贴
20251115J5TPUF,income,8768.64,2025-11-15,购物,津贴
20250621ZR9ZX4,income,9864.75,2025-06-21,娱乐,工资
20250522UK2HN9,income,8303.38,2025-05-22,报销,工资
202512220OJ5IK,income,5257.78,2025-12-22,学习,奖金
20251007PXK4TP,income,1500.14,2025-10-07,正常,奖金
20251112CWFKCA,income,2884.64,2025-11-12,外卖,奖金
20251021GBYVAL,income,5829.59,2025-10-21,生活费,工资
20250511LV36X0,income,8719.01,2025-05-11,正常,奖金
20250621CUV6KG,income,6730.02,2025-06-21,学习,津贴
20251011EUE825,income,1477.98,2025-10-11,娱乐,津贴
20250213H24K2C,income,3702.86,2025-02-13,差旅,奖金
20251220XM2X9J,income,8687.88,2025-12-20,补贴,津贴
20250416CV4LEW,income,5665.55,2025-04-16,生活费,工资
20250928K8W1BC,income,5336.46,2025-09-28,差旅,津贴
20250327IBFKVW,income,926.73,2025-03-27,学习,工资
202505131AXHL2,income,1571.38,2025-05-13,生活费,奖金
202502234I3M29,income,2308.18,2025-02-23,补贴,津贴
20250116ZC7JHQ,income,6034.73,2025-01-16,娱乐,津贴
20251108VN1OIQ,income,6595.83,2025-11-08,娱乐,奖金
20250501S4M3LS,income,414.89,2025-05-01,外卖,工资
20250618I00PBD,income,6444.36,2025-06-18,加班,津贴
20250228A97PSO,income,7781.87,2025-02-28,正常,奖金
20250725QHE0DN,income,4021.56,2025-07-25,正常,工资
2025030681ZUXO,income,4060.21,2025-03-06,外卖,工资
20250401FSXOC6,income,4529.80,2025-04-01,购物,津贴
20250606NOX4U1,income,2953.27,2025-06-06,学习,工资
20250505S5WEP9,income,2656.80,2025-05-05,正常,奖金
20250524IAV73O,income,9236.78,2025-05-24,学习,奖金
20250910HVKE6A,income,5920.23,2025-09-10,外卖,津贴
20251112IHRW3F,income,1619.27,2025-11-12,娱乐,工资
20250209ABRJS7,income,6856.04,2025-02-09,外卖,工资
20250107G0U0CD,income,1000.33,2025-01-07,补贴,工资
20250914HUC83H,income,5333.94,2025-09-14,差旅,津贴
20250102U6HYRY,income,1728.73,2025-01-02,差旅,津贴
20250128W8HGV9,income,8539.57,2025-01-28,外卖,奖金
202501040OQMO5,income,226.59,2025-01-04,加班,工资
20251110HGX1QT,income,1121.88,2025-11-10,生活费,奖金
202510074J08CC,income,3129.83,2025-10-07,娱乐,工资
20250627RN0DU7,income,2849.11,2025-06-27,外卖,奖金
20250402OZJU2G,income,1511.15,2025-04-02,外卖,奖金
202509188KK1MM,income,4387.69,2025-09-18,正常,工资
20251003IRGAEH,income,7568.80,2025-10-03,生活费,工资
20250108U9MDT6,income,6333.75,2025-01-08,加班,奖金
2025022089HTOP,income,3127.24,2025-02-20,加班,工资
20250108BO5MXX,income,6562.37,2025-01-08,娱乐,津贴
20250321DLCPZF,income,7263.74,2025-03-21,购物,奖金
20250102H14YJ7,income,9340.79,2025-01-02,差旅,工资
20250505V3JWHY,income,4729.29,2025-05-05,正常,奖金
20250708B8JGL7,income,2383.72,2025-07-08,加班,津贴
20251112PUHMSO,income,5054.10,2025-11-12,购物,工资
20250626VJ1FK2,income,2676.86,2025-06-26,加班,工资
20250701LB1BIU,income,1969.01,2025-07-01,购物,工资
2025090815J1S6,income,1334.64,2025-09-08,报销,奖金
202510044AEGIQ,income,6332.08,2025-10-04,购物,奖金
202512184XS9DQ,income,2212.08,2025-12-18,生活费,工资
20251017U72NKT,income,5181.03,2025-10-17,加班,津贴
202509083P8M1P,income,9180.87,2025-09-08,生活费,津贴
20250905Z4YG5P,income,6676.21,2025-09-05,加班,工资
20250504Q1N8VL,income,889.57,2025-05-04,加班,奖金
20250922LMSY23,income,5090.56,2025-09-22,生活费,津贴
20251202CO99PU,income,2497.94,2025-12-02,学习,奖金
20250614ZU4D7S,income,1224.07,2025-06-14,正常,奖金
20251207N4IIQ2,income,6566.50,2025-12-07,差旅,津贴
202512197X6RJD,income,642.44,2025-12-19,学习,奖金
20250201Y6PF2A,income,46.32,2025-02-01,娱乐,津贴
202501264SQAZD,income,9496.38,2025-01-26,娱乐,奖金
20250919F490KV,income,3721.26,2025-09-19,加班,奖金
20250126QH9KHA,income,8344.30,2025-01-26,补贴,奖金
202511133O6MJN,income,9895.73,2025-11-13,补贴,工资
20250212ERF6FA,income,426.78,2025-02-12,报销,工资
20250319U3G4RX,income,8395.93,2025-03-19,补贴,奖金
20250614TTG4QH,income,7961.86,2025-06-14,加班,工资
20250211FNW2PR,income,2777.44,2025-02-11,补贴,奖金
202510063BNWR7,income,3090.74,2025-10-06,补贴,工资
20250705DXMYGS,income,6895.31,2025-07-05,学习,奖金
20250809OMQI7E,income,1459.93,2025-08-09,生活费,津贴
20250924NAGLNW,income,7867.51,2025-09-24,外卖,工资
202502206IF7JV,income,6186.52,2025-02-20,报销,工资
20250318TIYNR8,income,8305.78,2025-03-18,差旅,津贴
20250302Q02MVE,income,2304.85,2025-03-02,加班,津贴
20250609YIM88A,income,3343.70,2025-06-09,差旅,工资
20250520O2N55M,income,1146.39,2025-05-20,报销,工资
20251214KR8J7B,income,4743.22,2025-12-14,报销,津贴
2025011037JNY6,income,4979.26,2025-01-10,报销,工资
20250619T333AG,income,8784.00,2025-06-19,报销,工资
20250603MRE6BJ,income,191.52,2025-06-03,外卖,奖金
20251225MHKD0S,income,386.55,2025-12-25,补贴,奖金
20250301GD6EN1,income,8904.35,2025-03-01,补贴,工资
20250103HPH6SZ,income,4676.74,2025-01-03,报销,津贴
20250803MQ4T7I,income,3430.78,2025-08-03,补贴,津贴
20251025LYRVC8,income,3484.11,2025-10-25,外卖,津贴
20250425LKO8WF,income,1190.51,2025-04-25,正常,工资
20251217YUEJ2G,income,4075.82,2025-12-17,生活费,奖金
202509025WDNZ1,income,4769.83,2025-09-02,学习,津贴
20251010ILVQ7J,income,5466.18,2025-10-10,差旅,津贴
202503209SBNRE,income,6591.81,2025-03-20,生活费,奖金
20250420A62NND,income,6557.22,2025-04-20,学习,工资
20250709URBUT9,income,5183.82,2025-07-09,正常,津贴
20250215G50HFV,income,7946.25,2025-02-15,报销,津贴
202504170BX9YG,income,7628.45,2025-04-17,学习,奖金
20250919JD6WMH,income,302.19,2025-09-19,报销,工资
202506251RWPL7,income,39.51,2025-06-25,娱乐,奖金
20251228HLAHZR,income,3685.00,2025-12-28,补贴,奖金
20250722U4VFES,income,1061.94,2025-07-22,报销,津贴
20250120I2Q2YM,income,2523.83,2025-01-20,外卖,工资
20250411KAOHBM,income,9628.47,2025-04-11,加班,津贴
20250203GDM2ER,income,188.97,2025-02-03,购物,工资
20250902ZA4PHZ,income,1894.47,2025-09-02,生活费,工资
20251027GUEZHL,income,8605.73,2025-10-27,正常,津贴
20250726C91HM9,income,4713.97,2025-07-26,外卖,工资
202509123W86FR,income,5533.39,2025-09-12,差旅,津贴
20250515QSRXTS,income,5465.66,2025-05-15,生活费,奖金
20250810MCMD8Q,income,340.44,2025-08-10,外卖,奖金
20250917TSNKOE,income,7892.06,2025-09-17,补贴,奖金
20251111AI55CB,income,6574.40,2025-11-11,差旅,津贴
20250903O88WWM,income,8066.64,2025-09-03,报销,奖金
20250117EQGKNH,income,3499.24,2025-01-17,正常,津贴
20250713JJSPLC,income,4814.15,2025-07-13,正常,奖金
202505172MTQGP,income,6383.72,2025-05-17,外卖,奖金
20250402F3EJ6N,income,1740.15,2025-04-02,正常,工资
20250318GGQKI8,income,921.73,2025-03-18,学习,津贴
20251204066LB5,income,464.71,2025-12-04,差旅,工资
20251104Y7CJFC,income,9930.92,2025-11-04,补贴,工资
2025102476ROU2,income,3775.31,2025-10-24,差旅,津贴
202507049NVTNO,income,7261.34,2025-07-04,差旅,工资
20250606AOMHLP,income,6062.54,2025-06-06,报销,津贴
20250426RY4Q96,income,3701.53,2025-04-26,购物,奖金
2025040606N26W,income,8316.79,2025-04-06,外卖,工资
20250127T2ZFZS,income,2192.04,2025-01-27,生活费,津贴
20250914U8OVXD,income,502.21,2025-09-14,报销,工资
20250705BTC9W3,income,9886.27,2025-07-05,外卖,津贴
20250605UVKPXF,income,8718.38,2025-06-05,学习,工资
20250108YLZJSJ,income,6901.25,2025-01-08,加班,工资
20250824SZV3F5,income,4256.16,2025-08-24,外卖,奖金
20250516PGDTMT,income,5436.18,2025-05-16,补贴,津贴
20250727C6NWGB,income,7818.91,2025-07-27,报销,奖金
20250621JJ8PSV,income,9194.23,2025-06-21,加班,津贴
20250723BART84,income,6030.94,2025-07-23,正常,工资
202501149USCFV,income,531.01,2025-01-14,差旅,奖金
20250512YFIW6W,income,5870.30,2025-05-12,学习,工资
20250209QYV9H9,income,2727.23,2025-02-09,外卖,津贴
20251202Z2ABDE,income,283.70,2025-12-02,加班,津贴
20250728NFN1Y6,income,8015.63,2025-07-28,娱乐,工资
20250209LQVP0M,income,4788.60,2025-02-09,娱乐,奖金
20250415RVOOHV,income,1453.62,2025-04-15,报销,奖金
20250714GE7LKA,income,5039.65,2025-07-14,补贴,工资
20250202YM7PVD,income,4918.61,2025-02-02,补贴,工资
20250513E0E3VL,income,1406.55,2025-05-13,购物,奖金
20251010354B73,income,7319.32,2025-10-10,生活费,津贴
20251013ZN2QXI,income,6728.05,2025-10-13,娱乐,奖金
20250623K5GI85,income,6026.87,2025-06-23,外卖,津贴
20251215W6DWMG,income,2522.77,2025-12-15,娱乐,津贴
202504121CQC2H,income,8971.40,2025-04-12,购物,奖金
202506075ZDNON,income,337.22,2025-06-07,生活费,津贴
202507137Q5XYB,income,195.99,2025-07-13,加班,津贴
20250416GIMKYF,income,1006.89,2025-04-16,学习,工资
20250822HZ0YR8,income,5607.78,2025-08-22,生活费,工资
20251203AULQ2V,income,5726.32,2025-12-03,娱乐,工资
20250213GH5UQC,income,199.49,2025-02-13,正常,奖金
20250517WWHOH1,income,6412.14,2025-05-17,差旅,津贴
20250417ACPPX0,income,5911.79,2025-04-17,正常,奖金
20250122XSMMBP,income,4716.35,2025-01-22,生活费,奖金
20250817ITAZA0,income,7412.66,2025-08-17,差旅,工资
202511138TCWM2,income,7661.44,2025-11-13,学习,津贴
20250810LNRBSZ,income,6845.40,2025-08-10,加班,奖金
20250413QIGZT6,income,132.44,2025-04-13,加班,工资
20251024CSHH8Z,income,1235.14,2025-10-24,报销,津贴
2025060140WCNH,income,4568.69,2025-06-01,加班,津贴
20250909RY3N81,income,5302.82,2025-09-09,购物,奖金
20250301UR19BS,income,8615.01,2025-03-01,补贴,工资
20250315THGZ1O,income,9621.31,2025-03-15,购物,工资
202508189EO2MV,income,5900.94,2025-08-18,差旅,工资
20250828B0LBQN,income,1786.13,2025-08-28,学习,奖金
202502214QS9MQ,income,7841.77,2025-02-21,学习,工资
20250921O0T6QW,income,2376.48,2025-09-21,学习,工资
20250728OAFCWZ,income,7792.68,2025-07-28,学习,工资
20250110459ZXL,income,7387.01,2025-01-10,外卖,工资
20250505B5FRBF,income,2681.95,2025-05-05,娱乐,奖金
20250403HQHV0W,income,4242.67,2025-04-03,补贴,工资
20250828MDSSYU,income,4904.28,2025-08-28,正常,津贴
202506197MA0EF,income,6883.12,2025-06-19,购物,津贴
2025061682PHR3,income,5854.11,2025-06-16,外卖,工资
20250719DFC3Z5,income,227.76,2025-07-19,差旅,津贴
20251113YMZD20,income,3233.56,2025-11-13,补贴,津贴
20251026ARS6EV,income,8553.92,2025-10-26,学习,工资
20250805LMTT6T,income,3818.37,2025-08-05,外卖,工资
20251223IO3UQP,income,7158.29,2025-12-23,补贴,工资
20250913TGSMEF,income,787.96,2025-09-13,补贴,奖金
20250217K5H140,income,6859.79,2025-02-17,外卖,奖金
20250324MKDDHQ,income,2098.37,2025-03-24,报销,奖金
20250425JC691T,income,3951.80,2025-04-25,购物,工资
2025122890ZZAR,income,8349.46,2025-12-28,加班,津贴
20250519NHNHG3,income,7171.33,2025-05-19,学习,津贴
20250612MR21IZ,income,5298.08,2025-06-12,加班,奖金
20251203CFCLW0,income,1373.40,2025-12-03,外卖,奖金
202503140268RQ,income,9610.27,2025-03-14,加班,工资
2025080307O8SK,income,8469.26,2025-08-03,加班,奖金
202512018KVJHI,income,5316.11,2025-12-01,生活费,奖金
20250319CRB9FI,income,5800.45,2025-03-19,报销,工资
20250519N67YTU,income,5905.92,2025-05-19,正常,津贴
20250304XZOPE7,income,3342.02,2025-03-04,购物,津贴
202508180DIXNW,income,6760.27,2025-08-18,加班,奖金
20251018QP3YSD,income,4354.71,2025-10-18,差旅,津贴
20250625VOGNPY,income,8783.51,2025-06-25,正常,津贴
20250825W65IF7,income,7702.15,2025-08-25,娱乐,工资
20251011V0IGMI,income,715.72,2025-10-11,正常,奖金
20250320FW1760,income,728.72,2025-03-20,娱乐,奖金
20250211L0SP08,income,4686.92,2025-02-11,购物,津贴
202505185Q3Q7Y,income,9501.31,2025-05-18,外卖,奖金
20250419TQT21P,income,6499.44,2025-04-19,学习,津贴
20250305KEUVX8,income,6832.88,2025-03-05,生活费,奖金
20251011DIUCGN,income,6464.17,2025-10-11,生活费,津贴
202507240UPRNT,income,5984.41,2025-07-24,补贴,奖金
202506056D5QYM,income,7664.91,2025-06-05,正常,津贴
20250524FHRI3W,income,4075.64,2025-05-24,外卖,工资
20250515KVLVWF,income,6035.36,2025-05-15,正常,工资
20251104LO2T7V,income,7443.12,2025-11-04,加班,津贴
2025080651YGP4,income,987.38,2025-08-06,外卖,奖金
20250502D52L1B,income,4420.08,2025-05-02,报销,奖金
2025120615B9GO,income,6669.23,2025-12-06,补贴,奖金
20251114RKWPO9,income,6647.07,2025-11-14,购物,津贴
20251115BBKPGE,income,3033.62,2025-11-15,学习,奖金
20250610GJK2J5,income,4318.77,2025-06-10,报销,津贴
2025030723U92Z,income,7855.07,2025-03-07,购物,津贴
20250428F57T4Y,income,3940.80,2025-04-28,差旅,奖金
20250805K3ZJBD,income,8552.97,2025-08-05,正常,津贴
202506100WQHY2,income,6632.88,2025-06-10,报销,津贴
202507273UZ4TK,income,7077.87,2025-07-27,报销,奖金
2025031910S7P2,income,2686.36,2025-03-19,生活费,工资
20250916QAEUIW,income,4783.77,2025-09-16,报销,津贴
20250815VZLDSE,income,875.65,2025-08-15,补贴,津贴
202503109CD0FN,income,3571.53,2025-03-10,报销,津贴
202506123PK1QH,income,8675.69,2025-06-12,补贴,工资
2025112207GSCQ,income,1280.97,2025-11-22,加班,工资
20250923OAQ5KA,income,1097.14,2025-09-23,生活费,工资
20250721YPZXDA,income,680.49,2025-07-21,生活费,津贴
202510275XJKRQ,income,8202.90,2025-10-27,报销,奖金
20251019UPTO8O,income,1464.82,2025-10-19,正常,奖金
202505164HJ0RI,income,7310.86,2025-05-16,差旅,津贴
20250411O9JD40,income,8669.34,2025-04-11,生活费,津贴
20250701YXOHTK,income,2276.54,2025-07-01,正常,工资
20250904E9URNU,income,8365.64,2025-09-04,生活费,奖金
202503214OCN9J,income,6529.27,2025-03-21,生活费,工资
20250319JGZT60,income,3877.40,2025-03-19,加班,津贴
20250725LUNL4B,income,8701.89,2025-07-25,报销,工资
202512010R0IKN,income,5437.11,2025-12-01,报销,工资
20250607B39M6V,income,7522.57,2025-06-07,正常,津贴
20250227AN9WGA,income,7678.53,2025-02-27,娱乐,津贴
20250525RBM1UL,income,8922.83,2025-05-25,差旅,津贴
20250905MWA6CY,income,8660.67,2025-09-05,差旅,工资
20250304J6UZOH,income,3260.69,2025-03-04,购物,奖金
20250320X7520K,income,4797.72,2025-03-20,补贴,奖金
202507289V6F0G,income,2971.36,2025-07-28,学习,津贴
20251205Q75744,income,4852.37,2025-12-05,补贴,工资
20250114JFO97I,income,5076.84,2025-01-14,生活费,奖金
20250919GF9OZT,income,7907.10,2025-09-19,生活费,工资
20250509UGKNE0,income,7849.03,2025-05-09,补贴,津贴
20250717YJSNBK,income,4797.00,2025-07-17,外卖,工资
2025031804MPN1,income,6726.82,2025-03-18,娱乐,工资
20250609MOJLB4,income,861.52,2025-06-09,学习,奖金
20250308YV6XBD,income,1640.07,2025-03-08,报销,津贴
202512253AHV1U,income,8614.98,2025-12-25,购物,奖金
202502044HDU6Z,income,5085.60,2025-02-04,外卖,工资
20251105BJ4JA1,income,1807.27,2025-11-05,差旅,奖金
20250427IIX98O,income,741.93,2025-04-27,学习,工资
20250625NOIA0O,income,9137.01,2025-06-25,差旅,奖金
20250125R1UWJB,income,747.70,2025-01-25,娱乐,奖金
202504058J944H,income,2151.65,2025-04-05,差旅,奖金
20250224NXZPK8,income,6823.80,2025-02-24,补贴,津贴
20250822CPXVWG,income,9993.79,2025-08-22,加班,津贴
20251214HK4Z1L,income,2523.62,2025-12-14,加班,津贴
20250604YTNKAM,income,3502.09,2025-06-04,报销,津贴
2025040879LVC7,income,1280.65,2025-04-08,外卖,津贴
202511032OB36X,income,1510.27,2025-11-03,学习,奖金
20250202DGK53T,income,660.48,2025-02-02,加班,奖金
20251103HFEFDL,income,3976.36,2025-11-03,生活费,津贴
20250813UJ3N44,income,1691.94,2025-08-13,正常,工资
20251108W174VU,income,1542.66,2025-11-08,补贴,津贴
20250803HX9TXR,income,9000.13,2025-08-03,购物,奖金
20250622MRUSKQ,income,1186.67,2025-06-22,补贴,津贴
20251005A7A8WB,income,2030.15,2025-10-05,加班,津贴
20250306U12807,income,612.83,2025-03-06,外卖,津贴
202512146U3IYA,income,3215.09,2025-12-14,正常,工资
20250927DRZ3RC,income,2578.62,2025-09-27,娱乐,工资
20250405VXY6OV,income,9016.80,2025-04-05,生活费,津贴
20251113VFHNAP,income,7859.88,2025-11-13,报销,工资
20250315TDWM7V,income,2896.13,2025-03-15,正常,津贴
20251024U9S9BL,income,5577.65,2025-10-24,外卖,津贴
20251210KG0VNO,income,4035.17,2025-12-10,报销,工资
20251112HTMV4R,income,7170.67,2025-11-12,补贴,工资
202508174E41SH,income,9431.26,2025-08-17,购物,奖金
20251112E8DTKB,income,2019.79,2025-11-12,差旅,工资
20250219EOYPCP,income,978.94,2025-02-19,正常,奖金
20251121VJNBO5,income,5017.34,2025-11-21,娱乐,奖金
202507286FUGQN,income,1182.76,2025-07-28,加班,工资
202511175FH2DJ,income,772.97,2025-11-17,正常,奖金
20250721INKTNL,income,8707.45,2025-07-21,学习,工资
20250322D7OD0V,income,7288.21,2025-03-22,学习,奖金
20250805CV8OSB,income,3879.97,2025-08-05,生活费,津贴
20251106MHNS6L,income,5995.93,2025-11-06,报销,津贴
202512258H12ED,income,8412.15,2025-12-25,购物,津贴
20251124SQDGPG,income,7166.87,2025-11-24,娱乐,工资
202510107NWAUS,income,3278.24,2025-10-10,差旅,工资
20250209UK9L0V,income,1041.21,2025-02-09,补贴,工资
20250607EP660A,income,2048.60,2025-06-07,补贴,津贴
202505166SNAIP,income,7550.89,2025-05-16,娱乐,工资
20250921X0D48S,income,1131.43,2025-09-21,加班,奖金
20250608JAJUE0,income,2697.69,2025-06-08,报销,工资
20250416SMT4BU,income,8330.42,2025-04-16,加班,津贴
20250805QVJYFB,income,8810.92,2025-08-05,补贴,工资
20250113MFH9W4,income,3468.46,2025-01-13,购物,奖金
20250627OX8D4V,income,2912.30,2025-06-27,加班,奖金
202505265T2UYQ,income,5439.91,2025-05-26,补贴,奖金
202506078SRFM0,income,5883.54,2025-06-07,正常,工资
2025091595JP15,income,9917.35,2025-09-15,学习,工资
20251014FAW3K1,income,9213.94,2025-10-14,补贴,津贴
20250709AMWJ04,income,6750.61,2025-07-09,补贴,奖金
20250608S8D8EA,income,3461.61,2025-06-08,正常,奖金
202502219KHQBK,income,4979.24,2025-02-21,正常,津贴
2025031449RU23,income,5089.18,2025-03-14,外卖,奖金
202501188CGQEG,income,2706.56,2025-01-18,报销,工资
20250109A8FLNW,income,5927.21,2025-01-09,生活费,津贴
2025022509OIBA,income,539.64,2025-02-25,报销,津贴
20250407VP2WZR,income,22.42,2025-04-07,正常,奖金
20251107WK6MOZ,income,2093.12,2025-11-07,差旅,津贴
20250416R344HH,income,2631.82,2025-04-16,补贴,津贴
202501217PC3L9,income,9486.83,2025-01-21,生活费,津贴
202510229QHXHS,income,5475.37,2025-10-22,学习,津贴
20250507BZY7HH,income,5326.09,2025-05-07,补贴,奖金
20251205EEDGHH,income,1928.51,2025-12-05,补贴,工资
20251218WH55GS,income,9518.94,2025-12-18,外卖,津贴
20251028H0EIHK,income,3173.15,2025-10-28,报销,奖金
20250109W2Q69J,income,10.26,2025-01-09,购物,津贴
202503122UT30A,income,7446.70,2025-03-12,差旅,工资
202501232WTT5M,income,6024.16,2025-01-23,生活费,工资
202506079GUPEY,income,629.54,2025-06-07,补贴,奖金
20250201C9EVX9,income,3525.83,2025-02-01,报销,津贴
20250901RDRXKY,income,3479.26,2025-09-01,娱乐,奖金
20250122DMUAZI,income,6291.45,2025-01-22,购物,津贴
20250918218NXT,income,8759.95,2025-09-18,加班,津贴
202506048IFXAC,income,7289.15,2025-06-04,补贴,津贴
20250909O24BN6,income,1754.53,2025-09-09,正常,工资
20251113YF3MEC,income,5023.86,2025-11-13,学习,奖金
20250820BZLT38,income,9688.38,2025-08-20,补贴,奖金
20250606P58PA6,income,1292.75,2025-06-06,学习,津贴
202502140S0883,income,9882.76,2025-02-14,加班,奖金
20251101E944FF,income,7494.50,2025-11-01,外卖,奖金
202510265TR1QS,income,3486.10,2025-10-26,生活费,工资
20250509QQVMYR,income,5085.30,2025-05-09,娱乐,奖金
20250717GL01XJ,income,6923.62,2025-07-17,娱乐,工资
20250509ENJF71,income,7596.61,2025-05-09,补贴,工资
202506245TW3RD,income,9898.39,2025-06-24,加班,奖金
20250526LGY76T,income,2565.44,2025-05-26,加班,奖金
20250328WXE0JS,income,4475.50,2025-03-28,外卖,工资
20251122G29IPB,income,3953.65,2025-11-22,加班,奖金
202512072GEB9R,income,5607.31,2025-12-07,报销,工资
20250226ZZMRQH,income,1753.35,2025-02-26,补贴,津贴
20250621EIB5F3,income,6321.12,2025-06-21,正常,奖金
20250307FQIAPE,income,6012.88,2025-03-07,正常,工资
20250827VG3MPB,income,7499.14,2025-08-27,生活费,工资
20250505BBOQCJ,income,3589.53,2025-05-05,加班,津贴
2025111634TDMH,income,9567.97,2025-11-16,生活费,奖金
20251105HHUWP0,income,3872.05,2025-11-05,报销,工资
202512222ZM2CY,income,5172.22,2025-12-22,外卖,津贴
20251113FWR3IC,income,3585.25,2025-11-13,外卖,工资
202508116CP89R,income,1634.77,2025-08-11,外卖,工资
20250414NUT1LX,income,7161.03,2025-04-14,购物,津贴
202509219Q7QE6,income,347.20,2025-09-21,娱乐,工资
20250118L6WYTN,income,9583.58,2025-01-18,生活费,奖金
20250224PUZMYT,income,2271.79,2025-02-24,购物,津贴
20250813RTLOS5,income,9262.12,2025-08-13,加班,工资
20251008JLGH8U,income,147.86,2025-10-08,正常,奖金
20250615C85TIP,income,8505.88,2025-06-15,购物,津贴
20250303ZKFZO6,income,710.93,2025-03-03,补贴,工资
2025092280W36D,income,4064.44,2025-09-22,正常,津贴
20250613OH0PA3,income,2297.80,2025-06-13,外卖,工资
20250913IEHQ0R,income,5494.44,2025-09-13,差旅,奖金
20250707AHMEGQ,income,49.89,2025-07-07,正常,奖金
20251205DEVBRM,income,1880.76,2025-12-05,学习,奖金
202502187FOHPU,income,5172.87,2025-02-18,生活费,津贴
20250805UFBAU8,income,5428.99,2025-08-05,正常,工资
20250818OIPIUE,income,901.54,2025-08-18,学习,工资
20251115KK0VHA,income,8252.45,2025-11-15,报销,工资
20251219SV3G07,income,2037.86,2025-12-19,正常,奖金
20250206LXVYK7,income,8797.51,2025-02-06,加班,津贴
20251127S4Q5V2,income,9150.14,2025-11-27,外卖,津贴
20250101HT9Q3U,income,7289.99,2025-01-01,补贴,奖金
20250316CHFJ2Q,income,5350.64,2025-03-16,报销,奖金
20251125FH37NX,income,5221.54,2025-11-25,正常,奖金
20250125IOH7DM,income,4006.78,2025-01-25,补贴,工资
20250507S8ZJNB,income,3272.51,2025-05-07,加班,津贴
20250613KUY5CF,income,5629.40,2025-06-13,加班,津贴
20250823E5K3GX,income,4169.50,2025-08-23,学习,奖金
20251125FT1R9N,income,2686.74,2025-11-25,娱乐,工资
202511174NUL71,income,9980.82,2025-11-17,购物,奖金
20250912DO6720,income,2697.02,2025-09-12,外卖,津贴
20250413CJLZZ2,income,3329.52,2025-04-13,娱乐,津贴
20251113BCJN8M,income,7681.38,2025-11-13,购物,工资
20250319NE1YWJ,income,4241.67,2025-03-19,学习,津贴
202503167IKKUW,income,2691.72,2025-03-16,正常,奖金
20250624ZDIPGK,income,2525.46,2025-06-24,生活费,工资
20250105FZY7GC,income,1702.63,2025-01-05,生活费,津贴
20251213DV4C0J,income,4460.22,2025-12-13,外卖,奖金
20250315QT0KSZ,income,5021.70,2025-03-15,正常,津贴
202504136EQ3VE,income,874.17,2025-04-13,报销,工资
20250313OUZY11,income,9469.88,2025-03-13,正常,工资
20250721AVVL0J,income,6320.96,2025-07-21,补贴,工资
20250716BTXJKQ,income,2564.03,2025-07-16,补贴,工资
20250205ZOO5TI,income,2428.56,2025-02-05,娱乐,工资
20251028MDQRXV,income,4192.22,2025-10-28,报销,奖金
20250214DRLFFW,income,454.20,2025-02-14,娱乐,津贴
20250816RIR3A1,income,8304.62,2025-08-16,差旅,工资
20250221IKT1JW,income,2483.92,2025-02-21,生活费,工资
202507087F8OF0,income,2722.73,2025-07-08,外卖,津贴
20250314MV69OP,income,5107.42,2025-03-14,生活费,津贴
20250622U3DBZ4,income,8849.18,2025-06-22,外卖,工资
20251017LD1S2F,income,74.10,2025-10-17,娱乐,津贴
20250823V2PN5S,income,4370.01,2025-08-23,加班,工资
20251122PDP5XS,income,3796.52,2025-11-22,报销,工资
20250121KVO9DT,income,1746.95,2025-01-21,娱乐,奖金
20250215NZU9EH,income,9474.61,2025-02-15,生活费,奖金
20250927CAX0L9,income,7927.75,2025-09-27,加班,奖金
20250309XQGYAM,income,4692.40,2025-03-09,差旅,津贴
20250608DTYJJH,income,3993.07,2025-06-08,差旅,津贴
20250804ZQYBPF,income,250.22,2025-08-04,正常,奖金
20250804C3HDUF,income,8996.34,2025-08-04,外卖,奖金
20251120ZZHA9H,income,3811.65,2025-11-20,正常,奖金
20250528VCL4C6,income,6212.39,2025-05-28,购物,工资
20250724AQQGWP,income,2921.23,2025-07-24,生活费,奖金
2025021308GQCC,income,3364.99,2025-02-13,购物,工资
2025020597KFR4,income,7262.90,2025-02-05,学习,工资
20250828446278,income,3052.84,2025-08-28,购物,工资
20251217RKTFO5,income,7376.17,2025-12-17,学习,奖金
20250805X9PEO3,income,1373.85,2025-08-05,购物,奖金
20250414D2A5PN,income,8557.25,2025-04-14,加班,奖金
20250303JTYHPC,income,9076.91,2025-03-03,学习,工资
20250107LM2Y2C,income,2747.55,2025-01-07,正常,奖金
20250808NNYZMO,income,3824.26,2025-08-08,购物,津贴
202501066W7IK5,income,6303.34,2025-01-06,学习,津贴
20250322XU23KA,income,1353.42,2025-03-22,报销,工资
20250528TU2JNW,income,4367.56,2025-05-28,购物,津贴
202505264BOUAR,income,9734.21,2025-05-26,补贴,工资
20250405XR3DMZ,income,814.55,2025-04-05,学习,奖金
20251013RGZ6IL,income,5345.02,2025-10-13,生活费,津贴
20250208B44EOW,income,5276.61,2025-02-08,加班,奖金
202511022DIXX0,income,5155.51,2025-11-02,学习,工资
2025102762BRCM,income,4608.86,2025-10-27,报销,工资
20250322DQH5ZB,income,6863.79,2025-03-22,差旅,工资
20250420P5VOHA,income,2011.38,2025-04-20,生活费,津贴
202501074OWIS7,income,8693.07,2025-01-07,娱乐,奖金
2025011318A9P1,income,9778.70,2025-01-13,加班,津贴
2025070758NIZN,income,6908.67,2025-07-07,差旅,工资
20250821L4G157,income,6383.37,2025-08-21,加班,工资
20250604HLTYI8,income,8708.27,2025-06-04,娱乐,工资
2025012847ZIUU,income,878.19,2025-01-28,报销,工资
20250103KGMMZP,income,8158.60,2025-01-03,补贴,奖金
202506167BYPS3,income,7735.43,2025-06-16,补贴,津贴
202510147K12GG,income,4322.37,2025-10-14,差旅,津贴
20250712GNTBZC,income,7492.26,2025-07-12,加班,工资
20250828HZUT0V,income,1860.73,2025-08-28,生活费,工资
20250815LUL8S5,income,4649.50,2025-08-15,学习,奖金
20251119YA5356,income,7163.91,2025-11-19,生活费,工资
20250921JI9L6X,income,5347.15,2025-09-21,生活费,奖金
20250513670D6H,income,55.86,2025-05-13,差旅,奖金
20250117UD2FRQ,income,4375.29,2025-01-17,娱乐,津贴
202508121VMAI3,income,6052.31,2025-08-12,差旅,奖金
20251202LH8ROZ,income,8832.19,2025-12-02,生活费,津贴
20250619ERRUZN,income,3816.10,2025-06-19,娱乐,工资
20250305WGQVIS,income,8748.56,2025-03-05,学习,奖金
202509113AL6S7,income,1151.36,2025-09-11,娱乐,津贴
20250304GN6F20,income,9100.67,2025-03-04,娱乐,工资
20250218GKKO21,income,6663.19,2025-02-18,娱乐,奖金
20250318N8D13F,income,6126.41,2025-03-18,加班,津贴
202502087YDA9U,income,8468.48,2025-02-08,学习,奖金
20250218M89TUO,income,6833.71,2025-02-18,外卖,工资
20251016AT5A0Z,income,3097.66,2025-10-16,娱乐,津贴
20250818UZRP4B,income,7069.51,2025-08-18,学习,工资
20250410NJH0X5,income,103.53,2025-04-10,娱乐,奖金
20250110WZQDEQ,income,36.60,2025-01-10,学习,工资
20250727V8ZQ3R,income,1167.49,2025-07-27,学习,津贴
20251222Y4ITT8,income,3297.21,2025-12-22,学习,工资
20250813S4GJKY,income,3688.29,2025-08-13,加班,奖金
2025110513YDMJ,income,7395.11,2025-11-05,差旅,津贴
20250314IXUZYW,income,820.84,2025-03-14,娱乐,工资
20250327W1APUD,income,462.48,2025-03-27,补贴,津贴
20250904COV0GF,income,332.66,2025-09-04,差旅,奖金
20250409A4T3IU,income,3158.76,2025-04-09,外卖,工资
20251227MREBQ9,income,6861.53,2025-12-27,生活费,工资
202507054RDS6Q,income,3665.55,2025-07-05,购物,奖金
202505196QXLGE,income,5575.43,2025-05-19,学习,津贴
20250701VU24E9,income,6289.17,2025-07-01,差旅,津贴
20250216PCVT70,income,4778.77,2025-02-16,差旅,工资
20251102XNR4J9,income,4850.22,2025-11-02,报销,津贴
20250417L7UARR,income,6405.73,2025-04-17,娱乐,奖金
20250914QT7NX0,income,7150.02,2025-09-14,学习,奖金
202512067V4DHW,income,4915.65,2025-12-06,补贴,工资
202512186SRVGM,income,6035.72,2025-12-18,正常,奖金
20250614KNSAPZ,income,3579.56,2025-06-14,报销,工资
202512069PVTWC,income,7846.31,2025-12-06,生活费,工资
20251204MKFDIU,income,3851.98,2025-12-04,购物,津贴
202504109WH6PL,income,6559.77,2025-04-10,加班,奖金
20250424V5PI5D,income,9833.85,2025-04-24,购物,津贴
20251028DQLG59,income,9304.97,2025-10-28,购物,工资
20251218MAPDIR,income,7919.89,2025-12-18,生活费,奖金
2025021620KRFQ,income,891.18,2025-02-16,生活费,工资
20250828ODLV1Z,income,1273.58,2025-08-28,外卖,工资
2025080826WHNU,income,3727.89,2025-08-08,差旅,奖金
20250607OMXJIJ,income,581.88,2025-06-07,学习,津贴
20251217VY7R7C,income,7270.88,2025-12-17,差旅,工资
20250216FGDKJV,income,4847.29,2025-02-16,娱乐,奖金
202508181P84BP,income,14.52,2025-08-18,差旅,工资
20251020NIVA7S,income,6640.89,2025-10-20,正常,奖金
202510088GJCBD,income,2731.17,2025-10-08,报销,津贴
202501221W1ZJY,income,8170.61,2025-01-22,外卖,工资
20250902O4O4C1,income,3910.54,2025-09-02,补贴,工资
202503135MB7RG,income,5913.50,2025-03-13,报销,津贴
20250128V59XLC,income,220.64,2025-01-28,差旅,工资
202512023KN33T,income,6848.48,2025-12-02,学习,津贴
20250204YTLOO3,income,4381.88,2025-02-04,正常,工资
20250223ND8SR5,income,1814.56,2025-02-23,生活费,奖金
202505135BTLGC,income,9192.92,2025-05-13,补贴,工资
20250211CUD9R6,income,6277.76,2025-02-11,学习,工资
20250724O5541Z,income,8247.43,2025-07-24,娱乐,工资
20251110SZYTO0,income,3190.93,2025-11-10,报销,工资
20250428G3OSYP,income,260.41,2025-04-28,生活费,奖金
20250309G4ARMT,income,8083.03,2025-03-09,加班,津贴
2025040910DL21,income,4768.83,2025-04-09,加班,工资
20250307UGTFAT,income,1713.81,2025-03-07,差旅,奖金
20250601KY861P,income,6052.24,2025-06-01,补贴,奖金
20250906ZEN5V7,income,6385.96,2025-09-06,加班,工资
20250405K60XWL,income,7134.53,2025-04-05,学习,津贴
2025091712YFK5,income,3339.10,2025-09-17,差旅,津贴
20250628C6IRKV,income,7442.59,2025-06-28,外卖,津贴
20251219XJO5L4,income,6079.36,2025-12-19,补贴,工资
20250414W8TIRO,income,9090.53,2025-04-14,加班,津贴
202501033E7YIF,income,8592.53,2025-01-03,正常,工资
202504222V1VTX,income,7636.95,2025-04-22,购物,奖金
20251103AU2I5L,income,102.75,2025-11-03,加班,奖金
20251128SUQ51B,income,5927.78,2025-11-28,外卖,工资
202505061KBA0H,income,5832.19,2025-05-06,加班,津贴
202502151L5GFN,income,9528.30,2025-02-15,差旅,奖金
2025021440NGKW,income,4731.29,2025-02-14,加班,工资
20250416DCW1BF,income,7936.62,2025-04-16,外卖,工资
20250814PHK4L0,income,2803.73,2025-08-14,正常,奖金
20250614I7SYXE,income,8122.65,2025-06-14,加班,津贴
202506254XGI3F,income,652.61,2025-06-25,正常,奖金
202507140H28HU,income,3612.71,2025-07-14,娱乐,工资
20250212ZR83MD,income,8092.58,2025-02-12,外卖,工资
202505170113KI,income,4092.83,2025-05-17,补贴,奖金
20250111UO1HN6,income,2816.57,2025-01-11,娱乐,工资
20250120OGYMRV,income,9683.18,2025-01-20,外卖,奖金
20251128TCN2I6,income,8424.80,2025-11-28,报销,津贴
20250224JECL8R,income,6171.77,2025-02-24,补贴,工资
20250721UDUITU,income,8649.81,2025-07-21,娱乐,津贴
202507254RA0E8,income,3001.82,2025-07-25,补贴,工资
20250820H3Q3LC,income,8951.31,2025-08-20,补贴,奖金
20250322L5LRBY,income,815.85,2025-03-22,娱乐,工资
20251111GJIBBI,income,6116.41,2025-11-11,学习,工资
20250414BWMBDJ,income,5033.22,2025-04-14,加班,奖金
20250825YEJ3JN,income,9521.38,2025-08-25,补贴,工资
20250925WJJ5Z3,income,2649.72,2025-09-25,娱乐,津贴
20250804PD7QKO,income,5814.88,2025-08-04,差旅,奖金
20250917FUL3A0,income,5593.09,2025-09-17,娱乐,奖金
2025092768JVVO,income,6056.56,2025-09-27,报销,奖金
20250324Y0JCUR,income,4854.45,2025-03-24,娱乐,工资
202502142J4LL1,income,2464.83,2025-02-14,正常,工资
20251113RMTEWV,income,1804.32,2025-11-13,加班,工资
20250208B6XLHL,expense,7851.49,2025-02-08,学习,交通
20250827Z6IJ6N,expense,1353.32,2025-08-27,正常,娱乐
202511043KX4F7,expense,875.15,2025-11-04,学习,其他
20250122LJK6HE,expense,5865.41,2025-01-22,报销,其他
202511020PCR1I,expense,4656.80,2025-11-02,生活费,其他
20250720SBPYQ3,expense,6403.76,2025-07-20,差旅,房租
20250210P84ANE,expense,410.19,2025-02-10,学习,娱乐
20251212E5MO9S,expense,535.30,2025-12-12,娱乐,娱乐
202505096MF5PK,expense,4039.63,2025-05-09,差旅,食物
2025090728321H,expense,5150.17,2025-09-07,正常,娱乐
20251211IFF28F,expense,2701.76,2025-12-11,外卖,交通
20251019IJMBS6,expense,1588.30,2025-10-19,生活费,交通
202504179H76HI,expense,9484.02,2025-04-17,报销,交通
20251005ZLVIE0,expense,7260.71,2025-10-05,购物,娱乐
2025071978H9TS,expense,3723.90,2025-07-19,学习,娱乐
202507064RN6J9,expense,1000.65,2025-07-06,学习,食物
20250714TVMPCV,expense,6612.08,2025-07-14,购物,食物
20250907KOD6R4,expense,1019.66,2025-09-07,生活费,食物
2025100927UG1P,expense,2854.09,2025-10-09,外卖,房租
202508110ZDAVH,expense,1349.88,2025-08-11,正常,食物
20251206OVGZ5U,expense,5358.30,2025-12-06,加班,房租
20250923W6ZQUO,expense,6882.17,2025-09-23,生活费,其他
20251225C76Y8D,expense,4937.37,2025-12-25,购物,房租
20251220LWRYJV,expense,4424.03,2025-12-20,外卖,交通
20250504ZA1SHM,expense,8146.28,2025-05-04,娱乐,其他
202502281M3WYL,expense,6611.36,2025-02-28,购物,交通
20250122YHK8MS,expense,876.02,2025-01-22,生活费,食物
20250103SRTL5C,expense,1351.19,2025-01-03,生活费,房租
20250118PVMUTU,expense,6372.47,2025-01-18,报销,房租
20251020UNQO1L,expense,4906.83,2025-10-20,差旅,交通
202508151HHP0H,expense,5629.65,2025-08-15,补贴,房租
202502017JCEBX,expense,2675.65,2025-02-01,生活费,交通
20250122BXIXLZ,expense,9472.86,2025-01-22,生活费,房租
202502047LA8DM,expense,9723.89,2025-02-04,报销,其他
202504044OF6YB,expense,5527.62,2025-04-04,补贴,交通
20251201PI1872,expense,1783.65,2025-12-01,补贴,娱乐
2025011153NUUJ,expense,1133.85,2025-01-11,生活费,其他
20250926IT0DZ9,expense,4695.89,2025-09-26,补贴,娱乐
20250804N5TFEQ,expense,1421.33,2025-08-04,学习,房租
202504219LER7S,expense,8198.16,2025-04-21,购物,交通
202505246F4N07,expense,4509.01,2025-05-24,差旅,娱乐
20250128T5JRZ1,expense,9846.65,2025-01-28,差旅,食物
20250812PLKWUF,expense,6862.34,2025-08-12,娱乐,其他
20251225QTYBU3,expense,7471.72,2025-12-25,补贴,交通
20250914S2TMTG,expense,6698.00,2025-09-14,差旅,交通
20251114ISJ904,expense,2108.11,2025-11-14,报销,交通
2025091306FFXS,expense,2722.50,2025-09-13,外卖,娱乐
20250614SJPAAP,expense,7771.79,2025-06-14,加班,房租
2025021274SZBA,expense,1466.98,2025-02-12,生活费,房租
20250226RRAKB9,expense,4071.71,2025-02-26,补贴,交通
20251016X2ZCO1,expense,778.59,2025-10-16,报销,交通
20251211IAFTIZ,expense,6827.80,2025-12-11,外卖,娱乐
20250625P909WQ,expense,7626.85,2025-06-25,差旅,交通
20250428GQJHO6,expense,4702.69,2025-04-28,正常,房租
20251017AFYAES,expense,9394.72,2025-10-17,购物,房租
20251120J42PGR,expense,3005.66,2025-11-20,报销,食物
20250104B84E57,expense,8437.79,2025-01-04,生活费,娱乐
20250607B4TSC1,expense,3746.72,2025-06-07,正常,交通
2025111802QEPO,expense,4385.36,2025-11-18,娱乐,交通
20251006JD0DBP,expense,7383.84,2025-10-06,娱乐,娱乐
2025030903O90U,expense,3837.87,2025-03-09,正常,房租
202503242AURHV,expense,447.33,2025-03-24,加班,其他
20251118K41C3E,expense,8534.79,2025-11-18,加班,其他
20250904OZVTWO,expense,4234.76,2025-09-04,购物,娱乐
20251213BYPU3H,expense,5310.45,2025-12-13,补贴,房租
20251021K779OQ,expense,6922.62,2025-10-21,外卖,食物
2025062384QUMN,expense,1195.80,2025-06-23,生活费,其他
2025101026M2F8,expense,1039.24,2025-10-10,加班,交通
202509093FJDWP,expense,6321.19,2025-09-09,补贴,交通
20250222KKI0S3,expense,8291.79,2025-02-22,外卖,娱乐
202503095912DQ,expense,4308.58,2025-03-09,外卖,食物
20250315GIR8EU,expense,8059.09,2025-03-15,补贴,交通
202505280DNPJA,expense,3845.81,2025-05-28,外卖,交通
20250428PVT4UG,expense,227.50,2025-04-28,加班,其他
20251207BVL96K,expense,8191.95,2025-12-07,补贴,其他
20251109XH2LJ0,expense,3741.03,2025-11-09,娱乐,房租
20250915204QIL,expense,9990.22,2025-09-15,报销,食物
202509176Y9L3H,expense,9581.23,2025-09-17,生活费,其他
20250226U59N0Q,expense,9220.40,2025-02-26,正常,房租
20250519FDFC3B,expense,4220.35,2025-05-19,外卖,其他
20250827ECWYTA,expense,5881.41,2025-08-27,学习,食物
202501055A80W0,expense,672.37,2025-01-05,生活费,房租
20250202EMX9QS,expense,2629.33,2025-02-02,补贴,交通
20250925N0IVXL,expense,8061.74,2025-09-25,差旅,房租
20250809EJBVUN,expense,3468.34,2025-08-09,加班,娱乐
20251013UPXTHH,expense,8274.85,2025-10-13,报销,食物
20250915R99384,expense,8399.75,2025-09-15,报销,其他
202507225XHZAY,expense,2106.68,2025-07-22,加班,娱乐
202512086BD70Z,expense,1609.19,2025-12-08,正常,娱乐
2025122118L6V1,expense,9205.17,2025-12-21,购物,房租
202507204IAY1G,expense,837.72,2025-07-20,娱乐,食物
20250303H2LK0B,expense,6154.70,2025-03-03,差旅,交通
2025012114T5UL,expense,5987.09,2025-01-21,加班,食物
20250712S0IZRM,expense,1588.91,2025-07-12,外卖,其他
202512249LBPZY,expense,8090.31,2025-12-24,报销,其他
20251204CES6EK,expense,735.29,2025-12-04,外卖,其他
20251028VB6VBM,expense,3334.04,2025-10-28,外卖,娱乐
20251225MUVYPX,expense,3877.51,2025-12-25,加班,房租
20250204C5153P,expense,5030.66,2025-02-04,加班,其他
20250920RLUXWJ,expense,4337.13,2025-09-20,加班,交通
20250803PQ0Z7N,expense,570.79,2025-08-03,加班,其他
202508116COX8H,expense,855.58,2025-08-11,购物,食物
20250625R8E2TP,expense,2606.06,2025-06-25,购物,娱乐
20250304B7CWZC,expense,9782.72,2025-03-04,外卖,其他
20251120TRZO3N,expense,9294.50,2025-11-20,娱乐,娱乐
20250513BL8D4H,expense,7892.66,2025-05-13,补贴,其他
20250205FNPFWV,expense,9408.11,2025-02-05,购物,交通
202502159C0Y5H,expense,1293.89,2025-02-15,正常,食物
202504265607C4,expense,8751.98,2025-04-26,差旅,其他
202505090GP7GN,expense,3343.31,2025-05-09,加班,娱乐
20251105M6RX4K,expense,9330.90,2025-11-05,加班,娱乐
2025080676QWD0,expense,8237.81,2025-08-06,生活费,其他
202506034QTC3U,expense,1282.30,2025-06-03,购物,娱乐
20250703NZCV5Z,expense,9654.74,2025-07-03,外卖,娱乐
20250127W6M1T4,expense,7961.50,2025-01-27,报销,交通
202502206LU394,expense,6617.46,2025-02-20,补贴,食物
20250913MX1PU3,expense,7156.01,2025-09-13,报销,娱乐
20250213WYD8WT,expense,5679.17,2025-02-13,学习,食物
20251012VT5EO0,expense,303.72,2025-10-12,娱乐,交通
20251225WCPOPT,expense,6429.96,2025-12-25,娱乐,房租
202506045R8Z1U,expense,6912.01,2025-06-04,外卖,房租
202503076JJX4I,expense,957.17,2025-03-07,学习,食物
2025070142GFL4,expense,2490.08,2025-07-01,加班,食物
20250426EW4ON5,expense,3408.35,2025-04-26,差旅,房租
20251013OIW14F,expense,9351.67,2025-10-13,学习,娱乐
20251227M49EOC,expense,2426.09,2025-12-27,购物,房租
20250605X02XJ9,expense,4650.14,2025-06-05,加班,交通
20250317B7A1BV,expense,6210.64,2025-03-17,正常,食物
20251124ECV7IB,expense,5624.61,2025-11-24,报销,房租
20250905AUO4W0,expense,8493.25,2025-09-05,学习,娱乐
20250216QPZH2W,expense,1561.18,2025-02-16,外卖,娱乐
20251212EUANQ4,expense,3566.21,2025-12-12,加班,房租
202507050DHMG6,expense,7704.87,2025-07-05,差旅,其他
20250507G04MVT,expense,9429.44,2025-05-07,外卖,房租
202503126XCEJ2,expense,4908.85,2025-03-12,学习,房租
20250414CMO445,expense,6841.88,2025-04-14,娱乐,其他
202505254RDE9C,expense,3241.00,2025-05-25,外卖,其他
20251208KNGWO8,expense,5946.91,2025-12-08,生活费,房租
20250513RA5RJ5,expense,8848.11,2025-05-13,外卖,交通
202501119NH207,expense,6864.21,2025-01-11,加班,娱乐
20251021ZN92GI,expense,6150.11,2025-10-21,加班,房租
20250316T631LF,expense,3778.08,2025-03-16,娱乐,娱乐
202501236YBX14,expense,7100.75,2025-01-23,加班,娱乐
202503227E6QJT,expense,2236.77,2025-03-22,正常,交通
20250227I24PVV,expense,9252.03,2025-02-27,正常,食物
20250224Q4JO0A,expense,9896.28,2025-02-24,学习,娱乐
20250806V1RS6G,expense,436.34,2025-08-06,报销,房租
20251109RLW89Z,expense,2127.88,2025-11-09,差旅,交通
2025012665IT8T,expense,9217.64,2025-01-26,加班,房租
202507013WLAX4,expense,1845.06,2025-07-01,正常,其他
202503129ES7EJ,expense,6482.37,2025-03-12,正常,娱乐
20250418EFHVW2,expense,8966.53,2025-04-18,正常,娱乐
20251214C143FW,expense,7239.96,2025-12-14,购物,食物
20250921UUX8OF,expense,393.06,2025-09-21,报销,房租
20251225CC84ZW,expense,3645.23,2025-12-25,学习,食物
202501224HGTHT,expense,3688.26,2025-01-22,补贴,食物
20251023I6AQEM,expense,4889.19,2025-10-23,外卖,其他
202503225GFULQ,expense,4337.55,2025-03-22,学习,食物
20250804SDBOEQ,expense,6997.89,2025-08-04,补贴,食物
20250620ZX9204,expense,8021.09,2025-06-20,正常,娱乐
20250704ESLAUK,expense,5523.79,2025-07-04,娱乐,房租
20250717B8B8TV,expense,4082.58,2025-07-17,娱乐,其他
20250402AYH2HU,expense,5684.38,2025-04-02,学习,食物
20250726THG6DV,expense,7846.86,2025-07-26,加班,食物
20250505AOH82S,expense,6460.49,2025-05-05,补贴,食物
20251219EPSQ01,expense,9067.38,2025-12-19,报销,娱乐
20251021285WGK,expense,1261.44,2025-10-21,外卖,其他
202504017DOJEO,expense,1410.27,2025-04-01,报销,其他
20251023LU69BB,expense,822.11,2025-10-23,差旅,娱乐
202501081XS1V8,expense,9717.71,2025-01-08,购物,交通
20250517N8TPHG,expense,2847.29,2025-05-17,娱乐,食物
20250428ZV1263,expense,5829.90,2025-04-28,娱乐,房租
20250828OSDLAW,expense,3739.77,2025-08-28,补贴,房租
202512024EROJM,expense,1269.76,2025-12-02,报销,交通
20250404KF7W32,expense,1378.63,2025-04-04,加班,其他
20250304ZQP9WN,expense,3049.24,2025-03-04,购物,娱乐
20251016DGWTXC,expense,8672.86,2025-10-16,正常,娱乐
20250418J6MMYM,expense,8743.21,2025-04-18,外卖,交通
202512089PDDDJ,expense,2566.41,2025-12-08,娱乐,交通
202508155NNDCC,expense,1024.49,2025-08-15,学习,交通
20250508PXQ590,expense,4212.80,2025-05-08,加班,房租
20250424I3WBYY,expense,6691.46,2025-04-24,学习,其他
20250206J3ISDI,expense,2185.29,2025-02-06,购物,交通
20250808VEHMEY,expense,6823.45,2025-08-08,正常,其他
20250828W3VBBK,expense,5921.31,2025-08-28,娱乐,娱乐
20250902323J9S,expense,4922.47,2025-09-02,学习,房租
20250304O4YI9E,expense,5857.85,2025-03-04,报销,房租
20250628HEMNYC,expense,3251.27,2025-06-28,报销,交通
20250128FYPKCR,expense,8120.91,2025-01-28,娱乐,交通
202501041USY6N,expense,1817.10,2025-01-04,学习,交通
20250826HF4J5J,expense,3661.30,2025-08-26,生活费,房租
202506056ID31C,expense,373.01,2025-06-05,加班,娱乐
20251006YSJ09K,expense,2872.86,2025-10-06,外卖,其他
20250828GSHXQN,expense,7763.76,2025-08-28,加班,交通
202507237K6EKD,expense,1846.65,2025-07-23,购物,房租
20250205LGUPTH,expense,8601.49,2025-02-05,学习,食物
20251017XKCXWT,expense,7302.92,2025-10-17,差旅,食物
202501143FR4TQ,expense,969.09,2025-01-14,生活费,其他
2025092886IC8Y,expense,9410.61,2025-09-28,加班,娱乐
202512037H1M9P,expense,5585.56,2025-12-03,学习,房租
20250209RWSV6S,expense,2916.60,2025-02-09,补贴,其他
20250815WDBOOU,expense,4741.76,2025-08-15,外卖,房租
202502021ODL4J,expense,6462.71,2025-02-02,补贴,食物
20251123I4Q5YQ,expense,1453.34,2025-11-23,报销,娱乐
20250812BPG5FR,expense,2381.33,2025-08-12,娱乐,食物
20250616S9TN1B,expense,6617.69,2025-06-16,娱乐,其他
20250507O2VBYW,expense,5218.14,2025-05-07,生活费,房租
20250608J4FO1C,expense,1781.80,2025-06-08,购物,交通
20251213EPT2H8,expense,9174.01,2025-12-13,娱乐,娱乐
202507270RO9J4,expense,4978.55,2025-07-27,补贴,房租
20250908BZVATX,expense,2176.36,2025-09-08,学习,房租
20250511VXNXRI,expense,1724.59,2025-05-11,购物,其他
20251122T7K70G,expense,4829.18,2025-11-22,生活费,食物
20250607IXERFW,expense,7018.43,2025-06-07,差旅,食物
20250215PI4NLO,expense,9236.40,2025-02-15,学习,娱乐
20250904R3ZVDY,expense,3357.39,2025-09-04,正常,娱乐
202512101V6PUE,expense,5100.24,2025-12-10,加班,其他
20251219YFHNTK,expense,400.83,2025-12-19,补贴,食物
20251001DZAY3S,expense,1204.58,2025-10-01,学习,房租
202503081CSQVD,expense,7408.94,2025-03-08,加班,交通
20251115TBI4X3,expense,5573.73,2025-11-15,学习,交通
20250926IVZFNT,expense,2065.44,2025-09-26,报销,房租
20250919UYDA8O,expense,4191.91,2025-09-19,补贴,娱乐
202509083OFSAR,expense,2405.70,2025-09-08,外卖,娱乐
20250103IWOTTM,expense,5686.94,2025-01-03,学习,交通
20250222RQF5ZH,expense,721.22,2025-02-22,购物,其他
20251115Z64VDH,expense,1568.91,2025-11-15,差旅,娱乐
20250922S47VGC,expense,4726.39,2025-09-22,加班,食物
20250525W09S1N,expense,1221.52,2025-05-25,加班,交通
20250501DQVKGU,expense,3408.39,2025-05-01,娱乐,娱乐
20250519EQ7A73,expense,8427.66,2025-05-19,外卖,食物
20250522C3G9SG,expense,6343.99,2025-05-22,学习,房租
20250128C4IBLA,expense,52.89,2025-01-28,娱乐,房租
20250105YJS8AF,expense,3769.53,2025-01-05,正常,交通
20250407PLJ3LQ,expense,381.07,2025-04-07,外卖,交通
202502111H6UR9,expense,456.21,2025-02-11,正常,交通
2025040930BV50,expense,4221.25,2025-04-09,加班,娱乐
20250326YVS01F,expense,6957.13,2025-03-26,正常,其他
20250225PHXEFZ,expense,3631.53,2025-02-25,差旅,娱乐
202506173PJNYQ,expense,3760.07,2025-06-17,购物,交通
20250623XROGQW,expense,6453.98,2025-06-23,报销,食物
202501236L5W3W,expense,1771.33,2025-01-23,差旅,交通
202508150C68BU,expense,4498.37,2025-08-15,学习,房租
20251109JXO4LF,expense,3298.56,2025-11-09,娱乐,娱乐
20250901SKPL89,expense,7019.12,2025-09-01,加班,食物
20250210HH0CT7,expense,2825.99,2025-02-10,补贴,交通
202507114WGYXH,expense,2355.26,2025-07-11,补贴,娱乐
202505029V0T95,expense,8539.79,2025-05-02,生活费,房租
20250226T664IY,expense,1513.86,2025-02-26,学习,食物
20250423WOH9VT,expense,7306.72,2025-04-23,正常,娱乐
20250312MDP697,expense,3911.14,2025-03-12,娱乐,其他
202508016DCROR,expense,672.19,2025-08-01,娱乐,房租
20250406HBHI3U,expense,2016.20,2025-04-06,生活费,房租
20250212Z84BP5,expense,8185.47,2025-02-12,报销,房租
20251222AP0AGK,expense,5950.15,2025-12-22,正常,其他
20250916L9KKGM,expense,7171.30,2025-09-16,补贴,其他
20250214L4ER10,expense,2750.32,2025-02-14,正常,食物
20250321GE8PIX,expense,8427.64,2025-03-21,购物,其他
20250801Z2QV5Q,expense,9042.92,2025-08-01,补贴,娱乐
20250113MF74ZK,expense,430.87,2025-01-13,购物,娱乐
20250926RZI4B3,expense,3786.37,2025-09-26,加班,食物
20250227IS57YV,expense,7216.90,2025-02-27,学习,房租
20250704RZAIWS,expense,1367.61,2025-07-04,生活费,娱乐
20250210CM2P33,expense,7636.52,2025-02-10,学习,房租
20251103PVUOKO,expense,9109.36,2025-11-03,购物,其他
20250820O7NQ2P,expense,9281.02,2025-08-20,学习,房租
2025122604HXI1,expense,2524.75,2025-12-26,加班,食物
2025062588I6K7,expense,9493.25,2025-06-25,娱乐,食物
202503142UBIII,expense,7194.66,2025-03-14,报销,娱乐
20250628IAY749,expense,8946.62,2025-06-28,学习,食物
20250518AFOKVU,expense,5751.86,2025-05-18,娱乐,房租
20250216TJYQGD,expense,2922.64,2025-02-16,生活费,房租
20250726XZFBQL,expense,1198.28,2025-07-26,学习,其他
202505234ILR68,expense,5119.67,2025-05-23,生活费,娱乐
20251117PWXH36,expense,460.62,2025-11-17,报销,其他
20251221YQ9ZC3,expense,6131.27,2025-12-21,娱乐,娱乐
20250921GJ788Q,expense,9567.68,2025-09-21,差旅,食物
20251205OFYS2Y,expense,2785.48,2025-12-05,差旅,食物
20250105C62AQD,expense,1797.35,2025-01-05,报销,食物
20250209J3CIHI,expense,6559.18,2025-02-09,娱乐,娱乐
20250801NDTVVP,expense,2231.29,2025-08-01,差旅,交通
202510119M6L9H,expense,7833.01,2025-10-11,差旅,交通
202501152KYQTR,expense,7337.78,2025-01-15,娱乐,娱乐
202510193MWREU,expense,515.90,2025-10-19,差旅,交通
20250522NZNY4U,expense,4264.16,2025-05-22,报销,娱乐
20251005KS6UE4,expense,8707.22,2025-10-05,加班,交通
20250724VBWN0Y,expense,8152.86,2025-07-24,购物,房租
20251226VYIQZ0,expense,4256.44,2025-12-26,差旅,娱乐
202507216IKN97,expense,5232.78,2025-07-21,补贴,房租
20251011DR1VVT,expense,4483.42,2025-10-11,学习,食物
20250202LJT71K,expense,1291.96,2025-02-02,报销,食物
20251217ILZQ7H,expense,336.92,2025-12-17,补贴,食物
2025072849ZQA4,expense,2117.84,2025-07-28,外卖,娱乐
20250906S23RQZ,expense,6649.69,2025-09-06,加班,其他
20250503E7VFL4,expense,9783.08,2025-05-03,报销,其他
20250604L6ZAMK,expense,7176.36,2025-06-04,娱乐,其他
20250920UWJM6M,expense,5401.31,2025-09-20,外卖,房租
20250610VG7MXT,expense,559.71,2025-06-10,学习,食物
20250815135W7D,expense,4074.98,2025-08-15,差旅,交通
20250908K3J0T0,expense,8901.99,2025-09-08,外卖,娱乐
20250116EJPR40,expense,5173.69,2025-01-16,报销,娱乐
20251125TZ6AU9,expense,3799.43,2025-11-25,报销,食物
202509252O9FNN,expense,7115.51,2025-09-25,生活费,其他
20250517VW7B7Z,expense,2642.31,2025-05-17,外卖,交通
20251209V9JJDC,expense,4336.99,2025-12-09,正常,食物
20251127LHR0JO,expense,7681.05,2025-11-27,学习,娱乐
20251205YYSVS8,expense,5069.62,2025-12-05,购物,房租
202506028S4WKO,expense,2415.56,2025-06-02,补贴,食物
20250525N76EJ9,expense,9161.45,2025-05-25,差旅,交通
202501278F0DN9,expense,626.25,2025-01-27,学习,其他
202504186IMK7F,expense,5147.96,2025-04-18,外卖,娱乐
20251102JKBFD6,expense,4362.62,2025-11-02,报销,娱乐
2025052290Q0Y4,expense,8615.58,2025-05-22,补贴,交通
202511114WCG1B,expense,7405.39,2025-11-11,报销,其他
20251212YDW6RZ,expense,3643.64,2025-12-12,娱乐,交通
20250416DNQRJH,expense,7448.84,2025-04-16,购物,食物
20251210S5K9UQ,expense,4830.53,2025-12-10,报销,其他
202512187YK80K,expense,6252.41,2025-12-18,正常,娱乐
2025032574FYQD,expense,5885.60,2025-03-25,外卖,交通
20250421U8HRNE,expense,6939.44,2025-04-21,购物,其他
202502286U6GHJ,expense,3803.22,2025-02-28,差旅,房租
20251125VEE31D,expense,4550.56,2025-11-25,差旅,其他
20250214RNOF7F,expense,7484.55,2025-02-14,差旅,交通
20251211D177CB,expense,2797.76,2025-12-11,学习,娱乐
202508238T81JV,expense,8997.55,2025-08-23,正常,房租
20250723QNEMOE,expense,3994.24,2025-07-23,差旅,娱乐
20250901MCM1QU,expense,907.34,2025-09-01,外卖,娱乐
20250720DUEKQM,expense,6706.29,2025-07-20,正常,其他
20250528RUHY54,expense,9309.52,2025-05-28,补贴,其他
20250227Y2I57D,expense,1664.00,2025-02-27,加班,食物
20250212LI2EAE,expense,2904.96,2025-02-12,加班,其他
20250106B7KEFN,expense,5592.12,2025-01-06,报销,交通
20250627QC1SQP,expense,5246.17,2025-06-27,加班,交通
20251018RQZB45,expense,1358.32,2025-10-18,生活费,娱乐
20250203M2AMWZ,expense,11.66,2025-02-03,差旅,房租
20250527N7FC09,expense,6536.36,2025-05-27,生活费,交通
20251113551LNS,expense,8733.87,2025-11-13,娱乐,食物
2025030758TJA5,expense,2687.40,2025-03-07,购物,房租
20251004P9CCLY,expense,9413.84,2025-10-04,加班,交通
20250724YC8LUF,expense,4981.51,2025-07-24,差旅,其他
2025122676HJUT,expense,6376.35,2025-12-26,加班,房租
20251228EQO6JB,expense,8780.58,2025-12-28,正常,娱乐
20251217ASZH4W,expense,2724.31,2025-12-17,正常,食物
202512217UDBNZ,expense,2027.21,2025-12-21,补贴,房租
20250503ASYG5W,expense,1992.79,2025-05-03,学习,交通
20251006QUEJ3C,expense,885.84,2025-10-06,学习,交通
202512119TF6E9,expense,8141.90,2025-12-11,正常,交通
202509141ZVPYU,expense,2496.99,2025-09-14,外卖,娱乐
20251115O3RQEQ,expense,2018.19,2025-11-15,娱乐,房租
20250119Q1ZSTT,expense,2535.24,2025-01-19,差旅,交通
20250928H4S7N5,expense,575.86,2025-09-28,购物,食物
20250422HJMJ0Q,expense,6629.06,2025-04-22,外卖,其他
2025050188IUUB,expense,6672.26,2025-05-01,生活费,娱乐
20250626YUJCUB,expense,3783.87,2025-06-26,购物,交通
20250624JTPP0B,expense,7269.38,2025-06-24,加班,其他
20250826WMB89I,expense,4116.50,2025-08-26,外卖,交通
20250126XTZZ21,expense,7899.12,2025-01-26,购物,娱乐
20251113MTGOJ6,expense,5907.83,2025-11-13,补贴,食物
20250218MLWSIH,expense,8578.35,2025-02-18,差旅,其他
20251217PCQGAF,expense,3314.41,2025-12-17,外卖,房租
20250910FW45ZA,expense,9380.98,2025-09-10,补贴,娱乐
20250312LLHZ5X,expense,4807.86,2025-03-12,生活费,交通
2025080715BAM2,expense,1429.45,2025-08-07,生活费,娱乐
20250908YNMCP0,expense,381.02,2025-09-08,购物,交通
20250202EPIPFJ,expense,1444.17,2025-02-02,学习,食物
2025041431OFF2,expense,8709.21,2025-04-14,加班,娱乐
20251204YFXF3U,expense,6630.49,2025-12-04,娱乐,房租
202509108LO5UT,expense,6526.35,2025-09-10,加班,其他
20250510GKF5JW,expense,4498.52,2025-05-10,补贴,娱乐
202501107IMRBX,expense,3242.62,2025-01-10,娱乐,其他
20250526F82SJH,expense,6278.26,2025-05-26,补贴,交通
20250104NOQLD9,expense,6918.16,2025-01-04,正常,食物
20251003WI6A7N,expense,5276.66,2025-10-03,外卖,其他
20250410A9TYBV,expense,5646.79,2025-04-10,报销,食物
20250604Q1936E,expense,257.22,2025-06-04,学习,娱乐
20250117XZ9QGF,expense,1235.81,2025-01-17,补贴,其他
20251201W81G46,expense,7675.37,2025-12-01,差旅,娱乐
20251017BFMH9Z,expense,514.45,2025-10-17,娱乐,交通
20250601A6QIGJ,expense,6190.87,2025-06-01,差旅,其他
20250321E2GDPL,expense,8155.21,2025-03-21,差旅,食物
20250120AXII6U,expense,8099.55,2025-01-20,报销,娱乐
20250723JWOY3E,expense,1554.63,2025-07-23,购物,房租
20250402XUYYP7,expense,4876.18,2025-04-02,报销,食物
2025011682MVE7,expense,2798.10,2025-01-16,正常,交通
20251125YSXVFD,expense,1231.64,2025-11-25,补贴,交通
20251211CTVT5W,expense,9876.97,2025-12-11,娱乐,娱乐
202504139MHUCV,expense,3669.59,2025-04-13,正常,娱乐
20250807Z7O9O4,expense,5447.07,2025-08-07,加班,食物
20250809ZI4ZAR,expense,2695.89,2025-08-09,报销,食物
20250510AV0M2O,expense,5254.18,2025-05-10,正常,其他
20251214Q8PDDR,expense,4957.07,2025-12-14,生活费,其他
20250204JPUYZV,expense,9770.78,2025-02-04,生活费,食物
20250712XHC5KM,expense,7948.69,2025-07-12,外卖,食物
20250309KDV22W,expense,146.51,2025-03-09,生活费,房租
20250812ZKMSUU,expense,7266.62,2025-08-12,正常,其他
202509259K5P0Q,expense,5413.31,2025-09-25,学习,其他
202510107EY81F,expense,2088.07,2025-10-10,外卖,娱乐
20251122JYWD8T,expense,2556.66,2025-11-22,生活费,其他
20251127V1AIU5,expense,6780.43,2025-11-27,学习,娱乐
20251004K7C4H9,expense,2754.24,2025-10-04,外卖,其他
20250727MYCVVM,expense,2386.30,2025-07-27,加班,娱乐
20251028FX6XTW,expense,9825.13,2025-10-28,差旅,房租
202501020ISZN9,expense,3966.32,2025-01-02,生活费,娱乐
20251126P0S6T3,expense,3986.91,2025-11-26,生活费,食物
20251121NJCG1L,expense,3927.66,2025-11-21,差旅,房租
20251110BZDGF7,expense,120.85,2025-11-10,补贴,食物
20251216ZG5BW8,expense,8818.40,2025-12-16,差旅,房租
20251011LAAWEV,expense,8418.80,2025-10-11,娱乐,娱乐
20250623VFY3C1,expense,1520.49,2025-06-23,购物,其他
20250112KYSCO8,expense,5699.63,2025-01-12,补贴,娱乐
20250410KNU3OO,expense,3023.98,2025-04-10,加班,食物
20250127DYTYLL,expense,5800.93,2025-01-27,外卖,食物
20250627J2649A,expense,3121.11,2025-06-27,娱乐,房租
202511031J5QVJ,expense,9118.71,2025-11-03,学习,食物
20251126T1BP6K,expense,9428.09,2025-11-26,购物,其他
2025010586FH1S,expense,7349.32,2025-01-05,生活费,娱乐
20250827CDATAQ,expense,9319.95,2025-08-27,学习,房租
20250303QEAAIU,expense,8669.92,2025-03-03,补贴,其他
20250208O7XEQH,expense,4188.68,2025-02-08,加班,食物
20250426U54LVY,expense,7075.09,2025-04-26,购物,其他
2025072287KNBY,expense,2616.52,2025-07-22,差旅,房租
20250119ZWME8Q,expense,2913.70,2025-01-19,购物,娱乐
20251112TCLDRZ,expense,1387.87,2025-11-12,购物,食物
202503218JL9EE,expense,5767.86,2025-03-21,生活费,其他
20250102DJ663H,expense,3349.09,2025-01-02,差旅,食物
20250502KV2WF6,expense,9218.37,2025-05-02,正常,娱乐
20250504MBNP4X,expense,207.37,2025-05-04,学习,其他
20250507USNQX2,expense,8848.22,2025-05-07,报销,娱乐
20250426O52JV0,expense,3450.74,2025-04-26,学习,娱乐
20250422EVMKBU,expense,6836.76,2025-04-22,补贴,房租
20250412I0TYCT,expense,3679.56,2025-04-12,加班,其他
20250619KYJ6ZD,expense,8884.99,2025-06-19,娱乐,其他
20250321E5X5MF,expense,9163.78,2025-03-21,正常,交通
20251203IRHZ3L,expense,6005.91,2025-12-03,正常,交通
20250701QQSDAZ,expense,4685.68,2025-07-01,生活费,食物
20250910TUONHE,expense,648.60,2025-09-10,购物,娱乐
20251112XII2Q5,expense,3111.32,2025-11-12,生活费,房租
2025082791BB6W,expense,6219.18,2025-08-27,差旅,娱乐
202504124LC7JT,expense,6614.40,2025-04-12,报销,交通
20250810DDBCQM,expense,1399.57,2025-08-10,学习,其他
20251222CBQNJ6,expense,5767.02,2025-12-22,生活费,房租
20250602AUMH6F,expense,2777.57,2025-06-02,补贴,交通
20250814PJ61ZU,expense,3407.13,2025-08-14,生活费,交通
202507222BYUVO,expense,7656.34,2025-07-22,生活费,娱乐
20250225XMH3FD,expense,318.89,2025-02-25,购物,房租
202510149KKDN2,expense,6106.34,2025-10-14,生活费,交通
20250817WNY71I,expense,9704.00,2025-08-17,学习,房租
20250119REMRQ4,expense,6379.29,2025-01-19,加班,交通
20250409PMDYU7,expense,5289.83,2025-04-09,学习,娱乐
20250523DIV7D1,expense,1731.39,2025-05-23,生活费,娱乐
20250623TNLCV2,expense,1884.96,2025-06-23,差旅,房租
20251218NPG9YB,expense,2555.13,2025-12-18,购物,交通
202501150UDBMR,expense,5551.76,2025-01-15,外卖,娱乐
20251123R8HT9R,expense,5092.33,2025-11-23,学习,娱乐
20250324XAE1ZD,expense,7469.93,2025-03-24,补贴,交通
202508152VWLX7,expense,92.44,2025-08-15,差旅,娱乐
202502149BNSG7,expense,2912.15,2025-02-14,加班,食物
20250502XHAJNJ,expense,5622.55,2025-05-02,学习,房租
20250307EP5N5U,expense,7403.84,2025-03-07,加班,交通
20250123JMPANM,expense,5869.39,2025-01-23,报销,其他
202502151TK9E1,expense,7161.99,2025-02-15,购物,交通
2025122500Y4QI,expense,557.33,2025-12-25,差旅,其他
20250513ETKAIF,expense,4429.21,2025-05-13,补贴,房租
20251028BL80AS,expense,4789.33,2025-10-28,补贴,房租
20250707EXNZIF,expense,3773.34,2025-07-07,加班,交通
20250901SAPK8S,expense,3173.90,2025-09-01,生活费,娱乐
202501188MB5JS,expense,1956.91,2025-01-18,生活费,交通
2025120392C5Z0,expense,9721.64,2025-12-03,娱乐,食物
20251115HDDD1C,expense,1372.70,2025-11-15,差旅,交通
20251207RDY6QI,expense,8487.08,2025-12-07,正常,交通
202509063KCZ8A,expense,750.24,2025-09-06,生活费,交通
20250507IEXDD2,expense,3427.96,2025-05-07,生活费,其他
20250806OCK8XF,expense,4719.72,2025-08-06,娱乐,交通
20250628JX15J3,expense,2980.75,2025-06-28,正常,食物
202512088MSZJ8,expense,6815.28,2025-12-08,购物,娱乐
20251002C8XLF6,expense,1434.02,2025-10-02,生活费,房租
20250921NIFRZZ,expense,4440.64,2025-09-21,加班,房租
20251113QQH0RP,expense,7927.42,2025-11-13,差旅,其他
20250215L1N9VX,expense,2696.90,2025-02-15,外卖,娱乐
2025100657F19Q,expense,8256.15,2025-10-06,娱乐,娱乐
20251208LD0WUV,expense,3092.12,2025-12-08,补贴,其他
20250507N9E0AS,expense,7430.02,2025-05-07,娱乐,食物
20251111NBK8IC,expense,4643.14,2025-11-11,购物,房租
20250812HKQHAZ,expense,221.32,2025-08-12,补贴,房租
20250616Q6XREH,expense,7659.97,2025-06-16,加班,食物
20250715Q2SOLW,expense,9664.49,2025-07-15,购物,娱乐
20250828O453PU,expense,2803.95,2025-08-28,购物,食物
20250615E91H1E,expense,983.28,2025-06-15,外卖,交通
20250622WZ9VID,expense,509.57,2025-06-22,学习,娱乐
20250413PFYUL3,expense,2031.93,2025-04-13,补贴,交通
20251124CUNRZQ,expense,6759.09,2025-11-24,补贴,房租
20250116DGD5YF,expense,604.38,2025-01-16,正常,食物
20250301EMI08H,expense,166.32,2025-03-01,外卖,房租
20250624P99RAD,expense,8182.27,2025-06-24,娱乐,娱乐
20250824TKNYA0,expense,3990.48,2025-08-24,差旅,交通
202507106IBZO7,expense,21.68,2025-07-10,购物,娱乐
20250622703R3Q,expense,1706.40,2025-06-22,生活费,其他
202504027EJSCH,expense,2674.81,2025-04-02,报销,食物
20250126JI5NOZ,expense,9875.62,2025-01-26,购物,其他
20250222J8ZLYV,expense,6580.30,2025-02-22,生活费,交通
202505276LJ5DO,expense,5559.46,2025-05-27,学习,食物
20250507OKC6NU,expense,9260.77,2025-05-07,补贴,房租
20251122ONQWFO,expense,3545.04,2025-11-22,加班,其他
202503149SDBC7,expense,6229.61,2025-03-14,外卖,房租
20250426DCGS58,expense,9576.91,2025-04-26,加班,其他
202511179RJY9T,expense,4964.29,2025-11-17,生活费,房租
20251024DX68TO,expense,5391.65,2025-10-24,补贴,房租
20250412MFYAI3,expense,3183.89,2025-04-12,加班,食物
20251101BQIFJR,expense,9935.00,2025-11-01,报销,娱乐
20250604ECOLUB,expense,5957.57,2025-06-04,加班,食物
20251027YPT3RD,expense,4644.43,2025-10-27,娱乐,食物
20250223GQEDPI,expense,5315.12,2025-02-23,正常,房租
20251007CO8IJU,expense,7929.54,2025-10-07,差旅,食物
20250222QCLQZ9,expense,9398.41,2025-02-22,生活费,其他
20250903SWDZ82,expense,8081.65,2025-09-03,报销,房租
20250928YPRGL1,expense,9274.17,2025-09-28,学习,娱乐
20251023LFJV3S,expense,6605.63,2025-10-23,报销,食物
20250511Y2C4Y2,expense,5301.77,2025-05-11,差旅,房租
20250714SKNPQY,expense,6940.35,2025-07-14,正常,娱乐
20250424U36VC0,expense,6473.38,2025-04-24,生活费,食物
202506184YZ1YY,expense,7724.57,2025-06-18,差旅,房租
20251209UOVZDX,expense,1885.91,2025-12-09,学习,交通
20250324P48YYZ,expense,2051.90,2025-03-24,补贴,交通
2025021593CU5A,expense,3551.87,2025-02-15,加班,房租
202503162DS6PJ,expense,4896.78,2025-03-16,加班,其他
20250210F4Z144,expense,1056.25,2025-02-10,外卖,房租
20250409MGMNOO,expense,188.18,2025-04-09,报销,交通
202504184NKX1R,expense,7380.14,2025-04-18,正常,娱乐
20251202LM12OX,expense,2159.79,2025-12-02,学习,娱乐
2025010367HCOP,expense,7772.24,2025-01-03,差旅,房租
20250521Q2XWTX,expense,1530.19,2025-05-21,正常,其他
20250406CPN603,expense,5226.61,2025-04-06,购物,其他
20250723530MKZ,expense,4040.42,2025-07-23,娱乐,交通
20251226MWK7LZ,expense,8729.63,2025-12-26,生活费,其他
202510028KMUZN,expense,5176.74,2025-10-02,学习,娱乐
20251222Q4Q0E8,expense,7630.56,2025-12-22,差旅,其他
202507035RTIHA,expense,9716.47,2025-07-03,购物,房租
2025101998T3H2,expense,3655.51,2025-10-19,生活费,娱乐
20250908W3LKYC,expense,9054.61,2025-09-08,外卖,食物
20250620URSMW5,expense,8343.85,2025-06-20,生活费,食物
20250901I57KFU,expense,6517.61,2025-09-01,娱乐,房租
20250718CH9YXE,expense,7059.77,2025-07-18,生活费,房租
20251014KRHCE8,expense,491.35,2025-10-14,报销,其他
2025032242P283,expense,2820.47,2025-03-22,正常,其他
20250823KYDXNX,expense,2456.26,2025-08-23,差旅,娱乐
20250609AP8KJ9,expense,7666.64,2025-06-09,正常,娱乐
20250409BWPWC7,expense,6648.86,2025-04-09,报销,其他
202505014NIDN1,expense,2049.11,2025-05-01,购物,房租
20250121Y2W2L5,expense,2053.03,2025-01-21,生活费,其他
20251010Q3E9RM,expense,8691.57,2025-10-10,正常,房租
20250326817EG6,expense,249.23,2025-03-26,差旅,交通
20250904YD56S0,expense,2929.27,2025-09-04,加班,房租
20250807WPOQ8F,expense,8764.41,2025-08-07,差旅,房租
20250619WK6QNM,expense,2687.85,2025-06-19,补贴,娱乐
20250103GUGAUA,expense,8142.54,2025-01-03,学习,其他
20251015LSS8N1,expense,8964.30,2025-10-15,生活费,其他
20251023NSEEXG,expense,5640.42,2025-10-23,外卖,食物
20250828ERJ3TE,expense,4203.95,2025-08-28,加班,房租
20250909FWBWJ9,expense,444.68,2025-09-09,生活费,娱乐
202501034BH7JR,expense,5505.66,2025-01-03,娱乐,房租
20250518VIYH2D,expense,2351.19,2025-05-18,外卖,食物
20250808SEJ902,expense,3955.75,2025-08-08,报销,其他
20250722DCMISV,expense,9144.28,2025-07-22,学习,其他
20251104LQTG2O,expense,667.99,2025-11-04,正常,其他
20250805XTI4WW,expense,5423.92,2025-08-05,外卖,其他
20250617W99XOF,expense,6735.33,2025-06-17,购物,食物
20250203OM4OUQ,expense,59.75,2025-02-03,报销,食物
20251008BRZVRL,expense,1022.38,2025-10-08,差旅,食物
2025050887IHEN,expense,2865.28,2025-05-08,正常,娱乐
20250427TUG40W,expense,7312.13,2025-04-27,购物,食物
20250118DZWPA6,expense,4349.05,2025-01-18,娱乐,房租
202509132P6A3A,expense,8177.27,2025-09-13,补贴,娱乐
20250111GJ9ZVB,expense,7399.87,2025-01-11,差旅,其他
20250204YT7XMQ,expense,2258.73,2025-02-04,补贴,食物
20250716NFBNG0,expense,3437.98,2025-07-16,生活费,娱乐
202504227L39KU,expense,7077.88,2025-04-22,补贴,其他
20250404KS9X01,expense,6608.26,2025-04-04,外卖,交通
20250108FFQW68,expense,4363.07,2025-01-08,学习,其他
20250521AG1OZC,expense,1046.70,2025-05-21,报销,食物
20250623OLL5WA,expense,1107.16,2025-06-23,正常,交通
202511135TW7KH,expense,5314.03,2025-11-13,娱乐,食物
20250801ZQKKFU,expense,2793.53,2025-08-01,加班,娱乐
20250301D16UU8,expense,5690.26,2025-03-01,加班,房租
20251108KMF3IO,expense,6272.09,2025-11-08,学习,娱乐
20250521B5ZK3R,expense,9806.91,2025-05-21,加班,食物
20250306W79L3Y,expense,9526.99,2025-03-06,补贴,娱乐
20250304M05N2W,expense,9816.45,2025-03-04,外卖,其他
20251106LE1AF7,expense,9515.40,2025-11-06,正常,娱乐
20251202R42EQV,expense,4062.35,2025-12-02,差旅,房租
20251202OXNCV1,expense,1334.49,2025-12-02,学习,其他
20250312WPYYIZ,expense,7673.37,2025-03-12,外卖,食物
20251014NKOE4A,expense,6972.80,2025-10-14,学习,房租
20250519STLVEG,expense,6504.76,2025-05-19,正常,食物
2025050198P8JN,expense,6374.19,2025-05-01,娱乐,交通
202506104ZXXL8,expense,1485.84,2025-06-10,加班,食物
202510239XPGUQ,expense,1270.75,2025-10-23,报销,其他
20250402P8BGPK,expense,4539.51,2025-04-02,学习,房租
20251008LAFFJZ,expense,2765.91,2025-10-08,加班,娱乐
20251128SFIWRW,expense,370.36,2025-11-28,生活费,房租
20251224F4NIGT,expense,6564.53,2025-12-24,外卖,房租
20250210GYYPDB,expense,9151.87,2025-02-10,正常,房租
20250808KQZZRY,expense,5485.59,2025-08-08,生活费,其他
20250226V8J2JG,expense,556.03,2025-02-26,加班,房租
20250412VWBHP8,expense,9950.32,2025-04-12,购物,食物
20250525JWJWV5,expense,216.34,2025-05-25,学习,交通
20250710M4JNDY,expense,4434.73,2025-07-10,娱乐,交通
20250220CQVTME,expense,8923.76,2025-02-20,加班,其他
20250116S8KC7A,expense,3508.15,2025-01-16,补贴,娱乐
202508172ONV1F,expense,6578.72,2025-08-17,购物,其他
202501147CAY3N,expense,8432.62,2025-01-14,娱乐,娱乐
20251024TBRPIG,expense,7515.69,2025-10-24,购物,娱乐
2025032401BWYB,expense,6032.43,2025-03-24,报销,娱乐
20250909PKE52N,expense,5317.09,2025-09-09,娱乐,交通
202505110HZ6NA,expense,4119.97,2025-05-11,报销,娱乐
20250927ESWN9V,expense,4206.88,2025-09-27,生活费,娱乐
20250123KB261V,expense,9638.14,2025-01-23,正常,娱乐
20250220FLOGOE,expense,2897.58,2025-02-20,外卖,娱乐
20251012NDUFNK,expense,4786.61,2025-10-12,娱乐,娱乐
20250324SSROAE,expense,2339.75,2025-03-24,报销,房租
20250414M3PBNS,expense,4566.51,2025-04-14,加班,娱乐
202501068NQS21,expense,2929.01,2025-01-06,差旅,其他
20250627E01PS6,expense,7122.35,2025-06-27,外卖,房租
20250626BUPMLU,expense,1537.89,2025-06-26,娱乐,房租
202511232HENZ5,expense,7.16,2025-11-23,生活费,房租
20250521T4S3QM,expense,9275.90,2025-05-21,补贴,娱乐
202512250ZA0YQ,expense,1973.54,2025-12-25,加班,娱乐
20250217MECBI5,expense,2315.31,2025-02-17,外卖,其他
20250501ETJWES,expense,7564.01,2025-05-01,生活费,房租
20251113ML7YAL,expense,8397.63,2025-11-13,购物,房租
202511067ADU9C,expense,4164.77,2025-11-06,正常,交通
20250903BQM7MH,expense,3308.43,2025-09-03,加班,房租
20250621JF6WPO,expense,6129.19,2025-06-21,补贴,娱乐
20250609A9EPM7,expense,9455.66,2025-06-09,正常,房租
20250104LSCJC6,expense,4255.94,2025-01-04,加班,房租
20250521T8Z9U7,expense,1178.45,2025-05-21,补贴,食物
20250721HDIUGH,expense,2478.51,2025-07-21,补贴,其他
20251211K8XHVS,expense,6262.34,2025-12-11,外卖,房租
20251019VC37JJ,expense,8818.38,2025-10-19,生活费,交通
20250214ZME9MJ,expense,7765.50,2025-02-14,生活费,娱乐
20250228U4W72G,expense,4705.24,2025-02-28,差旅,食物
20250327NURW91,expense,926.55,2025-03-27,娱乐,食物
20251112THDIEI,expense,2338.30,2025-11-12,正常,其他
20250518JT7E5L,expense,1672.72,2025-05-18,购物,房租
202508105OJK08,expense,7751.25,2025-08-10,外卖,交通
20250906FYQ4XC,expense,8189.23,2025-09-06,购物,房租
202504138VVWSD,expense,1743.97,2025-04-13,补贴,交通
202512084LMX7J,expense,4678.01,2025-12-08,学习,娱乐
20250823HR2QF6,expense,1010.12,2025-08-23,差旅,交通
20250211Y9KZ6C,expense,5366.62,2025-02-11,正常,食物
202503149YH549,expense,4306.28,2025-03-14,正常,房租
202508196D8PQ3,expense,6701.53,2025-08-19,差旅,娱乐
202501032WKCN5,expense,2179.89,2025-01-03,外卖,房租
20250507NZ31UG,expense,6162.40,2025-05-07,外卖,食物
20250724W3HI8I,expense,1326.65,2025-07-24,外卖,娱乐
20251022BYXIVV,expense,3461.96,2025-10-22,差旅,食物
20250810GMW8C7,expense,7456.30,2025-08-10,学习,房租
20250711HWJ7UV,expense,9271.54,2025-07-11,生活费,其他
20250228JLYPH8,expense,5106.06,2025-02-28,娱乐,其他
20251102NOCLIB,expense,2320.37,2025-11-02,学习,食物
20250828MSID5P,expense,7356.06,2025-08-28,外卖,交通
20250524HOH6HX,expense,3044.09,2025-05-24,生活费,房租
20250704N2TA84,expense,660.28,2025-07-04,生活费,交通
20250101BQXSE3,expense,3737.34,2025-01-01,差旅,娱乐
20250520UWGC3F,expense,917.47,2025-05-20,外卖,食物
202509246SAUEJ,expense,3985.87,2025-09-24,差旅,其他
20250119TX5HI8,expense,6022.48,2025-01-19,购物,交通
2025121968YQU3,expense,5528.38,2025-12-19,外卖,房租
20250619N49NK4,expense,9888.95,2025-06-19,娱乐,交通
20251026L8TU0L,expense,3234.96,2025-10-26,外卖,房租
20250804A0EQW9,expense,9811.10,2025-08-04,补贴,娱乐
20251112NXELAI,expense,8443.70,2025-11-12,报销,房租
202512251NYFVK,expense,3038.35,2025-12-25,购物,交通
20250905J5EO3J,expense,5971.55,2025-09-05,外卖,房租
20251210I2NWIM,expense,4017.21,2025-12-10,差旅,交通
20250815Y9SFL0,expense,4077.42,2025-08-15,补贴,娱乐
20250110UYUAQQ,expense,9049.88,2025-01-10,加班,交通
20250927WYOW9X,expense,8700.27,2025-09-27,加班,房租
20250507S14RMX,expense,6527.69,2025-05-07,补贴,其他
20250811IFP7ET,expense,4785.98,2025-08-11,正常,其他
20251012YFCU01,expense,9877.05,2025-10-12,生活费,娱乐
20250518UOE5MN,expense,2845.15,2025-05-18,学习,娱乐
20250603QSJBBL,expense,8102.71,2025-06-03,学习,其他
20250212CWF5VK,expense,6598.81,2025-02-12,生活费,其他
202510227SROCF,expense,4626.37,2025-10-22,外卖,房租
20250501SHI4H2,expense,2497.20,2025-05-01,差旅,房租
20250525XMSG69,expense,1947.80,2025-05-25,报销,其他
20251109J9B2C1,expense,3364.14,2025-11-09,娱乐,食物
20250506OBKAWR,expense,3031.03,2025-05-06,生活费,其他
20250526O9WJ7D,expense,7949.14,2025-05-26,外卖,娱乐
20250508XQPIHN,expense,7835.81,2025-05-08,报销,娱乐
202505062Y8DCJ,expense,2908.38,2025-05-06,报销,娱乐
20250320ITAU3L,expense,824.88,2025-03-20,购物,娱乐
202510191I7I52,expense,6881.39,2025-10-19,报销,其他
20250518Q706BP,expense,1692.18,2025-05-18,差旅,其他
20251001R633KC,expense,6922.72,2025-10-01,娱乐,其他
20250312SLDEC7,expense,9039.37,2025-03-12,补贴,房租
20250828H1RKCR,expense,693.04,2025-08-28,加班,交通
202511023ZAUD1,expense,8321.31,2025-11-02,加班,食物
20250528J8MS06,expense,5685.50,2025-05-28,外卖,食物
20250527N9TSL5,expense,2645.66,2025-05-27,学习,娱乐
20251126PFB5SX,expense,7115.95,2025-11-26,外卖,娱乐
202503082DOC3N,expense,7764.22,2025-03-08,差旅,食物
20250816IN0BO7,expense,6524.62,2025-08-16,购物,房租
202505120O4PVY,expense,9705.01,2025-05-12,生活费,食物
202510171MG8R2,expense,3730.80,2025-10-17,娱乐,交通
20250219BI4OSR,expense,7164.85,2025-02-19,补贴,房租
20250118HQ3R3V,expense,6841.54,2025-01-18,生活费,娱乐
20251011VG72RI,expense,7877.81,2025-10-11,外卖,娱乐
20250805UOX97V,expense,2607.12,2025-08-05,补贴,房租
20250424NVY0QK,expense,7367.66,2025-04-24,娱乐,食物
20250904EUQZAI,expense,6432.49,2025-09-04,正常,其他
20250824F4UTCA,expense,6687.20,2025-08-24,正常,娱乐
20251126FP0SS9,expense,9557.50,2025-11-26,补贴,食物
20250312QI60JY,expense,112.73,2025-03-12,学习,娱乐
20250115SNFQ5J,expense,6320.53,2025-01-15,学习,娱乐
20250719SXGVAD,expense,7636.75,2025-07-19,娱乐,娱乐
20251107THO8B6,expense,2893.73,2025-11-07,差旅,娱乐
20250617304NKV,expense,1177.42,2025-06-17,加班,房租
20251006F11DEU,expense,959.55,2025-10-06,外卖,房租
20250711SWY215,expense,6702.57,2025-07-11,加班,房租
20251013BEQRWP,expense,365.84,2025-10-13,学习,食物
20250311M3CER8,expense,7376.53,2025-03-11,正常,其他
20250520HU945T,expense,7392.50,2025-05-20,补贴,房租
20250218TRCD59,expense,8397.84,2025-02-18,生活费,房租
20251120FT34WP,expense,4755.58,2025-11-20,补贴,其他
20250903LBLTTG,expense,1821.93,2025-09-03,差旅,其他
20250316OJ403S,expense,8399.21,2025-03-16,报销,娱乐
202510181VBGK8,expense,2256.37,2025-10-18,补贴,娱乐
20250121RQVME5,expense,138.11,2025-01-21,购物,食物
20250817XA0D46,expense,976.86,2025-08-17,购物,食物
20250215UXWCNX,expense,9906.21,2025-02-15,正常,食物
20250413VZV168,expense,5836.51,2025-04-13,差旅,其他
20250723Q0YP2L,expense,1330.58,2025-07-23,正常,食物
20250920N7K2EK,expense,6806.11,2025-09-20,购物,食物
202508192XKR2L,expense,537.17,2025-08-19,学习,其他
20250612S8IZL4,expense,9986.60,2025-06-12,差旅,交通
20250704A7UQ8J,expense,890.34,2025-07-04,购物,娱乐
20251120VW74E5,expense,548.89,2025-11-20,购物,娱乐
202507249HPUTC,expense,5613.22,2025-07-24,差旅,娱乐
20251122P1CN7M,expense,1580.37,2025-11-22,加班,其他
202510192NFYWE,expense,5337.66,2025-10-19,娱乐,交通
202509172UINSZ,expense,1304.79,2025-09-17,报销,娱乐
20250801T5V4QT,expense,6547.72,2025-08-01,报销,房租
202507085UJJHO,expense,7807.25,2025-07-08,外卖,房租
202508033KNE6T,expense,2223.73,2025-08-03,外卖,娱乐
20250213SCP160,expense,9790.52,2025-02-13,差旅,交通
20250522RRKHT6,expense,489.59,2025-05-22,差旅,房租
202504132SF63H,expense,8665.83,2025-04-13,购物,房租
202505064TN03X,expense,6023.71,2025-05-06,报销,交通
20250517VAR3N6,expense,375.33,2025-05-17,报销,娱乐
20250922KGN1TZ,expense,7142.83,2025-09-22,娱乐,娱乐
20250403WLCK1S,expense,5458.98,2025-04-03,生活费,房租
2025100156E9EU,expense,6838.06,2025-10-01,学习,交通
20250309YEKRKP,expense,3634.45,2025-03-09,生活费,食物
20250909E22WK4,expense,124.74,2025-09-09,娱乐,其他
20250110UCD05Y,expense,7678.95,2025-01-10,补贴,交通
2025100877GCR5,expense,7564.19,2025-10-08,正常,房租
202512120DKS8N,expense,5286.75,2025-12-12,娱乐,娱乐
20250602HK4QQF,expense,9480.01,2025-06-02,学习,娱乐
20250822ZYM6WS,expense,9976.51,2025-08-22,娱乐,食物
20250226FF5DFK,expense,5728.23,2025-02-26,生活费,房租
20250228FRGL89,expense,2149.53,2025-02-28,报销,娱乐
20250905WK7JMN,expense,4111.35,2025-09-05,娱乐,房租
20250816W0X3WA,expense,6614.26,2025-08-16,差旅,房租
20250220WJCLD1,expense,4103.19,2025-02-20,正常,房租
20250928NQ7FKH,expense,8857.56,2025-09-28,差旅,交通
20250816H5CGBG,expense,9697.87,2025-08-16,报销,交通
20251214PBQPK9,expense,1418.66,2025-12-14,正常,食物
20250213YND25C,expense,3164.57,2025-02-13,补贴,食物
20250616XHULYG,expense,5528.69,2025-06-16,购物,娱乐
20250224S56TRX,expense,7881.13,2025-02-24,娱乐,其他
20250522X40KAI,expense,2030.63,2025-05-22,差旅,食物
20250315GOYTJ6,expense,6152.41,2025-03-15,加班,其他
202501028ZJ8W8,expense,6178.43,2025-01-02,差旅,房租
20250704G5JYCH,expense,8921.61,2025-07-04,报销,交通
20251007VEGN81,expense,3030.49,2025-10-07,补贴,交通
20250401S1VV08,expense,9466.02,2025-04-01,报销,食物
202507254THTHL,expense,1921.23,2025-07-25,娱乐,房租
202506190XC0DY,expense,6481.29,2025-06-19,报销,娱乐
20250613XOZOE9,expense,1616.97,2025-06-13,报销,娱乐
20251021QAUESY,expense,1022.59,2025-10-21,娱乐,娱乐
2025051737325G,expense,550.32,2025-05-17,学习,房租
20250212HJIBBN,expense,4280.59,2025-02-12,购物,娱乐
20251027NGCEKV,expense,2294.68,2025-10-27,学习,食物
20250118WAE138,expense,4585.06,2025-01-18,购物,房租
20250815HDCDR4,expense,1297.45,2025-08-15,补贴,娱乐
20250305QXHV9Y,expense,447.85,2025-03-05,学习,食物
20250907GEEYSA,expense,8553.84,2025-09-07,娱乐,娱乐
202501024E504W,expense,4649.45,2025-01-02,学习,食物
20251220K74DEJ,expense,6072.86,2025-12-20,加班,食物
20250602KG6RR1,expense,4356.28,2025-06-02,生活费,其他
20251107EGRJ36,expense,5926.79,2025-11-07,报销,食物
20250628HVS3VH,expense,8649.16,2025-06-28,正常,交通
202502066I72I8,expense,9070.08,2025-02-06,娱乐,交通
20250925P2E6JU,expense,6171.49,2025-09-25,购物,房租
202507052GRKC3,expense,7011.24,2025-07-05,购物,娱乐
20250913KT63QG,expense,8489.77,2025-09-13,报销,房租
20250715XXC0EB,expense,7740.73,2025-07-15,学习,食物
20250524B26N9Z,expense,8773.48,2025-05-24,学习,娱乐
20250226TI9KQK,expense,865.54,2025-02-26,学习,房租
2025011877G1Q5,expense,8792.98,2025-01-18,学习,交通
20250712HLBNTE,expense,3545.33,2025-07-12,外卖,其他
20250707ALQJ8V,expense,8668.32,2025-07-07,学习,房租
202506052XI09Y,expense,7082.34,2025-06-05,加班,娱乐
20250310YVXU1P,expense,2301.62,2025-03-10,娱乐,食物
20251010ENW6VQ,expense,7973.16,2025-10-10,学习,交通
20250425H56RXI,expense,6835.78,2025-04-25,学习,食物
20251203VFKGBI,expense,3299.18,2025-12-03,加班,房租
20250315N5V7MS,expense,1191.63,2025-03-15,加班,交通
202503136OSGKW,expense,9096.38,2025-03-13,报销,其他
20250910PAHLR5,expense,585.10,2025-09-10,正常,食物
20250719I6GBM3,expense,5994.98,2025-07-19,生活费,房租
20250601TFRWMQ,expense,6691.03,2025-06-01,补贴,娱乐
202508241BMA1F,expense,6454.15,2025-08-24,学习,其他
20250818D8XH7X,expense,6726.73,2025-08-18,外卖,房租
20250802E2JLH0,expense,4328.17,2025-08-02,正常,交通
20250319ZSOD24,expense,4854.19,2025-03-19,学习,交通
20251209XSYYCK,expense,2717.53,2025-12-09,补贴,交通
20250627OOL2CP,expense,3659.70,2025-06-27,差旅,交通
202512181ZPWIT,expense,174.19,2025-12-18,补贴,娱乐
20250716DSOZD0,expense,637.48,2025-07-16,差旅,其他
20250324YMD2JH,expense,1459.65,2025-03-24,加班,交通
20250801Q86SRC,expense,7428.07,2025-08-01,娱乐,房租
202502145EAUA5,expense,8570.53,2025-02-14,差旅,交通
202501108D7NA3,expense,5330.67,2025-01-10,外卖,娱乐
20250108OGK9RE,expense,1451.47,2025-01-08,差旅,其他
20250612AG4THU,expense,4759.37,2025-06-12,差旅,房租
202511273G3CTF,expense,1314.71,2025-11-27,加班,食物
202510046GLIO8,expense,7913.32,2025-10-04,购物,交通
202507027PWLS8,expense,5152.18,2025-07-02,购物,交通
20250706MAMD45,expense,8581.16,2025-07-06,差旅,交通
2025041946JAKK,expense,3574.60,2025-04-19,学习,食物
202510236MBXEX,expense,8365.39,2025-10-23,报销,交通
20250612MH4GHD,expense,1815.93,2025-06-12,补贴,食物
20250817K8OOKQ,expense,7959.73,2025-08-17,娱乐,交通
20250828CRMFZ1,expense,6593.08,2025-08-28,加班,房租
20250323BT32IY,expense,5015.55,2025-03-23,学习,食物
20250222DUTKCS,expense,6240.13,2025-02-22,正常,娱乐
20250225D93787,expense,2129.94,2025-02-25,差旅,食物
20251121O6FOZO,expense,8279.61,2025-11-21,购物,房租
202502062BEMJ6,expense,5222.98,2025-02-06,购物,食物
202501054GXASN,expense,8756.46,2025-01-05,补贴,交通
20250925HQRI5R,expense,6705.70,2025-09-25,报销,食物
202501023O574G,expense,2503.36,2025-01-02,差旅,其他
2025011088HKXK,expense,662.93,2025-01-10,补贴,娱乐
202502265YGZGV,expense,4294.74,2025-02-26,学习,交通
202503255OMV0K,expense,7519.99,2025-03-25,差旅,房租
20251006HFO1E3,expense,1721.12,2025-10-06,学习,交通
202504017HTIBN,expense,28.17,2025-04-01,补贴,其他
20250707KO43OK,expense,5477.82,2025-07-07,外卖,食物
20250924XHKI6G,expense,8541.87,2025-09-24,学习,食物
20250407BQ8ZBK,expense,6015.96,2025-04-07,报销,娱乐
20250719HLINWC,expense,1414.60,2025-07-19,学习,娱乐
20251104GOHN53,expense,1207.76,2025-11-04,报销,食物
202506224M3YMR,expense,4119.28,2025-06-22,娱乐,其他
20250503I8WLHO,expense,7718.50,2025-05-03,正常,其他
20251121HE42HJ,expense,3262.34,2025-11-21,报销,房租
20250205ZCDQVG,expense,5805.02,2025-02-05,补贴,房租
20250401EJERF4,expense,3571.53,2025-04-01,生活费,交通
20251019FHM3P6,expense,8948.37,2025-10-19,正常,交通
2025071105U6RD,expense,8966.21,2025-07-11,补贴,房租
20250109RO3VPU,expense,1060.63,2025-01-09,加班,娱乐
20250319DVQMQ5,expense,6320.91,2025-03-19,补贴,交通
202506265GMOHH,expense,3962.52,2025-06-26,报销,房租
2025112682SM3S,expense,8268.94,2025-11-26,生活费,交通
20251123XHCII6,expense,2641.86,2025-11-23,补贴,交通
20250205S77YTM,expense,6329.33,2025-02-05,补贴,娱乐
20250618GMXIGI,expense,4883.92,2025-06-18,学习,房租
20250112NM6GCP,expense,887.02,2025-01-12,娱乐,食物
20251225PWFLIX,expense,7731.02,2025-12-25,报销,其他
20250412PPF6OB,expense,4242.09,2025-04-12,差旅,其他
20250620J1KO1Q,expense,3074.67,2025-06-20,生活费,交通
202503090T36GV,expense,3094.82,2025-03-09,补贴,其他
202512200UU8K3,expense,3028.37,2025-12-20,学习,娱乐
20250522VBH6CQ,expense,5288.17,2025-05-22,加班,其他
20250303ZERTJ9,expense,9558.89,2025-03-03,正常,其他
20251115DTLI8U,expense,7590.76,2025-11-15,学习,娱乐
202505176LXWY2,expense,2247.45,2025-05-17,补贴,交通
20250728XYYOX1,expense,5188.60,2025-07-28,差旅,房租
20251212OOBC8H,expense,1272.45,2025-12-12,购物,交通
20251220I6GSFG,expense,4347.73,2025-12-20,娱乐,其他
2025112460YOFY,expense,1689.22,2025-11-24,正常,其他
20250319RK0C0P,expense,2984.79,2025-03-19,加班,食物
20250417LNSBX6,expense,6314.71,2025-04-17,娱乐,交通
20251114ZO2I6T,expense,7381.45,2025-11-14,加班,其他
202506156TOGKO,expense,227.95,2025-06-15,生活费,交通
20250502DT02HU,expense,6254.05,2025-05-02,购物,其他
20251209WDJEFX,expense,4056.97,2025-12-09,报销,娱乐
20251221CTT5RJ,expense,4875.15,2025-12-21,正常,其他
202504268392K2,expense,7972.02,2025-04-26,加班,娱乐
202508101N6MZL,expense,7406.52,2025-08-10,加班,食物
20250605GSSX4I,expense,969.20,2025-06-05,差旅,娱乐
20251106XKC8TQ,expense,4178.18,2025-11-06,差旅,娱乐
202509279926OY,expense,4202.24,2025-09-27,娱乐,交通
20250807ODLP24,expense,3303.89,2025-08-07,购物,娱乐
2025040764SF91,expense,13.30,2025-04-07,补贴,其他
20250312AFCC50,expense,7861.02,2025-03-12,补贴,交通
20251018L2LGYH,expense,8232.78,2025-10-18,补贴,娱乐
20250228BD0HS1,expense,5140.85,2025-02-28,学习,娱乐
20250321ZRB9VC,expense,9391.83,2025-03-21,补贴,房租
20250318IIAYVI,expense,9692.89,2025-03-18,学习,房租
202503088FZSTG,expense,5536.20,2025-03-08,购物,娱乐
20250809EF2JEX,expense,2871.19,2025-08-09,正常,其他
20251021ALRULJ,expense,4915.55,2025-10-21,报销,交通
20251225BKOGXL,expense,6632.51,2025-12-25,娱乐,娱乐
20250219X51FU2,expense,3001.37,2025-02-19,加班,其他
202511090I6DTC,expense,4799.68,2025-11-09,加班,房租
20250917XYOPBC,expense,5176.19,2025-09-17,加班,娱乐
20250117H7Z99C,expense,3796.20,2025-01-17,外卖,娱乐
20251027VSG3KC,expense,9048.88,2025-10-27,外卖,房租
202505136NIP26,expense,3221.08,2025-05-13,外卖,其他
20250203YLEWMS,expense,7158.77,2025-02-03,生活费,房租
2025041529EATF,expense,1077.97,2025-04-15,补贴,其他
202509247V0O67,expense,5499.67,2025-09-24,学习,交通
202501027WF3SE,expense,3209.50,2025-01-02,外卖,其他
20250801WXP0ZP,expense,3199.92,2025-08-01,正常,其他
20250706XNJ4KU,expense,7609.03,2025-07-06,报销,房租
20250722U7DZ6R,expense,4999.95,2025-07-22,差旅,娱乐
20251017Q7F8IY,expense,7529.84,2025-10-17,加班,娱乐
202507253GTK1Y,expense,2176.65,2025-07-25,外卖,其他
20251226XBMY9M,expense,4234.00,2025-12-26,学习,房租
20250526TDJFC5,expense,8320.57,2025-05-26,外卖,房租
202504282JCZMG,expense,7401.62,2025-04-28,加班,交通
20251024O6G0D0,expense,5584.46,2025-10-24,正常,房租
202502107XQHKQ,expense,282.53,2025-02-10,购物,房租
20250421J15J9J,expense,5247.09,2025-04-21,加班,房租
20251014E53NH4,expense,4410.23,2025-10-14,正常,食物
20250617AST1ZM,expense,7774.82,2025-06-17,正常,食物
202502248AXAAX,expense,6503.59,2025-02-24,加班,食物
202508126BUDSR,expense,4540.27,2025-08-12,加班,其他
20250701XUAW9I,expense,9397.55,2025-07-01,加班,交通
202510252G0YW4,expense,8614.07,2025-10-25,报销,其他
202503246FDJMM,expense,9479.70,2025-03-24,学习,交通
202501153CE51K,expense,7237.85,2025-01-15,补贴,其他
202509069CNN2Y,expense,2479.65,2025-09-06,补贴,其他
20250920RVU7SE,expense,6299.64,2025-09-20,正常,房租
20251210H3J8YI,expense,6508.09,2025-12-10,差旅,其他
20251017NJM8G6,expense,8499.76,2025-10-17,购物,其他
20251007Q6QZVX,expense,2342.45,2025-10-07,差旅,食物
202511173H8YCX,expense,1660.60,2025-11-17,娱乐,交通
20250107TUYBZS,expense,5520.89,2025-01-07,差旅,娱乐
20250208CQDBI9,expense,1739.95,2025-02-08,娱乐,食物
20250325AYBVRW,expense,5041.67,2025-03-25,娱乐,交通
20250816YRTGWN,expense,6354.50,2025-08-16,差旅,交通
20250707O7LOXJ,expense,3160.34,2025-07-07,学习,娱乐
20250209H92Z90,expense,6089.15,2025-02-09,补贴,娱乐
20250822DOC2V7,expense,2163.68,2025-08-22,娱乐,食物
20250822LAD3O8,expense,8479.59,2025-08-22,生活费,娱乐
20250911UPF2A1,expense,7619.94,2025-09-11,购物,食物
202502123WX0FX,expense,5364.06,2025-02-12,差旅,娱乐
202503075TDQK5,expense,9767.55,2025-03-07,加班,交通
2025072298W9NX,expense,6400.56,2025-07-22,加班,食物
20251223MK12NA,expense,9098.67,2025-12-23,报销,房租
20251223CY5I5G,expense,6096.01,2025-12-23,补贴,娱乐
20250214W4FPVF,expense,4339.47,2025-02-14,报销,交通
202502176GAAR6,expense,7418.22,2025-02-17,外卖,食物
202508199F5EU1,expense,2817.88,2025-08-19,外卖,房租
20251206D5ZHV9,expense,5478.75,2025-12-06,报销,娱乐
20250507MH9Q7X,expense,3048.00,2025-05-07,补贴,其他
202501170YC9JN,expense,1230.52,2025-01-17,外卖,食物
20250120DQW0ZE,expense,1619.77,2025-01-20,加班,娱乐
20250310H4IHMR,expense,3308.96,2025-03-10,外卖,其他
202504091VCOF1,expense,4367.37,2025-04-09,差旅,房租
202508280RTYT5,expense,823.89,2025-08-28,学习,房租
202507071FIJUO,expense,3384.08,2025-07-07,报销,其他
202502014O1MK0,expense,8578.94,2025-02-01,补贴,其他
20250416QJMZ4Z,expense,6779.25,2025-04-16,正常,交通
202504123ACV9U,expense,8906.56,2025-04-12,娱乐,房租
202503239LFEJZ,expense,6993.21,2025-03-23,生活费,交通
20251207X4LZG9,expense,9713.08,2025-12-07,正常,交通
202506127NJG3M,expense,7084.74,2025-06-12,外卖,交通
20250127RJ2SSK,expense,1204.39,2025-01-27,加班,交通
20250910E4TUZM,expense,4441.67,2025-09-10,购物,娱乐
20250714R8S9UG,expense,5261.03,2025-07-14,娱乐,房租
20250611IPVD9B,expense,1657.77,2025-06-11,购物,其他
20250311VR8CVF,expense,254.73,2025-03-11,加班,娱乐
20250423CHPIZB,expense,3156.33,2025-04-23,加班,娱乐
20250117D0DBOI,expense,8771.04,2025-01-17,补贴,娱乐
202508180AXCBH,expense,8804.10,2025-08-18,差旅,房租
2025122527YRJU,expense,8826.89,2025-12-25,学习,食物
20251028I1XWZV,expense,2659.75,2025-10-28,差旅,娱乐
202503183DA7WL,expense,1818.30,2025-03-18,报销,交通
20250207C0KVV0,expense,1977.53,2025-02-07,差旅,房租
2025102519XEDF,expense,2917.01,2025-10-25,学习,其他
20251028FQK3WX,expense,3084.91,2025-10-28,购物,其他
202510115DQH1P,expense,100.01,2025-10-11,加班,其他
20250810R4PDEM,expense,7469.47,2025-08-10,购物,交通
20251115NN6GN0,expense,8502.00,2025-11-15,报销,其他
20250520ITL5KN,expense,1621.61,2025-05-20,生活费,食物
20250311NEEH77,expense,8125.96,2025-03-11,补贴,娱乐
202509181KFX3C,expense,7026.75,2025-09-18,报销,房租
20250722VFTI6M,expense,5789.81,2025-07-22,生活费,食物
20250605XKJMPI,expense,4024.48,2025-06-05,生活费,食物
20250916LUY0B4,expense,9625.88,2025-09-16,加班,房租
202507166ZKXUO,expense,9312.86,2025-07-16,外卖,房租
2025061686BD8N,expense,4643.74,2025-06-16,购物,房租
20251023MFUY6R,expense,7487.11,2025-10-23,差旅,房租
20250427KP5P27,expense,7096.72,2025-04-27,正常,房租
20251102IZWFWW,expense,2363.77,2025-11-02,购物,其他
202508184DSI53,expense,1263.22,2025-08-18,报销,交通
202505177D53T3,expense,2696.93,2025-05-17,加班,交通
202505130UHI03,expense,1509.52,2025-05-13,外卖,娱乐
20250319YNSQ6F,expense,818.46,2025-03-19,生活费,食物
20250326MJV3Q0,expense,509.44,2025-03-26,购物,房租
20250426JRW5UA,expense,5872.62,2025-04-26,差旅,食物
20250323IWZ9ZX,expense,2849.23,2025-03-23,差旅,娱乐
202507280KY514,expense,2109.70,2025-07-28,加班,娱乐
202509198858ZR,expense,5559.51,2025-09-19,差旅,其他
20250112CQYRSG,expense,5723.01,2025-01-12,学习,娱乐
202505287BD3KI,expense,8874.97,2025-05-28,加班,房租
20250220T3PEY2,expense,6429.34,2025-02-20,外卖,交通
20250102E4AS2C,expense,6335.45,2025-01-02,正常,交通
20250326PP0267,expense,9064.56,2025-03-26,差旅,交通
20250724FXO95P,expense,73.69,2025-07-24,娱乐,交通
202502258EYCEQ,expense,318.18,2025-02-25,娱乐,交通
20250622GAE35J,expense,7442.92,2025-06-22,加班,娱乐
20251206FV029W,expense,6848.24,2025-12-06,补贴,房租
20250510PFZYH4,expense,7566.17,2025-05-10,报销,食物
202512138IFHVE,expense,8823.66,2025-12-13,娱乐,交通
20250711LFWCCZ,expense,5717.28,2025-07-11,购物,交通
2025012379Y481,expense,1846.79,2025-01-23,娱乐,其他
20251212A37777,expense,7925.98,2025-12-12,生活费,交通
20251004H2S9XK,expense,5335.38,2025-10-04,生活费,其他
20250606W4SLZ3,expense,2810.44,2025-06-06,报销,娱乐
20250214BEDIRV,expense,6743.28,2025-02-14,生活费,其他
202509213OD2P1,expense,259.53,2025-09-21,生活费,娱乐
20250821SN4B8Z,expense,2280.06,2025-08-21,差旅,娱乐
202504132ISJZN,expense,6890.53,2025-04-13,娱乐,其他
20251211W5B83T,expense,6747.87,2025-12-11,报销,娱乐
20251221XOGK0D,expense,3015.14,2025-12-21,生活费,食物
20250309C0QH78,expense,3118.27,2025-03-09,补贴,交通
202512255LUMD6,expense,9083.07,2025-12-25,外卖,食物
20250204ZR6WCU,expense,6080.47,2025-02-04,外卖,娱乐
20250306Y27EQS,expense,3228.32,2025-03-06,补贴,娱乐
20250205Q3U4HA,expense,5912.52,2025-02-05,报销,娱乐
20250223BZ066Y,expense,8218.24,2025-02-23,正常,食物
20250210KR2VXD,expense,4340.15,2025-02-10,娱乐,娱乐
20250903NLAXI5,expense,4741.70,2025-09-03,学习,交通
202501208EJQNX,expense,8348.47,2025-01-20,正常,交通
20250805GH23A0,expense,2320.43,2025-08-05,学习,娱乐
20250122TU1RQZ,expense,4779.58,2025-01-22,正常,其他
20251220E1R82Y,expense,2894.86,2025-12-20,正常,房租
202504080GZRKV,expense,9197.58,2025-04-08,补贴,娱乐
20250117SWBYT4,expense,2703.70,2025-01-17,补贴,娱乐
20251025E0C8DH,expense,3955.03,2025-10-25,学习,娱乐
20251206GC0BJS,expense,5584.65,2025-12-06,报销,交通
20250718WWOOC5,expense,1687.95,2025-07-18,差旅,交通
20250904BSOA1C,expense,5525.54,2025-09-04,补贴,交通
20250517JJOJBS,expense,181.86,2025-05-17,学习,其他
20251025VBLC52,expense,7596.45,2025-10-25,加班,食物
202505023862L4,expense,4672.88,2025-05-02,生活费,娱乐
20250421Z3NIHF,expense,6311.10,2025-04-21,外卖,娱乐
20250105BGFFIO,expense,7638.42,2025-01-05,加班,食物
20251128KY1W44,expense,2525.04,2025-11-28,生活费,房租
2025121330OARI,expense,312.32,2025-12-13,正常,食物
20250526EV2G58,expense,6678.12,2025-05-26,娱乐,房租
20250612Q14HUV,expense,1344.21,2025-06-12,正常,房租
202507106WL4UM,expense,1273.35,2025-07-10,报销,食物
20250513W58SGY,expense,5672.25,2025-05-13,报销,交通
20251124M4N7YM,expense,2267.65,2025-11-24,生活费,房租
20250112WGKC98,expense,92.17,2025-01-12,差旅,交通
20250718KI29ZY,expense,2943.32,2025-07-18,加班,食物
20250108EPYIC6,expense,277.97,2025-01-08,差旅,食物
20250319ORM19D,expense,2861.45,2025-03-19,学习,其他
20251103CB5UX2,expense,9547.25,2025-11-03,学习,交通
20250307C3Q0UC,expense,6584.12,2025-03-07,加班,食物
202505266VAIZM,expense,5933.62,2025-05-26,加班,食物
2025041461O5NQ,expense,2297.65,2025-04-14,补贴,交通
20250307S1G4X5,expense,902.68,2025-03-07,正常,食物
20250919TNVO5L,expense,393.22,2025-09-19,娱乐,房租
2025082215BKL7,expense,2103.58,2025-08-22,外卖,房租
20250309WUEERS,expense,167.81,2025-03-09,购物,其他
20251216K4GSV9,expense,8756.72,2025-12-16,生活费,食物
20250114M6V9J6,expense,558.11,2025-01-14,加班,娱乐
20250812D9KTND,expense,1461.01,2025-08-12,购物,食物
20250201G63H30,expense,6202.58,2025-02-01,学习,交通
20250920O89NCM,expense,8419.67,2025-09-20,补贴,娱乐
202512233J5KFN,expense,3584.17,2025-12-23,补贴,交通
202501068G82X7,expense,7268.06,2025-01-06,差旅,娱乐
202509288C0I18,expense,5679.81,2025-09-28,补贴,其他
20250821V7VJIG,expense,8668.13,2025-08-21,差旅,交通
20250220GWR36A,expense,6334.97,2025-02-20,娱乐,娱乐
20250318ZYF0V4,expense,5321.86,2025-03-18,购物,其他
2025082558BIQQ,expense,3515.59,2025-08-25,加班,娱乐
20250721FL7T06,expense,7666.66,2025-07-21,差旅,食物
20250428RJTXD8,expense,5622.38,2025-04-28,生活费,交通
202508136FW27D,expense,837.61,2025-08-13,报销,娱乐
20250721STQ528,expense,208.27,2025-07-21,学习,娱乐
20250519V6Z9M8,expense,4931.36,2025-05-19,生活费,娱乐
202507075HXANZ,expense,3595.48,2025-07-07,外卖,房租
20250324P6BLRT,expense,2848.08,2025-03-24,加班,娱乐
20250609AO2OZV,expense,8439.64,2025-06-09,生活费,房租
202510210CAYBF,expense,4531.31,2025-10-21,补贴,其他
202511032Q6IBE,expense,1647.26,2025-11-03,娱乐,交通
20251205I269WU,expense,5008.70,2025-12-05,补贴,娱乐
20251125WZ09TD,expense,982.65,2025-11-25,报销,食物
20250215H9S1BQ,expense,1254.85,2025-02-15,外卖,其他
20251028J5DMMD,expense,9177.36,2025-10-28,外卖,娱乐
20250201GSAJHR,expense,6242.87,2025-02-01,加班,交通
20250714R8LOKD,expense,3754.40,2025-07-14,生活费,交通
20251101187BHT,expense,8662.95,2025-11-01,外卖,娱乐
20251115MDTG1E,expense,5374.82,2025-11-15,学习,房租
20251227YBGMHG,expense,637.25,2025-12-27,生活费,食物
202506026L866A,expense,61.85,2025-06-02,正常,食物
202511112ZB3FE,expense,5943.23,2025-11-11,学习,房租
20250409CDZEFN,expense,9564.36,2025-04-09,外卖,娱乐
20250906UZPI3F,expense,5173.91,2025-09-06,外卖,交通
20251018CYFK19,expense,8623.52,2025-10-18,外卖,其他
20250320LPEGTH,expense,3497.68,2025-03-20,差旅,房租
20250927MGU3YH,expense,1784.77,2025-09-27,差旅,交通
20250521XNIFC3,expense,2533.25,2025-05-21,补贴,房租
20250514K9L1XU,expense,6927.11,2025-05-14,加班,食物
20251209SYO0YA,expense,1253.70,2025-12-09,生活费,其他
20250414ID3DK7,expense,6821.74,2025-04-14,报销,娱乐
20251024JPC6IW,expense,2978.19,2025-10-24,购物,房租
20250506X2XIE3,expense,8482.65,2025-05-06,补贴,房租
20250116C8DFDM,expense,3341.75,2025-01-16,正常,娱乐
20251108IOOKD0,expense,6543.48,2025-11-08,生活费,食物
20251207IWA7W2,expense,3613.46,2025-12-07,报销,娱乐
20250717T20HEI,expense,5433.80,2025-07-17,生活费,房租
202506062RD5QZ,expense,3710.60,2025-06-06,外卖,娱乐
20250903IZ6CQ1,expense,8811.13,2025-09-03,娱乐,食物
20250321WVCAAR,expense,9168.49,2025-03-21,外卖,其他
20250804K1O335,expense,4846.81,2025-08-04,购物,其他
20250119008PZO,expense,3008.06,2025-01-19,娱乐,食物
202510233XHJWO,expense,2983.36,2025-10-23,娱乐,其他
202512175HMSUW,expense,8398.62,2025-12-17,报销,房租
20250702VLOIJY,expense,9142.44,2025-07-02,外卖,房租
20250523D43EKB,expense,8084.78,2025-05-23,加班,娱乐
202507161VL8MF,expense,559.53,2025-07-16,购物,其他
202512236P7F7V,expense,5622.84,2025-12-23,差旅,其他
20250628E8CBFD,expense,1391.98,2025-06-28,学习,房租
20251019F89CKZ,expense,5555.55,2025-10-19,外卖,娱乐
20250706ZB8GH6,expense,5396.55,2025-07-06,正常,娱乐
20250122P9EDGG,expense,8144.35,2025-01-22,购物,食物
20250513EPUUF5,expense,2353.63,2025-05-13,正常,食物
20250415W0PO2V,expense,612.83,2025-04-15,差旅,娱乐
20250207HIBFPS,expense,6757.86,2025-02-07,生活费,娱乐
20250302GD6HNT,expense,9148.28,2025-03-02,差旅,食物
20251101JCBT07,expense,4895.80,2025-11-01,外卖,娱乐
20250828POLV24,expense,725.02,2025-08-28,正常,房租
20250115HZYABA,expense,5881.01,2025-01-15,补贴,房租
20250114T5D998,expense,2617.86,2025-01-14,外卖,其他
20250525GJZKAG,expense,3750.18,2025-05-25,生活费,食物
20250205SGCSC1,expense,2367.75,2025-02-05,加班,交通
20250728S2D3NU,expense,9633.14,2025-07-28,正常,房租
20250206QR4BOA,expense,2426.14,2025-02-06,差旅,交通
202506284K6OCW,expense,8540.74,2025-06-28,娱乐,房租
20250209LXZ4BE,expense,6165.50,2025-02-09,购物,食物
20251223CQQYQL,expense,3449.42,2025-12-23,购物,房租
202510202HGAHI,expense,3601.93,2025-10-20,报销,食物
202502148JD7EC,expense,2593.60,2025-02-14,补贴,娱乐
2025071483DYOW,expense,2756.72,2025-07-14,生活费,房租
20250607DCNM68,expense,4791.51,2025-06-07,生活费,娱乐
20250321UV3893,expense,5831.62,2025-03-21,加班,其他
202507085JFI1B,expense,9599.69,2025-07-08,报销,其他
20250414GKK1BL,expense,3043.15,2025-04-14,娱乐,娱乐
20250711RQRXOT,expense,5385.02,2025-07-11,报销,其他
2025091552W90U,expense,2352.85,2025-09-15,差旅,娱乐
20250716C4KFE8,expense,4332.89,2025-07-16,补贴,交通
20251016HF7YZN,expense,7747.76,2025-10-16,购物,房租
20250604EY8S12,expense,5689.33,2025-06-04,差旅,食物
202507200AVYDW,expense,3162.87,2025-07-20,生活费,交通
20250107YWMLWC,expense,2741.30,2025-01-07,差旅,房租
202508148C4TYV,expense,4398.48,2025-08-14,正常,交通
202502138UZGSV,expense,1387.35,2025-02-13,报销,房租
20250720M3FFWV,expense,7917.84,2025-07-20,补贴,交通
202512013ZY2O4,expense,9412.11,2025-12-01,学习,食物
20250123KD57GB,expense,3834.84,2025-01-23,报销,娱乐
20250101LJEH3C,expense,5643.03,2025-01-01,外卖,娱乐
20250621T1ZVWL,expense,6539.20,2025-06-21,补贴,娱乐
20250802LV2DR9,expense,3738.47,2025-08-02,外卖,其他
20250817SGG704,expense,5350.89,2025-08-17,娱乐,交通
20250311ZDNJDV,expense,435.70,2025-03-11,生活费,食物
20250326DBWGBO,expense,2256.71,2025-03-26,报销,食物
20250218ZF0WD7,expense,7348.68,2025-02-18,娱乐,食物
202511032FHY8U,expense,379.42,2025-11-03,正常,食物
20250118QWP2LS,expense,9026.91,2025-01-18,购物,娱乐
202504013W54UA,expense,6130.37,2025-04-01,正常,食物
20251120KU8KTL,expense,6488.45,2025-11-20,娱乐,食物
20251022UKUW9B,expense,6011.01,2025-10-22,差旅,食物
20250414PZ0FPD,expense,9204.29,2025-04-14,娱乐,食物
202505034ZBCRM,expense,6176.84,2025-05-03,外卖,其他
202505176SSU1Y,expense,9095.53,2025-05-17,报销,其他
20251106OCQUZN,expense,3155.06,2025-11-06,正常,房租
20250411A18D1N,expense,6831.92,2025-04-11,差旅,交通
20250511VEUGJ0,expense,6390.05,2025-05-11,差旅,房租
2025021701XPBR,expense,1883.34,2025-02-17,生活费,其他
202502054FN1Y9,expense,5467.01,2025-02-05,学习,其他
202510198116G5,expense,6371.93,2025-10-19,报销,食物
202507084L32PE,expense,1269.96,2025-07-08,购物,其他
20251203SU6919,expense,7033.60,2025-12-03,购物,交通
20250718NIXPNA,expense,9107.75,2025-07-18,购物,食物
20250315KGKR1H,expense,120.62,2025-03-15,学习,交通
20250723ZOAI1W,expense,8062.49,2025-07-23,娱乐,房租
20251216L55QQ5,expense,9711.48,2025-12-16,补贴,娱乐
20250201WSXP90,expense,5735.86,2025-02-01,报销,交通
20250628MOOOTT,expense,1698.55,2025-06-28,加班,房租
20250621W6QT6N,expense,7335.64,2025-06-21,加班,交通
20250427XYFR8R,expense,1861.21,2025-04-27,报销,食物
20250420BWZCTA,expense,8730.87,2025-04-20,报销,交通
202511106UXYUI,expense,7502.65,2025-11-10,娱乐,食物
20250307FP739R,expense,2274.63,2025-03-07,生活费,交通
20250117DFYSKB,expense,4511.39,2025-01-17,差旅,房租
20251207XSHA6C,expense,7757.14,2025-12-07,娱乐,房租
20250703JVKITT,expense,8901.66,2025-07-03,差旅,其他
20250116X35H21,expense,1228.95,2025-01-16,外卖,交通
20250608X32GWW,expense,6872.92,2025-06-08,学习,房租
20251121VFA0ZN,expense,4248.81,2025-11-21,娱乐,娱乐
20250907IMR8YE,expense,4583.47,2025-09-07,娱乐,其他
20250624QIYYCC,expense,7673.99,2025-06-24,正常,食物
20251222I7BH9F,expense,2439.86,2025-12-22,学习,交通
2025092880ERPS,expense,4766.38,2025-09-28,正常,交通
202501169XFZIK,expense,992.71,2025-01-16,生活费,房租
20250109LMWRLC,expense,332.69,2025-01-09,生活费,房租
20251210FSJIBV,expense,1276.32,2025-12-10,生活费,交通
20251124Z4HXBQ,expense,1836.85,2025-11-24,生活费,交通
20250526ZEAHUK,expense,1589.50,2025-05-26,补贴,房租
20250825TE3L94,expense,2412.36,2025-08-25,学习,食物
20250113YZGXL4,expense,2561.17,2025-01-13,购物,食物
20251017CR2G8P,expense,5833.56,2025-10-17,补贴,交通
20251107FLUXEJ,expense,9861.79,2025-11-07,外卖,其他
20250216G1A27Y,expense,9359.37,2025-02-16,学习,其他
202504254TOA15,expense,5132.37,2025-04-25,正常,食物
20250724AXO4IT,expense,5174.88,2025-07-24,生活费,房租
2025021407SHD5,expense,9867.31,2025-02-14,购物,娱乐
20250401QVMHQQ,expense,7521.39,2025-04-01,加班,其他
202507277KFBW8,expense,2283.15,2025-07-27,学习,其他
202510100Q7K5A,expense,8765.21,2025-10-10,生活费,娱乐
202501065PBQAT,expense,9002.08,2025-01-06,加班,娱乐
20250312PK2K4O,expense,2796.15,2025-03-12,外卖,其他
202511033HSGG9,expense,6678.70,2025-11-03,加班,房租
20250317X877O1,expense,1220.26,2025-03-17,外卖,其他
202510075OUOT1,expense,8014.03,2025-10-07,购物,娱乐
20250820RLVOG7,expense,5056.17,2025-08-20,娱乐,房租
202507212F4V94,expense,6047.37,2025-07-21,正常,交通
20251017SVVJGX,expense,4042.99,2025-10-17,学习,食物
20250506DL5ZAX,expense,9984.71,2025-05-06,补贴,娱乐
202501251ME06M,expense,6106.22,2025-01-25,加班,娱乐
20250228S70QUO,expense,7923.98,2025-02-28,正常,食物
20250327UL9DME,expense,4743.10,2025-03-27,生活费,其他
20250808U7GAWR,expense,3649.08,2025-08-08,生活费,娱乐
20250217988GZF,expense,8689.08,2025-02-17,生活费,交通
202509182OHZJB,expense,4936.97,2025-09-18,娱乐,交通
20251118HY80AU,expense,79.60,2025-11-18,补贴,房租
202509266XHI5D,expense,3420.14,2025-09-26,学习,食物
20250206W51OY2,expense,7250.34,2025-02-06,购物,食物
20250805KC6WRH,expense,6943.74,2025-08-05,补贴,娱乐
20250125KO6OH8,expense,3246.46,2025-01-25,生活费,交通
202511253UPHUV,expense,4502.56,2025-11-25,补贴,其他
20250428JJRKPF,expense,5466.70,2025-04-28,学习,其他
20250925ATNRKO,expense,6515.99,2025-09-25,报销,房租
20251002GIT2XU,expense,1324.60,2025-10-02,差旅,娱乐
20251005QS30M7,expense,9808.46,2025-10-05,加班,房租
20250626PHSMFK,expense,8731.62,2025-06-26,娱乐,其他
20250503OX4JEX,expense,6183.68,2025-05-03,生活费,房租
2025101995TKJ1,expense,7945.29,2025-10-19,正常,交通
202503219YIM8W,expense,3827.08,2025-03-21,购物,娱乐
20250201AK22Q2,expense,8244.56,2025-02-01,学习,娱乐
20251107PD3694,expense,2330.58,2025-11-07,外卖,娱乐
2025022672RV3M,expense,481.06,2025-02-26,正常,房租
20250208PP79YJ,expense,5266.12,2025-02-08,娱乐,房租
20250926SAP5QT,expense,8284.42,2025-09-26,补贴,交通
202511120G1DTS,expense,8900.96,2025-11-12,生活费,娱乐
202501037X02E8,expense,8983.35,2025-01-03,娱乐,房租
202508073IP8B7,expense,6554.05,2025-08-07,补贴,其他
20250727Z4G1LE,expense,2982.99,2025-07-27,加班,房租
20250411R5E23T,expense,6265.98,2025-04-11,正常,房租
20251220KYGQSV,expense,7372.62,2025-12-20,差旅,食物
20250625Z9MGFV,expense,2195.60,2025-06-25,外卖,其他
20250605E8CWA5,expense,9293.28,2025-06-05,娱乐,其他
202511226VPIZX,expense,5732.98,2025-11-22,补贴,房租
202510119QB1V4,expense,9272.28,2025-10-11,报销,娱乐
20250408KZN4BC,expense,8447.89,2025-04-08,补贴,娱乐
202511216UXY95,expense,3175.37,2025-11-21,购物,娱乐
2025072795J5KX,expense,9212.78,2025-07-27,差旅,交通
20251217Q757TN,expense,4478.67,2025-12-17,补贴,交通
2025032871E1SJ,expense,904.68,2025-03-28,补贴,房租
20250821LVEP1E,expense,8853.58,2025-08-21,加班,食物
20251225GIPGID,expense,9905.10,2025-12-25,娱乐,交通
20250624BC95PB,expense,2763.71,2025-06-24,正常,娱乐
20250823GZTKE5,expense,8261.50,2025-08-23,加班,食物
20250907Z6FPXT,expense,6368.07,2025-09-07,报销,食物
20251216215Q7I,expense,8718.43,2025-12-16,生活费,食物
20250211E6UV6Y,expense,9397.97,2025-02-11,娱乐,娱乐
202512160G5LSC,expense,4740.96,2025-12-16,学习,其他
20251203NN4IWT,expense,2060.41,2025-12-03,加班,房租
20250128AFH9B1,expense,5847.01,2025-01-28,补贴,其他
20250514P93QBO,expense,7823.36,2025-05-14,报销,食物
202510153E3IJX,expense,880.09,2025-10-15,购物,其他
20250124UST2Y5,expense,4390.59,2025-01-24,购物,房租
2025020978NDXU,expense,2795.18,2025-02-09,差旅,食物
20250928VP9M0M,expense,1250.35,2025-09-28,生活费,食物
20250109N2I2V4,expense,3995.09,2025-01-09,正常,其他
20251103BJVYSK,expense,6728.39,2025-11-03,学习,娱乐
20251003ZKT2XC,expense,3314.13,2025-10-03,购物,房租
20250210E8KO88,expense,2148.41,2025-02-10,差旅,房租
20250812SCQJL1,expense,8291.59,2025-08-12,报销,房租
20250224HBCT31,expense,8307.31,2025-02-24,补贴,食物
20250126K4JM8N,expense,4590.89,2025-01-26,差旅,房租
202504035Y6HC4,expense,2148.26,2025-04-03,娱乐,娱乐
20251227OH8Y59,expense,5679.76,2025-12-27,娱乐,娱乐
20250823XIVC11,expense,2595.89,2025-08-23,加班,娱乐
20250405KOFTYU,expense,6300.68,2025-04-05,加班,交通
20250706SE76UZ,expense,3978.11,2025-07-06,生活费,娱乐
2025020890QF4V,expense,7634.38,2025-02-08,外卖,其他
20250903SY669I,expense,3550.16,2025-09-03,加班,交通
20250806IKUBUO,expense,3651.45,2025-08-06,加班,食物
20250905LV2CE3,expense,3642.63,2025-09-05,学习,其他
20250301JG0JH6,expense,8950.43,2025-03-01,补贴,房租
20250315QQY28F,expense,2787.13,2025-03-15,加班,房租
20251106LDFCT6,expense,7986.31,2025-11-06,正常,其他
20250315KLLPA7,expense,8432.73,2025-03-15,补贴,交通
20250717C4IAW1,expense,4880.96,2025-07-17,正常,房租
202511281KDIQE,expense,7229.11,2025-11-28,购物,房租
20250412O58G4Z,expense,2053.92,2025-04-12,生活费,其他
202504095SXK9D,expense,1108.59,2025-04-09,加班,娱乐
20250302T2HS9A,expense,513.19,2025-03-02,娱乐,娱乐
20250207JG0SN6,expense,4383.20,2025-02-07,学习,娱乐
20250614CMSHIX,expense,7391.60,2025-06-14,报销,交通
202510152KQSD3,expense,7446.67,2025-10-15,加班,房租
202504178U2WFW,expense,8721.34,2025-04-17,购物,食物
20250626ASURVI,expense,905.58,2025-06-26,差旅,食物
20250205JE8H2B,expense,7791.84,2025-02-05,补贴,娱乐
202507227AB5F3,expense,1185.82,2025-07-22,娱乐,交通
2025101125K5XY,expense,9860.14,2025-10-11,学习,娱乐
202511267UC6T5,expense,6736.88,2025-11-26,报销,娱乐
20250615GOSIUN,expense,8926.68,2025-06-15,加班,房租
20250201FK04L9,expense,7723.00,2025-02-01,学习,房租
20250207K4PUO5,expense,4360.21,2025-02-07,正常,交通
20250317MOB96C,expense,3000.75,2025-03-17,外卖,房租
20250323OGF2R0,expense,5278.54,2025-03-23,学习,娱乐
20251215JSO7F1,expense,17.39,2025-12-15,生活费,房租
202509090M34V6,expense,4948.61,2025-09-09,加班,食物
20251104QGYF95,expense,2669.62,2025-11-04,外卖,其他
20250506HW3RY4,expense,3163.61,2025-05-06,学习,其他
202512158M7T8Q,expense,4046.08,2025-12-15,正常,娱乐
20250724HTEF5Y,expense,7001.71,2025-07-24,生活费,交通
20250804ZK1FMB,expense,3140.19,2025-08-04,加班,房租
20251022DAIXAB,expense,9052.19,2025-10-22,购物,房租
20251213Z3W2AR,expense,8292.92,2025-12-13,加班,房租
20250502V8IYB3,expense,6467.70,2025-05-02,娱乐,食物
2025080873PCPN,expense,3741.51,2025-08-08,正常,交通
20250714UGMF5R,expense,193.23,2025-07-14,娱乐,娱乐
202503220L79ZB,expense,8912.61,2025-03-22,娱乐,食物
20250419SCNZK1,expense,8568.50,2025-04-19,加班,房租
20250623YWD6XN,expense,7938.15,2025-06-23,学习,房租
2025030679OGXP,expense,8854.28,2025-03-06,外卖,交通
20250111RJZ7W1,expense,4280.39,2025-01-11,正常,食物
202509284OZMZK,expense,3030.90,2025-09-28,补贴,其他
202506099DBGW2,expense,3943.54,2025-06-09,娱乐,娱乐
20250726NQSHP5,expense,3837.10,2025-07-26,加班,房租
20251019N5PVVF,expense,2111.12,2025-10-19,生活费,其他
20250426EGE7C5,expense,2791.71,2025-04-26,学习,交通
20251114TKEJ4P,expense,5994.09,2025-11-14,差旅,房租
202505189Y6W3G,expense,5494.29,2025-05-18,生活费,房租
20250820EVBD81,expense,2958.73,2025-08-20,报销,交通
20250107RHUMCT,expense,5471.71,2025-01-07,外卖,食物
20250808248UPY,expense,4836.03,2025-08-08,学习,其他
202506226AHP40,expense,6121.17,2025-06-22,外卖,交通
20250921AFEFO3,expense,3051.16,2025-09-21,差旅,交通
20251015KO05YB,expense,9434.43,2025-10-15,差旅,房租
202505111NN51L,expense,9925.86,2025-05-11,学习,其他
202509148GBZHQ,expense,2472.17,2025-09-14,生活费,娱乐
202511041ES67Q,expense,8564.20,2025-11-04,购物,其他
20251107X354YG,expense,2530.90,2025-11-07,正常,食物
202507191X5JO9,expense,8186.57,2025-07-19,娱乐,交通
20250609SQW18M,expense,7776.99,2025-06-09,学习,其他
20251208PORI70,expense,1268.01,2025-12-08,加班,食物
20250203JU0U0E,expense,4742.37,2025-02-03,娱乐,娱乐
20250819M0SMO4,expense,409.24,2025-08-19,正常,娱乐
20250808367E5B,expense,6920.62,2025-08-08,正常,食物
20250314Q5XY7W,expense,2395.74,2025-03-14,补贴,其他
20250126X5PMXM,expense,4418.57,2025-01-26,报销,食物
20250923TUQ08O,expense,1074.68,2025-09-23,外卖,食物
202511077HQYUJ,expense,9391.77,2025-11-07,购物,食物
202506192MN4WS,expense,6089.37,2025-06-19,加班,交通
20250820PIR2KT,expense,8812.49,2025-08-20,娱乐,食物
20250309GV1DYH,expense,2734.29,2025-03-09,正常,其他
202511176YLCB3,expense,8657.38,2025-11-17,购物,其他
20250610LMICC8,expense,1362.15,2025-06-10,差旅,娱乐
202508100AJTLJ,expense,9171.01,2025-08-10,补贴,食物
202507029X5XSO,expense,4866.31,2025-07-02,购物,其他
20250427BD0GE2,expense,98.01,2025-04-27,报销,娱乐
20250609XTQNXL,expense,8137.10,2025-06-09,学习,食物
20250103OLDVBO,expense,9633.52,2025-01-03,补贴,其他
20251025G5YODF,expense,8988.30,2025-10-25,生活费,交通
20250509L7CJH8,expense,63.07,2025-05-09,娱乐,交通
20250424RFS7YJ,expense,8232.82,2025-04-24,补贴,交通
202510163S1AUX,expense,7289.44,2025-10-16,补贴,食物
20251012E96SJV,expense,7683.54,2025-10-12,正常,交通
20250625B2JST0,expense,4722.20,2025-06-25,外卖,房租
20251222U02Z2I,expense,3829.09,2025-12-22,报销,其他
20251202COKWCD,expense,3721.70,2025-12-02,生活费,房租
20250413NR1447,expense,2921.84,2025-04-13,生活费,其他
202507148M0GFM,expense,9005.70,2025-07-14,补贴,娱乐
202501022DVM80,expense,7261.52,2025-01-02,购物,娱乐
202512046XYD5S,expense,6232.84,2025-12-04,购物,房租
20250521YB1G69,expense,1691.96,2025-05-21,娱乐,交通
20251105QPZPKT,expense,684.48,2025-11-05,补贴,娱乐
20251210DOCK9S,expense,8875.88,2025-12-10,外卖,其他
20250610MW808S,expense,8438.74,2025-06-10,报销,其他
202509229VSULI,expense,8686.89,2025-09-22,加班,房租
20250116A1VSZS,expense,7719.88,2025-01-16,补贴,房租
2025092873SA2D,expense,4176.09,2025-09-28,加班,食物
2025121972PX45,expense,9009.89,2025-12-19,外卖,娱乐
20250812PTYKB9,expense,3843.77,2025-08-12,生活费,房租
20250309GWTD7L,expense,5756.06,2025-03-09,外卖,交通
20250315BFDDWA,expense,2139.99,2025-03-15,学习,交通
20250917VOC0X6,expense,4125.51,2025-09-17,补贴,娱乐
20250406M7OWXB,expense,9458.67,2025-04-06,差旅,其他
20251102JRJMTG,expense,2519.15,2025-11-02,学习,交通
20250522TR6LQM,expense,8066.65,2025-05-22,生活费,其他
20251023XHXBS8,expense,4042.89,2025-10-23,娱乐,房租
20250121R0WPQ0,expense,769.91,2025-01-21,差旅,食物
20250510QLBMNY,expense,5197.55,2025-05-10,外卖,食物
20250119BBLIUI,expense,3221.77,2025-01-19,差旅,其他
20250528UNVFDE,expense,6705.34,2025-05-28,购物,其他
20250210V14FB5,expense,1933.34,2025-02-10,生活费,娱乐
20250101XKMLW0,expense,8123.72,2025-01-01,正常,房租
20251219IRL1XU,expense,7712.52,2025-12-19,差旅,娱乐
202506288IJW4U,expense,3413.90,2025-06-28,学习,娱乐
20251015TGETQG,expense,6126.40,2025-10-15,学习,食物
202506158HI9GD,expense,6618.89,2025-06-15,加班,娱乐
202505278VA0BE,expense,9384.04,2025-05-27,加班,房租
20250501JLIONB,expense,8708.76,2025-05-01,加班,食物
20251221Y2IQ4F,expense,9813.81,2025-12-21,补贴,食物
202505121M8NNO,expense,8812.57,2025-05-12,加班,娱乐
202510127ITLYO,expense,7980.92,2025-10-12,补贴,食物
20250321MUS02G,expense,1910.17,2025-03-21,加班,交通
20250302VLBFZM,expense,6704.93,2025-03-02,外卖,其他
20250815H5IPWT,expense,4671.95,2025-08-15,购物,其他
202510049ZQXJA,expense,9988.67,2025-10-04,外卖,食物
20250117FGR5AJ,expense,5804.00,2025-01-17,购物,其他
202512186HEEBQ,expense,4099.77,2025-12-18,加班,娱乐
20250809FIOFTV,expense,6520.84,2025-08-09,报销,其他
202502107CTDLU,expense,6147.90,2025-02-10,正常,交通
20250402KU7PMG,expense,1217.52,2025-04-02,外卖,房租
20250413I4X5U3,expense,2959.84,2025-04-13,加班,其他
20250806C0KL9G,expense,1271.40,2025-08-06,补贴,食物
20250121QMU8QI,expense,7623.62,2025-01-21,生活费,交通
20250409MUOMP4,expense,9659.46,2025-04-09,娱乐,房租
20250722A4IWEI,expense,1598.23,2025-07-22,生活费,食物
20251109XGSIIK,expense,2584.81,2025-11-09,外卖,交通
20250802BYFTR3,expense,5751.72,2025-08-02,正常,娱乐
202510031D70HJ,expense,4665.44,2025-10-03,学习,食物
202508039W2RHD,expense,1027.15,2025-08-03,学习,房租
20250727X1XEZ6,expense,6223.99,2025-07-27,娱乐,房租
20250725LWN236,expense,8515.06,2025-07-25,生活费,交通
20251121EX58FM,expense,2148.32,2025-11-21,购物,其他
202503109PTGZE,expense,2925.09,2025-03-10,报销,房租
20250503AL6VT9,expense,8857.47,2025-05-03,生活费,食物
20251020HOJ286,expense,9398.99,2025-10-20,补贴,房租
20251111BZRZLB,expense,6721.71,2025-11-11,正常,娱乐
20250213UWY7L8,expense,8292.81,2025-02-13,补贴,房租
20250310JMWD3O,expense,2944.57,2025-03-10,补贴,娱乐
20250613BOE34N,expense,9813.27,2025-06-13,生活费,娱乐
20250315K3RHSP,expense,3692.51,2025-03-15,外卖,交通
20250912ZVRXF7,expense,665.77,2025-09-12,购物,娱乐
202503113GOI53,expense,1079.30,2025-03-11,正常,房租
20250214NUW736,expense,7359.53,2025-02-14,报销,交通
20250406KNYRZT,expense,7965.06,2025-04-06,购物,交通
20250321UEA682,expense,1400.58,2025-03-21,正常,其他
20250926GZRSEF,expense,2344.87,2025-09-26,学习,房租
20250327RZZ2NR,expense,2510.44,2025-03-27,补贴,房租
2025062315CRTL,expense,8086.02,2025-06-23,报销,食物
202511182UDY4U,expense,6184.04,2025-11-18,报销,交通
20250604G20FSX,expense,2140.85,2025-06-04,外卖,其他
20251001EYBOC1,expense,5236.88,2025-10-01,正常,房租
20250318S9UJV5,expense,9105.07,2025-03-18,差旅,其他
20250516WOV49X,expense,3447.99,2025-05-16,加班,其他
20250803JXFUK7,expense,5953.52,2025-08-03,加班,交通
20250911BK5NZC,expense,2125.22,2025-09-11,生活费,房租
202502173FQQTK,expense,1013.84,2025-02-17,学习,房租
2025072809VO1S,expense,7473.35,2025-07-28,正常,房租
20251113CBUUNG,expense,932.25,2025-11-13,报销,房租
20250227ZMW3CW,expense,2834.20,2025-02-27,报销,食物
20250420BHN9FW,expense,5408.04,2025-04-20,生活费,房租
2025121652BL3I,expense,7146.73,2025-12-16,学习,其他
20250405AUFWK3,expense,6839.09,2025-04-05,娱乐,其他
20250421NRUMZH,expense,6210.71,2025-04-21,报销,娱乐
202511013WXBVU,expense,1837.17,2025-11-01,加班,房租
20250501ZULSBW,expense,3998.32,2025-05-01,加班,其他
20250503ZN4G8S,expense,554.72,2025-05-03,学习,娱乐
202508170IANUI,expense,7753.11,2025-08-17,外卖,食物
20250302JE68UR,expense,2590.65,2025-03-02,正常,交通
20250313FV6DYF,expense,2774.74,2025-03-13,购物,食物
20251102L6LWYP,expense,7590.46,2025-11-02,加班,食物
20250607L5XNKW,expense,9436.12,2025-06-07,娱乐,交通
20251225F6X4X5,expense,3345.10,2025-12-25,正常,房租
20251225VYSYPS,expense,1668.09,2025-12-25,补贴,食物
20250108Z1HYGJ,expense,5419.74,2025-01-08,学习,其他
20250609YPRLO0,expense,5497.84,2025-06-09,生活费,娱乐
20250702N0F72L,expense,7229.48,2025-07-02,学习,其他
20250407MULUFQ,expense,372.42,2025-04-07,学习,食物
20251107NIE6AC,expense,2872.98,2025-11-07,娱乐,交通
20250803XO5JI3,expense,7514.30,2025-08-03,学习,房租
20250217G2JZSX,expense,4389.43,2025-02-17,补贴,娱乐
2025081609VL5M,expense,9404.50,2025-08-16,购物,房租
20251220CVK5TN,expense,8258.78,2025-12-20,报销,食物
20250504QMOJJC,expense,2754.74,2025-05-04,报销,食物
20250301GA5NMQ,expense,5522.07,2025-03-01,生活费,食物
20250310G6UXL6,expense,9371.85,2025-03-10,购物,房租
20250903P0U50W,expense,6874.47,2025-09-03,加班,房租
20250402SBW3Y2,expense,1469.75,2025-04-02,娱乐,房租
20250617Q8YWM8,expense,844.51,2025-06-17,加班,娱乐
20251221DCJ235,expense,4108.86,2025-12-21,生活费,食物
20250823VSFVVI,expense,8266.04,2025-08-23,报销,房租
20251113LYD3P1,expense,8050.77,2025-11-13,差旅,其他
2025091657PKQ6,expense,2560.99,2025-09-16,娱乐,交通
202510071ILWB4,expense,7203.42,2025-10-07,生活费,食物
2025020575LGIT,expense,2246.25,2025-02-05,生活费,娱乐
20251225ZN98GC,expense,9795.53,2025-12-25,外卖,交通
20250628FC39FD,expense,8266.39,2025-06-28,正常,其他
202508115RD0V3,expense,4510.14,2025-08-11,娱乐,娱乐
2025062815TO2L,expense,5230.91,2025-06-28,报销,娱乐
2025091553I28V,expense,1898.85,2025-09-15,生活费,其他
20251201T9RXUU,expense,3051.38,2025-12-01,学习,其他
20250608ZBAKRN,expense,7187.01,2025-06-08,正常,食物
202504133546V5,expense,6202.18,2025-04-13,购物,房租
20250426K1ZZYT,expense,8460.29,2025-04-26,购物,房租
20250326GWKPYL,expense,658.45,2025-03-26,学习,娱乐
20250309MOP92R,expense,3463.19,2025-03-09,报销,娱乐
20251107JKD20M,expense,8795.20,2025-11-07,娱乐,交通
20250401U01QPZ,expense,9192.19,2025-04-01,生活费,房租
20250401DGTTWN,expense,6934.26,2025-04-01,学习,其他
20250612QB9Z2E,expense,5411.17,2025-06-12,报销,娱乐
2025091483RM95,expense,7742.84,2025-09-14,学习,娱乐
202507035OZDHC,expense,552.89,2025-07-03,正常,其他
202503238RR1T6,expense,3256.85,2025-03-23,加班,食物
20251001N8IM5R,expense,4767.79,2025-10-01,购物,交通
2025020352RZ90,expense,3435.48,2025-02-03,差旅,食物
20250724HINB25,expense,3645.98,2025-07-24,补贴,其他
202506121LENLQ,expense,2244.71,2025-06-12,差旅,食物
20251006KOIJHW,expense,619.30,2025-10-06,报销,房租
20250512S9WECD,expense,5265.39,2025-05-12,补贴,其他
202503211VGMHU,expense,3830.90,2025-03-21,外卖,食物
20250421VRGORF,expense,2735.18,2025-04-21,学习,其他
20251012CJBAIE,expense,1071.28,2025-10-12,差旅,交通
20251227J7S87H,expense,6346.37,2025-12-27,加班,交通
20250723Y7K77Q,expense,9096.99,2025-07-23,加班,食物
202511232MQCUV,expense,7929.67,2025-11-23,差旅,食物
20250801QHU1EK,expense,3105.31,2025-08-01,差旅,娱乐
20250302LQE55Y,expense,332.79,2025-03-02,正常,娱乐
20251121IKCHFX,expense,757.61,2025-11-21,生活费,房租
20251004MKVKUK,expense,2123.37,2025-10-04,加班,娱乐
202501190M3G6P,expense,7213.51,2025-01-19,补贴,食物
20250611OM64MC,expense,1461.28,2025-06-11,娱乐,房租
20250813UCUIZY,expense,8488.87,2025-08-13,学习,娱乐
202508040K8F2V,expense,9033.44,2025-08-04,外卖,其他
202510187KF8RK,expense,4941.19,2025-10-18,购物,交通
20250901RRHRE7,expense,1516.72,2025-09-01,差旅,房租
20250202FOINXB,expense,966.20,2025-02-02,正常,食物
2025120863BC6V,expense,800.24,2025-12-08,补贴,交通
20250820UQ0SST,expense,2257.93,2025-08-20,差旅,食物
20250203Z47N5L,expense,6981.95,2025-02-03,生活费,其他
20250618R1C52W,expense,2461.48,2025-06-18,加班,其他
20250801TNLPPK,expense,535.19,2025-08-01,学习,食物
20250923JEGSDA,expense,5575.96,2025-09-23,补贴,房租
20250602TPGWJD,expense,6620.19,2025-06-02,生活费,娱乐
20250608ZZXYSN,expense,4567.05,2025-06-08,正常,娱乐
20250204SXTQ2Q,expense,2464.11,2025-02-04,补贴,交通
202505165GER7S,expense,1283.68,2025-05-16,生活费,娱乐
202509022Z0SGH,expense,407.08,2025-09-02,报销,交通
20250917QJLIWS,expense,5574.79,2025-09-17,差旅,其他
20250318ZG8GQ4,expense,2198.91,2025-03-18,补贴,其他
20251001PDFBM8,expense,598.38,2025-10-01,加班,食物
20250215CALLYQ,expense,4663.86,2025-02-15,学习,房租
20251205BS7B7U,expense,7832.97,2025-12-05,补贴,其他
20250312ZWE9II,expense,6927.01,2025-03-12,正常,食物
2025051886RJPK,expense,1449.21,2025-05-18,娱乐,娱乐
202501205JG1ZP,expense,9446.47,2025-01-20,正常,食物
202506025EWO6S,expense,5956.58,2025-06-02,补贴,食物
20250722XKJ3FQ,expense,2539.19,2025-07-22,购物,其他
20250410P4SE6Z,expense,5089.59,2025-04-10,加班,房租
202505098GOC3Q,expense,3049.27,2025-05-09,报销,房租
202501221ASOMZ,expense,7017.86,2025-01-22,购物,房租
20250811ERE1J8,expense,3010.40,2025-08-11,学习,娱乐
20250621UETKEQ,expense,7116.39,2025-06-21,报销,房租
20250320Y3VEMW,expense,3662.99,2025-03-20,学习,交通
202507207P6N98,expense,788.27,2025-07-20,加班,房租
20250606HGSSZO,expense,8104.62,2025-06-06,差旅,娱乐
202503141P00QI,expense,6562.41,2025-03-14,报销,房租
202501064W1PEA,expense,6893.03,2025-01-06,正常,房租
20251206CLHWUC,expense,6633.88,2025-12-06,学习,交通
202507087P2RC5,expense,6826.03,2025-07-08,报销,食物
202510014RKE6H,expense,9971.41,2025-10-01,购物,房租
20251217DSASUI,expense,1545.77,2025-12-17,购物,交通
20250719P028EI,expense,664.30,2025-07-19,正常,交通
20250128TVFRQ7,expense,1393.93,2025-01-28,购物,食物
20250113S9X3C4,expense,8845.81,2025-01-13,差旅,食物
20251220EE8HOV,expense,4927.88,2025-12-20,生活费,其他
202512172VC9YA,expense,2088.50,2025-12-17,娱乐,娱乐
202504041N1ARR,expense,3373.26,2025-04-04,生活费,娱乐
20250106LY3T13,expense,8454.51,2025-01-06,购物,娱乐
202511204Y1JXE,expense,6165.22,2025-11-20,加班,娱乐
20250118CH6LQ7,expense,8109.97,2025-01-18,差旅,食物
20251012WALTC7,expense,8137.31,2025-10-12,娱乐,交通
202508264B8LR3,expense,2956.21,2025-08-26,娱乐,娱乐
20251127FBMTB1,expense,6187.87,2025-11-27,购物,房租
20250526BMGYOU,expense,485.06,2025-05-26,加班,交通
202506266TU2EW,expense,476.85,2025-06-26,外卖,娱乐
20250118O3JIFW,expense,3995.29,2025-01-18,娱乐,食物
20250907KW8AXQ,expense,4956.32,2025-09-07,娱乐,交通
20250409XZJL9V,expense,5013.63,2025-04-09,报销,食物
202510133MM69K,expense,5701.79,2025-10-13,生活费,娱乐
20251205IRBX2Y,expense,5270.66,2025-12-05,补贴,交通
20251126UDIRR0,expense,3036.98,2025-11-26,生活费,食物
202507289BA6JW,expense,4159.07,2025-07-28,生活费,交通
2025012112Z9AM,expense,2829.54,2025-01-21,正常,房租
20250126BFNB7G,expense,187.94,2025-01-26,报销,其他
20250722SK5QD1,expense,4857.69,2025-07-22,差旅,娱乐
20250224Y60EPC,expense,8782.91,2025-02-24,生活费,娱乐
20251008FA33CW,expense,9479.68,2025-10-08,加班,食物
202505055Y70AU,expense,7346.94,2025-05-05,购物,交通
202502011UII9H,expense,4413.41,2025-02-01,报销,交通
20250427V4Y8PU,expense,5958.21,2025-04-27,外卖,娱乐
20250809PRPMPR,expense,4417.14,2025-08-09,娱乐,其他
202508099L3T6T,expense,6237.57,2025-08-09,正常,娱乐
20251117XF8LGT,expense,2201.09,2025-11-17,报销,食物
20251125M82UR9,expense,4728.37,2025-11-25,学习,食物
20250111Y3JK44,expense,8179.35,2025-01-11,购物,交通
20250618ETCB4H,expense,9432.78,2025-06-18,生活费,其他
202502248G782O,expense,3290.92,2025-02-24,报销,娱乐
202501233RFY3Y,expense,906.41,2025-01-23,加班,房租
20250425EXJ68A,expense,4302.56,2025-04-25,娱乐,其他
20250619TTHDE7,expense,7800.90,2025-06-19,加班,交通
20250211TXB631,expense,4838.07,2025-02-11,娱乐,食物
2025091214OHIE,expense,5522.29,2025-09-12,补贴,娱乐
202507139Y5D3X,expense,8573.99,2025-07-13,外卖,房租
20250226TJFY0X,expense,4751.63,2025-02-26,学习,其他
20250417FSLZCN,expense,8510.78,2025-04-17,正常,交通
20250515HFQ9FT,expense,747.59,2025-05-15,差旅,房租
20251016H74SYQ,expense,8454.04,2025-10-16,加班,房租
202503108BRSO9,expense,4981.33,2025-03-10,外卖,其他
202506079C23C8,expense,6668.27,2025-06-07,差旅,娱乐
20251025CKX5YU,expense,5020.60,2025-10-25,加班,娱乐
20250720MYP3VX,expense,2295.35,2025-07-20,差旅,食物
20251019TCGWWG,expense,4910.72,2025-10-19,外卖,食物
20250909NKD6JC,expense,3989.02,2025-09-09,购物,房租
202503144E26U1,expense,2982.54,2025-03-14,差旅,娱乐
2025081906OIN5,expense,7388.32,2025-08-19,外卖,房租
20250918ULBRWP,expense,9577.08,2025-09-18,正常,娱乐
20250414QDONS1,expense,487.28,2025-04-14,加班,房租
20250320U40K2B,expense,4661.33,2025-03-20,正常,娱乐
20250525EZHWDI,expense,2647.14,2025-05-25,生活费,娱乐
20251222D1A1G5,expense,4158.81,2025-12-22,学习,其他
20250722WMOZS5,expense,1995.82,2025-07-22,补贴,其他
20251121JYLDQR,expense,5565.99,2025-11-21,生活费,食物
20250725R1MM6Y,expense,357.46,2025-07-25,补贴,交通
202501122ML1OW,expense,8606.92,2025-01-12,补贴,房租
20250218EMUTI9,expense,5603.23,2025-02-18,外卖,交通
2025022364WOI5,expense,6157.49,2025-02-23,补贴,房租
202511133X4ZQM,expense,4030.10,2025-11-13,购物,房租
202509211ZASDR,expense,2198.53,2025-09-21,差旅,娱乐
20250425X7J4KA,expense,5179.13,2025-04-25,购物,其他
20250118FO7E62,expense,3503.56,2025-01-18,娱乐,娱乐
20250117OWO1I0,expense,5764.26,2025-01-17,报销,交通
2025122208V5QI,expense,3530.28,2025-12-22,差旅,其他
20250515PCRNA9,expense,2298.30,2025-05-15,购物,娱乐
20250427EHLK5V,expense,9556.01,2025-04-27,娱乐,交通
202507231TP4CY,expense,3681.83,2025-07-23,补贴,交通
20251005ZTH6T4,expense,9581.85,2025-10-05,加班,交通
20250501SJ2NLL,expense,1312.79,2025-05-01,生活费,其他
20251209U44P0Q,expense,1994.14,2025-12-09,加班,食物
20250826FA7DMM,expense,523.88,2025-08-26,外卖,食物
2025051279M1X0,expense,3926.55,2025-05-12,学习,其他
20250305K7TT18,expense,2616.89,2025-03-05,加班,交通
202510102JH4J2,expense,1272.83,2025-10-10,差旅,交通
20250226BKU4FP,expense,963.47,2025-02-26,娱乐,娱乐
20250115MM7GR7,expense,9786.01,2025-01-15,娱乐,其他
20251121WKNOYQ,expense,9238.13,2025-11-21,补贴,交通
20251106FM8XAL,expense,671.02,2025-11-06,生活费,娱乐
202501170ZUIW1,expense,6208.51,2025-01-17,差旅,交通
20250125L01MUF,expense,6151.77,2025-01-25,购物,交通
20250119BGDJHQ,expense,4888.30,2025-01-19,正常,房租
202503250XPPEH,expense,7466.40,2025-03-25,加班,食物
20250910Y8PM3P,expense,1495.60,2025-09-10,生活费,交通
20250423JG6WW4,expense,2198.16,2025-04-23,补贴,房租
202509205XTS87,expense,7912.40,2025-09-20,补贴,交通
20250619RIXNM4,expense,1726.47,2025-06-19,学习,交通
202501059JCSR6,expense,9093.97,2025-01-05,加班,食物
20250621YFBQDA,expense,5431.74,2025-06-21,娱乐,交通
20250905B5M3R9,expense,2231.44,2025-09-05,购物,交通
20250426NKNDOA,expense,1193.18,2025-04-26,补贴,房租
20250311WBFK04,expense,7426.24,2025-03-11,报销,其他
2025081802QKMY,expense,5431.72,2025-08-18,娱乐,食物
20250716P8CN3H,expense,7234.49,2025-07-16,正常,交通
20250121S0YOUU,expense,2788.45,2025-01-21,生活费,房租
20250508RPGQIK,expense,1198.33,2025-05-08,生活费,食物
20251228PFPF1Z,expense,1292.84,2025-12-28,报销,交通
20250818PDVVUV,expense,4512.38,2025-08-18,补贴,房租
20251006NYYQ28,expense,4052.03,2025-10-06,娱乐,交通
202504274A5YGD,expense,7526.91,2025-04-27,外卖,娱乐
20251115CQ7EBT,expense,694.85,2025-11-15,购物,房租
20250622CXO4U9,expense,9776.95,2025-06-22,学习,娱乐
20251007NVO67J,expense,115.90,2025-10-07,补贴,其他
202505245AV307,expense,3022.75,2025-05-24,娱乐,交通
20250912UUSF5G,expense,110.93,2025-09-12,正常,其他
20250805A37CGS,expense,8413.48,2025-08-05,生活费,其他
20250227FIIMTA,expense,2459.23,2025-02-27,生活费,娱乐
20250728FBVAGI,expense,6855.68,2025-07-28,差旅,房租
20250122B1GM6U,expense,8345.17,2025-01-22,购物,房租
20250214ZIO8F4,expense,7453.02,2025-02-14,差旅,其他
2025102129D8OV,expense,8410.52,2025-10-21,补贴,交通
20250422ACM6R9,expense,7705.93,2025-04-22,正常,娱乐
20250322DJ39O8,expense,53.90,2025-03-22,正常,交通
202502223OML2T,expense,7740.98,2025-02-22,学习,交通
20250326BDXBWD,expense,6749.04,2025-03-26,学习,交通
20250403D7MPRP,expense,8408.27,2025-04-03,购物,交通
20250613B673GS,expense,1737.07,2025-06-13,差旅,房租
20250212RCXBCY,expense,1492.12,2025-02-12,外卖,食物
20250302190VIV,expense,8312.63,2025-03-02,生活费,房租
202504284YW3BJ,expense,7506.49,2025-04-28,生活费,食物
20250401LWAVJR,expense,3304.56,2025-04-01,娱乐,交通
20251201ZSLULF,expense,662.26,2025-12-01,加班,其他
20250502AF4RDS,expense,9530.49,2025-05-02,购物,房租
202509088UFC1N,expense,4926.10,2025-09-08,加班,其他
20250915SJKG5L,expense,8861.38,2025-09-15,补贴,娱乐
202501041R8NT0,expense,1440.51,2025-01-04,学习,娱乐
20251117YDMSAM,expense,1468.07,2025-11-17,外卖,房租
20251104GUIK81,expense,9437.44,2025-11-04,学习,房租
202512288YRVH0,expense,7966.44,2025-12-28,报销,房租
20251118NPSEOJ,expense,2216.81,2025-11-18,正常,交通
202511026GKB5X,expense,9537.17,2025-11-02,外卖,房租
20250828S9B6OF,expense,8619.64,2025-08-28,外卖,娱乐
20250111NO28D6,expense,9595.85,2025-01-11,补贴,其他
20250417LH739K,expense,4463.88,2025-04-17,购物,食物
202511152Y05H0,expense,6038.15,2025-11-15,加班,其他
202507250P6CV8,expense,2765.79,2025-07-25,差旅,食物
20251003GREK9C,expense,3647.18,2025-10-03,差旅,食物
20250906OEQELW,expense,8686.69,2025-09-06,正常,其他
20250105KY51CI,expense,306.08,2025-01-05,补贴,娱乐
20250209SKGCIP,expense,3411.32,2025-02-09,差旅,其他
202503086MBAAU,expense,6189.33,2025-03-08,正常,交通
20250417Q03EAN,expense,4938.81,2025-04-17,外卖,其他
20250409PLY97I,expense,726.46,2025-04-09,正常,食物
20250528NJFV6Z,expense,4470.44,2025-05-28,加班,娱乐
20251002VOU22I,expense,482.33,2025-10-02,外卖,食物
20250719XKYKF4,expense,6962.20,2025-07-19,补贴,娱乐
20250520R9Z6NF,expense,6333.94,2025-05-20,外卖,交通
202508036G66GN,expense,8330.13,2025-08-03,外卖,食物
20250423C6WCDG,expense,7656.16,2025-04-23,生活费,食物
20250710M7QTHW,expense,3102.67,2025-07-10,外卖,其他
20250801APTLHG,expense,4843.45,2025-08-01,学习,交通
202510196OL8NA,expense,5180.37,2025-10-19,补贴,其他
20250719YOLP1T,expense,10000.68,2025-07-19,生活费,其他
20251116LWOHUL,expense,7216.82,2025-11-16,娱乐,娱乐
20250910ZHS9DN,expense,6656.20,2025-09-10,娱乐,其他
20250909M1H147,expense,8467.21,2025-09-09,学习,娱乐
20250726X9B4L0,expense,1893.55,2025-07-26,报销,其他
20251126O1ZDOO,expense,8213.83,2025-11-26,补贴,娱乐
20250518HPSVJ5,expense,3253.69,2025-05-18,学习,食物
20250806M7W622,expense,2673.99,2025-08-06,外卖,其他
202502155RP6ZA,expense,4943.68,2025-02-15,外卖,食物
202506116PEMUL,expense,1908.66,2025-06-11,购物,食物
20250714513JR4,expense,3324.57,2025-07-14,购物,娱乐
20250904BG5L8W,expense,6673.40,2025-09-04,报销,交通
20251225YBK365,expense,972.88,2025-12-25,生活费,其他
20250917M2J7MM,expense,8444.16,2025-09-17,外卖,食物
20250706ACS11M,expense,115.97,2025-07-06,学习,娱乐
2025040272HJWD,expense,9193.31,2025-04-02,购物,交通
20250813I2T1R7,expense,4759.90,2025-08-13,学习,食物
202510016VF1AI,expense,5881.25,2025-10-01,外卖,其他
202511202J5KVL,expense,5552.02,2025-11-20,购物,房租
20250326QITY45,expense,4232.53,2025-03-26,外卖,其他
20250508UURKDY,expense,2403.59,2025-05-08,购物,食物
2025071433AB7V,expense,4926.66,2025-07-14,补贴,食物
20250522981KQO,expense,1284.37,2025-05-22,娱乐,交通
202512161AG8R7,expense,7576.15,2025-12-16,娱乐,交通
20250312TEHWSC,expense,8959.96,2025-03-12,购物,其他
20250117N6NFNZ,expense,6987.04,2025-01-17,加班,娱乐
20251111FQ9IQ7,expense,8859.20,2025-11-11,娱乐,交通
202511077HP4TF,expense,9276.72,2025-11-07,娱乐,其他
20251207S7YYPN,expense,707.16,2025-12-07,正常,其他
20250925LIOYIV,expense,7623.63,2025-09-25,正常,交通
20250421TPMC45,expense,1801.08,2025-04-21,差旅,其他
20251005OT7UI2,expense,50.89,2025-10-05,正常,房租
20251212TRQGG6,expense,5504.91,2025-12-12,正常,其他
20250311D9KRKE,expense,9220.61,2025-03-11,生活费,食物
20250527YFW5LP,expense,9804.01,2025-05-27,报销,其他
2025071852Z0AW,expense,9920.72,2025-07-18,学习,房租
20250507XAA9NR,expense,8050.43,2025-05-07,正常,房租
20250622PT03QU,expense,5809.37,2025-06-22,正常,食物
202505033B3WEF,expense,1344.57,2025-05-03,补贴,其他
20250225T32MLT,expense,8985.30,2025-02-25,补贴,娱乐
20250905RLIHVU,expense,7040.14,2025-09-05,差旅,交通
20251022NCJ5Q0,expense,2338.49,2025-10-22,差旅,娱乐
20250223WHWLE0,expense,8629.74,2025-02-23,补贴,食物
20250108RQ87RC,expense,9448.93,2025-01-08,生活费,娱乐
2025082781GSO9,expense,4072.49,2025-08-27,学习,其他
20250311JAK3BF,expense,888.25,2025-03-11,差旅,食物
20250715ALBDY4,expense,4713.48,2025-07-15,补贴,房租
20250702WSLNDX,expense,5410.15,2025-07-02,差旅,交通
20251105LSY88D,expense,6678.25,2025-11-05,正常,其他
202512108Z00X3,expense,7167.19,2025-12-10,加班,房租
20250811DFYEKC,expense,7523.53,2025-08-11,报销,交通
20250210Q8H9YI,expense,1270.34,2025-02-10,购物,其他
20250815ZU74C4,expense,1278.93,2025-08-15,娱乐,房租
20250501SCUMFX,expense,5337.09,2025-05-01,补贴,食物
20250116JQSM2Q,expense,9460.74,2025-01-16,购物,交通
20250916VX07M5,expense,2735.10,2025-09-16,购物,食物
20250825Y1R56N,expense,5516.62,2025-08-25,报销,其他
202502213YWJ0C,expense,8886.82,2025-02-21,报销,其他
20250826MQLQSI,expense,3126.23,2025-08-26,报销,娱乐
202504221S9444,expense,7279.95,2025-04-22,差旅,其他
20250421CWH9NA,expense,9817.32,2025-04-21,生活费,娱乐
20250322PCQU4L,expense,1662.70,2025-03-22,娱乐,其他
202503103ZV77N,expense,4959.63,2025-03-10,补贴,房租
20250712Z7NP53,expense,6853.41,2025-07-12,娱乐,娱乐
20250112INV3PO,expense,7719.74,2025-01-12,差旅,食物
202510054OKFJG,expense,2019.30,2025-10-05,学习,食物
20250408NU1HSC,expense,5758.98,2025-04-08,生活费,交通
20251215ZKZDVQ,expense,1974.18,2025-12-15,报销,房租
20250624C7E7G6,expense,2194.18,2025-06-24,报销,交通
20250907SH4XKZ,expense,8883.70,2025-09-07,正常,娱乐
20250901OEP5Y3,expense,9580.83,2025-09-01,生活费,食物
202506230NHS9X,expense,1190.93,2025-06-23,学习,交通
20250117I1BICJ,expense,6656.19,2025-01-17,差旅,娱乐
20250903YKFULS,expense,5571.71,2025-09-03,加班,其他
20250905VTWAP2,expense,6491.64,2025-09-05,加班,食物
20251123BAQ6QB,expense,3215.70,2025-11-23,购物,交通
20250910WGJAEG,expense,272.18,2025-09-10,差旅,娱乐
2025010331DOPI,expense,6019.09,2025-01-03,购物,食物
20250908PFMJG6,expense,2184.37,2025-09-08,生活费,食物
20250418TI7E5C,expense,8503.35,2025-04-18,正常,娱乐
20251104PCW80O,expense,398.83,2025-11-04,娱乐,房租
20250508G9N42F,expense,4127.46,2025-05-08,购物,其他
20250419GRBM2Y,expense,9227.13,2025-04-19,补贴,房租
20250427XZ424T,expense,9341.42,2025-04-27,正常,食物
20250513XQ8RSO,expense,8700.94,2025-05-13,生活费,房租
20250421Z2KSPZ,expense,4490.26,2025-04-21,生活费,交通
20250506IP03UX,expense,8901.36,2025-05-06,生活费,房租
20250116BMQCCC,expense,5482.09,2025-01-16,加班,其他
202511097E5Q0X,expense,6488.83,2025-11-09,正常,交通
20251203P9XNL8,expense,5060.91,2025-12-03,生活费,房租
20250426IL4BRI,expense,6943.64,2025-04-26,报销,食物
20250305O7W6R8,expense,2371.66,2025-03-05,报销,交通
20250210VR2RGG,expense,587.18,2025-02-10,生活费,其他
20250909V77B81,expense,5204.23,2025-09-09,购物,交通
202501039AXGRT,expense,6176.28,2025-01-03,报销,交通
20251217GKKAIB,expense,1892.85,2025-12-17,补贴,房租
20250426PHCREV,expense,5318.92,2025-04-26,学习,交通
202506087KI7C8,expense,3117.37,2025-06-08,正常,房租
20250907AL1HYO,expense,2278.45,2025-09-07,差旅,娱乐
20251007G13JPM,expense,8165.37,2025-10-07,购物,交通
20251111O84A7Q,expense,8678.89,2025-11-11,差旅,娱乐
20250802BSA3PC,expense,3372.28,2025-08-02,购物,房租
20251207HXJDJY,expense,8282.49,2025-12-07,学习,娱乐
20250105JH4KQ6,expense,3896.16,2025-01-05,报销,房租
20251028IH1LLV,expense,864.44,2025-10-28,加班,交通
20250913Z78FCR,expense,710.26,2025-09-13,补贴,娱乐
20250227CUCV4G,expense,6719.03,2025-02-27,加班,娱乐
20250314E1UEX0,expense,7783.59,2025-03-14,生活费,娱乐
20250825SS5CJ0,expense,868.75,2025-08-25,学习,其他
20250328XX7K04,expense,6637.27,2025-03-28,差旅,食物
20250317371W3L,expense,2930.26,2025-03-17,报销,房租
2025030236HRG3,expense,4297.35,2025-03-02,购物,其他
202505186KC6HH,expense,2093.24,2025-05-18,正常,食物
202507204MCEVA,expense,1482.52,2025-07-20,正常,其他
202508157QT3TC,expense,1466.23,2025-08-15,差旅,交通
20250722HU4NQX,expense,9788.91,2025-07-22,外卖,交通
202503013QKY5K,expense,5693.94,2025-03-01,补贴,交通
20250323QJ200C,expense,6914.98,2025-03-23,娱乐,其他
20250313I5VTYS,expense,9575.94,2025-03-13,娱乐,食物
20251120JN6MI3,expense,1050.32,2025-11-20,外卖,交通
20250627NSBA42,expense,6180.43,2025-06-27,外卖,交通
202501227CW4X1,expense,9301.13,2025-01-22,补贴,交通
20251127T4BJHU,expense,8054.46,2025-11-27,购物,娱乐
20250412X67C7U,expense,8999.25,2025-04-12,购物,食物
20250506VUNMNA,expense,4824.72,2025-05-06,外卖,其他
20251121MM68AT,expense,649.54,2025-11-21,补贴,其他
20250609FBYJ6C,expense,6842.75,2025-06-09,补贴,食物
20250223OD7J3X,expense,2368.61,2025-02-23,学习,交通
20251223DAT3BN,expense,6093.89,2025-12-23,购物,其他
20250120CW21DX,expense,3713.26,2025-01-20,购物,其他
20250617ROK9E8,expense,6787.73,2025-06-17,正常,其他
20250302D2TA9A,expense,173.05,2025-03-02,外卖,食物
20250524M0WBM7,expense,397.10,2025-05-24,正常,交通
2025111140XDFR,expense,5931.28,2025-11-11,补贴,其他
20251018S10VRN,expense,8985.08,2025-10-18,购物,房租
20250618QYZUIK,expense,8766.43,2025-06-18,外卖,房租
20250826015ZS6,expense,5631.79,2025-08-26,学习,其他
20250925NGLP4L,expense,3132.68,2025-09-25,报销,其他
20250326U00ETG,expense,9744.83,2025-03-26,正常,房租
20250116JV58NF,expense,6895.00,2025-01-16,补贴,房租
202507143OFD0K,expense,7411.46,2025-07-14,购物,房租
20250103MUCBPX,expense,2197.39,2025-01-03,报销,其他
20250828EFXCYE,expense,8837.57,2025-08-28,生活费,其他
202512171VXEY5,expense,9367.36,2025-12-17,娱乐,房租
202507267J442M,expense,8755.61,2025-07-26,生活费,房租
202501019PZ0NU,expense,5904.96,2025-01-01,购物,其他
20250221DPIU1U,expense,7982.01,2025-02-21,补贴,食物
202501181T126C,expense,5059.45,2025-01-18,正常,食物
20251020PV5XNC,expense,6514.05,2025-10-20,加班,食物
20250626NUMKIB,expense,4657.79,2025-06-26,娱乐,其他
20250504EEYCI8,expense,3564.90,2025-05-04,娱乐,交通
202502275XPVEH,expense,6783.36,2025-02-27,补贴,房租
20250712KL43O8,expense,2831.10,2025-07-12,购物,房租
202511277H55BJ,expense,7896.18,2025-11-27,正常,食物
20250920R0ONIW,expense,3274.12,2025-09-20,外卖,食物
202503269UVIGE,expense,5596.96,2025-03-26,学习,交通
202501254IL4FL,expense,3697.45,2025-01-25,报销,房租
20250511RCDPOK,expense,876.75,2025-05-11,外卖,交通
20251116JNI1MZ,expense,9550.62,2025-11-16,外卖,房租
202502288M2649,expense,6617.90,2025-02-28,加班,食物
20250111AY63CI,expense,4459.49,2025-01-11,报销,食物
20250522UUTZTB,expense,1968.61,2025-05-22,外卖,食物
20251005G2KLA5,expense,6918.74,2025-10-05,学习,其他
20251025ZAQ072,expense,7789.20,2025-10-25,加班,房租
20251220GY848V,expense,6872.55,2025-12-20,学习,房租
20250601H54BWO,expense,4289.55,2025-06-01,差旅,食物
20250710I259DM,expense,7514.41,2025-07-10,正常,其他
2025121924BP7T,expense,1513.15,2025-12-19,报销,其他
202511023OJTKW,expense,8255.26,2025-11-02,加班,交通
20250903SLICAD,expense,2740.03,2025-09-03,购物,食物
20250318G5YK2P,expense,2223.17,2025-03-18,加班,交通
20251026JV9IA2,expense,3321.21,2025-10-26,娱乐,食物
20251206ROQSUT,expense,2142.24,2025-12-06,加班,交通
202507125LHGUZ,expense,1451.05,2025-07-12,购物,交通
20251210YRQYJ0,expense,5873.61,2025-12-10,购物,房租
20250324TXMMUZ,expense,3154.20,2025-03-24,加班,娱乐
20250725IIN94V,expense,1089.80,2025-07-25,补贴,其他
20250716S8PAC8,expense,9264.47,2025-07-16,外卖,房租
202512069D0290,expense,3159.97,2025-12-06,正常,食物
20250113QQARA2,expense,5956.18,2025-01-13,正常,交通
20250617I1W130,expense,4139.95,2025-06-17,加班,房租
20250503C60NW9,expense,6678.35,2025-05-03,加班,娱乐
20250220L37PV8,expense,5282.07,2025-02-20,正常,交通
20250818LD6S2R,expense,5592.99,2025-08-18,外卖,食物
202509191S9H4M,expense,1162.80,2025-09-19,购物,房租
202501131AF4WQ,expense,4222.84,2025-01-13,加班,交通
20250714T4SL6L,expense,428.56,2025-07-14,加班,房租
202501089YMP1E,expense,7761.27,2025-01-08,购物,娱乐
20250726534G0N,expense,7206.21,2025-07-26,学习,房租
20250314BSQKY1,expense,7278.42,2025-03-14,购物,娱乐
20250219U3EQZ8,expense,3371.62,2025-02-19,加班,交通
20250825ZNHO1L,expense,7022.78,2025-08-25,学习,其他
20251101RDORVC,expense,7041.76,2025-11-01,娱乐,娱乐
20250126AXQUU7,expense,9066.22,2025-01-26,购物,娱乐
20251021IJLJJB,expense,1022.05,2025-10-21,外卖,其他
20250304JGJ19G,expense,8037.03,2025-03-04,娱乐,食物
202505159LWQ2O,expense,9719.46,2025-05-15,娱乐,娱乐
20250113MKOKHE,expense,4862.00,2025-01-13,加班,娱乐
20250411FN4AUO,expense,3373.42,2025-04-11,学习,娱乐
20250528WHMO61,expense,9928.94,2025-05-28,差旅,交通
20250809TKX65Q,expense,2589.12,2025-08-09,补贴,娱乐
20250926V2BYPP,expense,6912.25,2025-09-26,学习,娱乐
202502027DYMRI,expense,2476.99,2025-02-02,正常,房租
20250428IV6GPX,expense,4722.35,2025-04-28,学习,食物
202502281GUZGU,expense,7445.58,2025-02-28,学习,交通
20250914B988Z4,expense,7760.38,2025-09-14,外卖,食物
20251114GPH5E8,expense,2999.18,2025-11-14,补贴,交通
20250110U1LIQA,expense,1801.09,2025-01-10,购物,食物
20250710KKZK22,expense,5559.91,2025-07-10,学习,房租
20250125BYG8AU,expense,1035.19,2025-01-25,加班,其他
202504170Q3VO2,expense,8054.18,2025-04-17,学习,交通
20250308I8RH5W,expense,7085.15,2025-03-08,娱乐,其他
2025111742BUJ6,expense,9240.72,2025-11-17,外卖,食物
20250522LVW0SY,expense,7394.57,2025-05-22,差旅,娱乐
20250117A4U1JJ,expense,6393.18,2025-01-17,差旅,房租
20251204KPKCON,expense,9382.55,2025-12-04,生活费,交通
20250821YSTBOS,expense,4757.46,2025-08-21,娱乐,娱乐
20251113EDZ3GS,expense,8022.73,2025-11-13,购物,食物
202503051X7QS7,expense,2012.97,2025-03-05,正常,交通
20250822TLJHF4,expense,2360.83,2025-08-22,报销,食物
20250917SE90HK,expense,8214.04,2025-09-17,学习,食物
20250103LKN31R,expense,1535.08,2025-01-03,差旅,食物
20250127VW40GV,expense,3698.16,2025-01-27,正常,房租
20250121YLC111,expense,1264.83,2025-01-21,娱乐,房租
202507109QAN8I,expense,7407.90,2025-07-10,正常,食物
202509282QZRB1,expense,4302.01,2025-09-28,购物,交通
20250821UTZXS3,expense,8652.64,2025-08-21,购物,房租
20250211RXYVQT,expense,1558.42,2025-02-11,补贴,房租
20250712AVXW8U,expense,8905.45,2025-07-12,报销,房租
202508223AHAAW,expense,1281.51,2025-08-22,补贴,娱乐
20251127AB58GH,expense,1810.81,2025-11-27,差旅,食物
20250904PERW7F,expense,2700.58,2025-09-04,生活费,房租
20250910CKTCLI,expense,6012.01,2025-09-10,生活费,房租
20250511Y6ID2D,expense,8685.29,2025-05-11,外卖,其他
20251215DWB43P,expense,3319.87,2025-12-15,差旅,交通
20250114ENNMEX,expense,1389.44,2025-01-14,生活费,其他
20250901X118NL,expense,9047.38,2025-09-01,报销,食物
20250314ZEWG39,expense,4500.76,2025-03-14,购物,食物
20250918WZBHA9,expense,5639.92,2025-09-18,差旅,交通
20250812ZH2U14,expense,206.69,2025-08-12,正常,房租
20250922DUZ1BM,expense,7220.09,2025-09-22,生活费,食物
20250719FD4WRM,expense,8896.41,2025-07-19,补贴,其他
202504199N1ZQK,expense,8155.04,2025-04-19,报销,娱乐
20251126PK4R2M,expense,7822.49,2025-11-26,学习,其他
202501201410O6,expense,2904.45,2025-01-20,报销,其他
202504024CL07G,expense,5189.77,2025-04-02,学习,房租
2025121022UOBA,expense,8803.93,2025-12-10,购物,交通
2025101838P1DQ,expense,2440.39,2025-10-18,娱乐,娱乐
202508180AE0XE,expense,5839.66,2025-08-18,外卖,交通
20250123D04JU2,expense,2769.08,2025-01-23,娱乐,食物
20250320JKBN7I,expense,4361.56,2025-03-20,加班,其他
20251015ORH0XE,expense,3470.70,2025-10-15,外卖,交通
20250128DKCZEA,expense,1986.82,2025-01-28,购物,其他
20250402VA33E4,expense,5470.07,2025-04-02,报销,房租
202507278ZRZYC,expense,2995.42,2025-07-27,差旅,其他
202508018QTU3T,expense,5167.44,2025-08-01,娱乐,其他
20250713H05OYK,expense,5364.75,2025-07-13,外卖,交通
202502115UF0LL,expense,5677.35,2025-02-11,娱乐,食物
20250115CAGEGO,expense,1135.29,2025-01-15,娱乐,其他
20251125FS1QGA,expense,1664.70,2025-11-25,加班,娱乐
20250928BJF69A,expense,9103.15,2025-09-28,报销,房租
20250801AMFEH6,expense,7483.48,2025-08-01,外卖,交通
20250617104MCK,expense,2328.49,2025-06-17,报销,交通
20250616TZ67HW,expense,4677.10,2025-06-16,外卖,食物
20250806X9I5SV,expense,4586.45,2025-08-06,加班,娱乐
20250918SJAXHL,expense,4238.75,2025-09-18,学习,其他
2025050814NGHA,expense,1215.92,2025-05-08,报销,其他
20250811ROP0GE,expense,2168.10,2025-08-11,差旅,食物
202509259BBNF9,expense,3653.22,2025-09-25,外卖,食物
20251027G3A0G0,expense,311.69,2025-10-27,加班,娱乐
20250215RTOY2P,expense,65.71,2025-02-15,报销,房租
20250606277641,expense,4975.54,2025-06-06,加班,其他
20250817BYC82R,expense,9945.30,2025-08-17,加班,其他
20250507G41CLM,expense,8368.30,2025-05-07,加班,房租
20250315HRYM97,expense,6645.67,2025-03-15,购物,娱乐
20250504GNAO7Z,expense,5000.02,2025-05-04,正常,食物
202508011B6C93,expense,8379.20,2025-08-01,生活费,交通
20251220QDVZZS,expense,78.31,2025-12-20,差旅,交通
20250228XCUAJT,expense,4909.69,2025-02-28,报销,交通
20251128QKKNO5,expense,7631.59,2025-11-28,差旅,交通
20250514XVAHH6,expense,6777.18,2025-05-14,学习,其他
202512102R9M5F,expense,287.41,2025-12-10,购物,房租
20251007BW9EGK,expense,3140.55,2025-10-07,外卖,其他
2025022817ZCME,expense,6422.54,2025-02-28,生活费,交通
202501259SLRE4,expense,154.79,2025-01-25,生活费,食物
2025061042QNNW,expense,9116.89,2025-06-10,正常,食物
20251216KRPWEL,expense,8813.54,2025-12-16,娱乐,食物
202512203HE0K3,expense,4826.65,2025-12-20,补贴,娱乐
20250115ONSRTI,expense,1633.52,2025-01-15,娱乐,娱乐
202502049G5MUY,expense,1398.11,2025-02-04,娱乐,交通
20250601RTSW0G,expense,3881.02,2025-06-01,购物,交通
20250603XD4PKO,expense,9843.78,2025-06-03,生活费,食物
202501030VK3AR,expense,5064.84,2025-01-03,补贴,房租
202503148YX3XH,expense,763.59,2025-03-14,娱乐,交通
20250323AV9PI9,expense,3519.46,2025-03-23,正常,娱乐
2025092772YA7A,expense,4802.38,2025-09-27,外卖,交通
20251217GEVN24,expense,88.08,2025-12-17,加班,房租
20250918VMYBAO,expense,7489.31,2025-09-18,购物,食物
20250510DMAOBV,expense,5396.26,2025-05-10,加班,娱乐
20251219SP9GXS,expense,372.91,2025-12-19,补贴,房租
20250215HDB8KW,expense,4782.41,2025-02-15,补贴,食物
20250902FFKM7K,expense,4568.71,2025-09-02,外卖,其他
20250712X2J68L,expense,5988.71,2025-07-12,补贴,食物
20251004Y3MWC9,expense,9244.47,2025-10-04,外卖,房租
20251227WGUJST,expense,6614.42,2025-12-27,正常,交通
20250821349TXA,expense,5243.65,2025-08-21,报销,娱乐
20250911WNPQJJ,expense,7637.03,2025-09-11,购物,房租
20250602R7NMQP,expense,8395.28,2025-06-02,外卖,交通
202509251I2DYK,expense,7379.43,2025-09-25,购物,交通
202503037M076T,expense,3102.67,2025-03-03,报销,交通
2025121113I8DZ,expense,4314.87,2025-12-11,补贴,娱乐
202509055QQAU3,expense,9723.63,2025-09-05,学习,房租
2025121247K43C,expense,3442.33,2025-12-12,生活费,其他
202502150RDEX2,expense,63.01,2025-02-15,生活费,房租
20250308TXBHBV,expense,2572.27,2025-03-08,购物,交通
202512212PYQSM,expense,9214.06,2025-12-21,差旅,娱乐
202503040GDFGW,expense,317.96,2025-03-04,加班,娱乐
20250516U027P3,expense,7928.28,2025-05-16,加班,娱乐
20251226FYLK2V,expense,9073.51,2025-12-26,生活费,食物
20250716R3K9T9,expense,3170.74,2025-07-16,生活费,房租
202507163SSOX5,expense,8965.03,2025-07-16,生活费,其他
202506060D3J29,expense,410.76,2025-06-06,生活费,房租
20250903HQ11OZ,expense,536.77,2025-09-03,外卖,娱乐
20251208S8M2IA,expense,7582.78,2025-12-08,娱乐,其他
202506169SLC39,expense,6150.33,2025-06-16,外卖,其他
20251112E8JZEK,expense,6690.92,2025-11-12,差旅,房租
20250418UA05RS,expense,1513.72,2025-04-18,报销,食物
20250206LYDK0A,expense,500.10,2025-02-06,生活费,其他
20250914RU23NY,expense,6997.95,2025-09-14,正常,食物
20251020OU28NS,expense,9399.93,2025-10-20,学习,其他
20250117YHB3YP,expense,7079.73,2025-01-17,生活费,食物
202507283UBIA4,expense,4240.81,2025-07-28,外卖,娱乐
20250412BVXOAT,expense,8707.43,2025-04-12,生活费,交通
2025110797HT0A,expense,808.52,2025-11-07,报销,食物
2025020682CFXZ,expense,7233.97,2025-02-06,购物,其他
20250413GY6TUV,expense,5574.28,2025-04-13,外卖,交通
20250522SGKSIZ,expense,4682.73,2025-05-22,购物,交通
20250208P7M32X,expense,9744.46,2025-02-08,加班,房租
20250208VIKIJG,expense,4907.12,2025-02-08,购物,房租
20250419AF6Z9S,expense,2535.82,2025-04-19,学习,房租
202510169CWM1K,expense,8238.77,2025-10-16,补贴,娱乐
20250728PQVTU8,expense,2164.98,2025-07-28,正常,娱乐
202508108NF5NW,expense,9544.74,2025-08-10,购物,其他
20250118BYQR2N,expense,4347.27,2025-01-18,生活费,其他
20250712SHUYH7,expense,428.75,2025-07-12,购物,交通
202501025M6HW2,expense,4754.78,2025-01-02,娱乐,食物
20250405MFJ8P1,expense,7218.89,2025-04-05,加班,房租
20250409W19EDR,expense,9318.46,2025-04-09,生活费,交通
20250227BKONHS,expense,7244.91,2025-02-27,加班,房租
20250828I0JXOT,expense,8083.78,2025-08-28,外卖,娱乐
20251112TSFO6U,expense,5550.65,2025-11-12,学习,食物
20251214R4Z5LN,expense,5670.91,2025-12-14,加班,交通
20251119RHRJOG,expense,3233.18,2025-11-19,报销,食物
202511024PRYOS,expense,9369.84,2025-11-02,差旅,交通
202504220JSIYJ,expense,764.13,2025-04-22,购物,娱乐
2025070110SFQG,expense,4514.90,2025-07-01,差旅,其他
20250828CQYHSY,expense,3526.28,2025-08-28,生活费,其他
20251112LCM4WE,expense,336.60,2025-11-12,补贴,交通
2025082649M26Q,expense,3924.15,2025-08-26,外卖,交通
2025060939L7Z3,expense,5547.50,2025-06-09,学习,食物
202507188GZFFJ,expense,9458.96,2025-07-18,购物,其他
20250711AVSZ1B,expense,6159.78,2025-07-11,差旅,娱乐
20250708PSWLUU,expense,9464.13,2025-07-08,学习,娱乐
202508282O6XLG,expense,1965.71,2025-08-28,购物,房租
20251220BR2BGL,expense,2932.88,2025-12-20,正常,交通
202502096GGM84,expense,2134.63,2025-02-09,正常,房租
20250509A2906O,expense,743.83,2025-05-09,学习,其他
20251205DQBD43,expense,3533.86,2025-12-05,报销,娱乐
20250801M5EOZN,expense,9142.27,2025-08-01,报销,交通
20250921XUECRE,expense,7136.96,2025-09-21,娱乐,娱乐
20250710R4P1QI,expense,2358.71,2025-07-10,学习,其他
202509160JUMZD,expense,4011.04,2025-09-16,加班,食物
20250501FD7OFV,expense,6748.50,2025-05-01,差旅,食物
202503234YGXZN,expense,6897.90,2025-03-23,学习,娱乐
20251214R4RQOR,expense,9048.61,2025-12-14,差旅,交通
202504079OU3W4,expense,7744.11,2025-04-07,生活费,其他
20250424VP7UWI,expense,4340.52,2025-04-24,娱乐,食物
20250706UJXCNK,expense,1192.53,2025-07-06,正常,交通
20250902F4DYI4,expense,6678.20,2025-09-02,差旅,食物
20250212NVJ1UO,expense,8687.66,2025-02-12,补贴,其他
20251027JTC7F0,expense,6999.90,2025-10-27,差旅,食物
202511098B031I,expense,4573.58,2025-11-09,补贴,食物
20250903SBJ1DE,expense,8278.20,2025-09-03,正常,交通
20250725YLYTRT,expense,9671.96,2025-07-25,外卖,其他
202508175BRV4C,expense,5429.52,2025-08-17,补贴,其他
20251208R4IUZI,expense,9586.14,2025-12-08,差旅,交通
20250210825CJY,expense,7174.66,2025-02-10,外卖,交通
20250922VVLG22,expense,3006.22,2025-09-22,购物,房租
20250802SMT0OO,expense,5579.91,2025-08-02,外卖,房租
20251114WJW4FL,expense,308.13,2025-11-14,娱乐,其他
20250714WGML3S,expense,3776.32,2025-07-14,加班,食物
202504070CZNE6,expense,6278.62,2025-04-07,差旅,交通
20250609PUSL71,expense,8335.53,2025-06-09,购物,娱乐
20251108NS2UO1,expense,6666.52,2025-11-08,补贴,食物
202501088X68N5,expense,5127.14,2025-01-08,补贴,其他
202508079857S9,expense,3034.17,2025-08-07,加班,交通
20251210Q0SS4A,expense,4896.09,2025-12-10,购物,交通
20250509A9QSBY,expense,2003.72,2025-05-09,差旅,其他
2025031625GB87,expense,3671.75,2025-03-16,正常,其他
20250205OAH8LD,expense,8064.03,2025-02-05,加班,交通
202511066L5JKF,expense,857.61,2025-11-06,购物,交通
202512194W30XU,expense,1947.42,2025-12-19,正常,食物
20251008BQO9XO,expense,7287.78,2025-10-08,娱乐,食物
20250412FQMBWH,expense,4167.14,2025-04-12,报销,娱乐
20250101LFN5WA,expense,9790.26,2025-01-01,加班,食物
20250312AOH3V8,expense,5381.81,2025-03-12,差旅,其他
202510265ZUDLK,expense,6633.54,2025-10-26,报销,娱乐
20250903H0YDLC,expense,4713.12,2025-09-03,报销,其他
20250505JYHYOJ,expense,5437.80,2025-05-05,娱乐,房租
20250212U7N3A6,expense,1488.63,2025-02-12,学习,房租
2025040136NS9N,expense,135.12,2025-04-01,娱乐,其他
202502124C4VCH,expense,617.94,2025-02-12,购物,其他
202503071HK2TE,expense,9149.48,2025-03-07,正常,食物
20251007L2HUSA,expense,6565.40,2025-10-07,加班,食物
20250203YHDYAX,expense,1670.52,2025-02-03,报销,其他
20250515HG5T48,expense,6389.78,2025-05-15,生活费,交通
20251025Y2C1L9,expense,6336.37,2025-10-25,生活费,房租
20250103UM0OHB,expense,294.42,2025-01-03,娱乐,交通
20251122K7HVUN,expense,326.96,2025-11-22,外卖,娱乐
20250502P8KMXA,expense,6371.34,2025-05-02,购物,娱乐
20251212IOB6PJ,expense,6931.60,2025-12-12,报销,娱乐
202511017MVKB7,expense,7215.81,2025-11-01,外卖,房租
20250514F44DNS,expense,4334.53,2025-05-14,学习,娱乐
20251225UWDKM2,expense,6822.87,2025-12-25,差旅,其他
20250218XB52O3,expense,2699.21,2025-02-18,娱乐,交通
202508039Z2DDG,expense,1719.53,2025-08-03,补贴,娱乐
20250208N6NF4H,expense,1491.80,2025-02-08,差旅,食物
202501063AMBTB,expense,1432.27,2025-01-06,外卖,其他
2025060720F7OQ,expense,2280.28,2025-06-07,正常,其他
20250827HS088P,expense,9567.15,2025-08-27,加班,其他
202508128RW307,expense,432.40,2025-08-12,正常,房租
20251117W24F7Q,expense,6064.08,2025-11-17,生活费,食物
202504147MP9N1,expense,4053.89,2025-04-14,报销,娱乐
20250727E7EZO3,expense,8512.37,2025-07-27,正常,交通
20250114CA525S,expense,5502.15,2025-01-14,购物,房租
20251216VXKQDG,expense,8237.24,2025-12-16,生活费,食物
2025021593TIDW,expense,7044.25,2025-02-15,差旅,交通
20251110UHLW6W,expense,1775.01,2025-11-10,正常,食物
20251219FGCP5X,expense,5340.56,2025-12-19,报销,房租
20251219ASCS1X,expense,7479.92,2025-12-19,报销,娱乐
20250418ZH5ZYT,expense,4501.99,2025-04-18,购物,娱乐
20250115MZ25V9,expense,2219.47,2025-01-15,正常,其他
20250219P3FMP6,expense,8294.77,2025-02-19,生活费,交通
20250827PTTDDC,expense,7396.50,2025-08-27,购物,食物
20250517AP9LTJ,expense,1646.29,2025-05-17,购物,交通
20250116TKSAP0,expense,9084.49,2025-01-16,娱乐,娱乐
20250319UA760T,expense,2641.05,2025-03-19,报销,娱乐
20250417BNXSU0,expense,7599.31,2025-04-17,报销,食物
20250105I5OVNT,expense,2243.61,2025-01-05,外卖,其他
202510281G7RUO,expense,4709.41,2025-10-28,补贴,其他
20250719E601KJ,expense,7483.23,2025-07-19,学习,娱乐
20250302TST64B,expense,8801.98,2025-03-02,报销,其他
20250203NRCXQW,expense,3918.73,2025-02-03,购物,其他
202507268TANDR,expense,9521.30,2025-07-26,差旅,交通
20251020WNLQ4C,expense,8494.92,2025-10-20,加班,交通
20250515TGYPPQ,expense,4298.83,2025-05-15,报销,食物
20251226EMS1LH,expense,471.52,2025-12-26,外卖,食物
20250511B8JHRZ,expense,488.96,2025-05-11,差旅,食物
202502181IYOYT,expense,9101.76,2025-02-18,娱乐,食物
20250413YSGS6H,expense,9751.46,2025-04-13,娱乐,娱乐
20250510QGHHJN,expense,7996.99,2025-05-10,正常,房租
20251214Z2P8GB,expense,3225.96,2025-12-14,购物,娱乐
20250820TSA1OS,expense,804.73,2025-08-20,生活费,交通
20250101RM3XI1,expense,6701.34,2025-01-01,购物,房租
202505217Q1IX9,expense,4583.37,2025-05-21,外卖,交通
20250609WJ5SWM,expense,3376.70,2025-06-09,差旅,房租
202503107H09NU,expense,2634.61,2025-03-10,报销,交通
202511122CEAAE,expense,7147.67,2025-11-12,学习,其他
20250416OMUG62,expense,9150.63,2025-04-16,补贴,交通
20250421X0WWGT,expense,7568.08,2025-04-21,娱乐,食物
202501214PET34,expense,4113.20,2025-01-21,正常,娱乐
20250918NZR6I6,expense,3706.25,2025-09-18,购物,其他
20251213AFT41G,expense,6300.78,2025-12-13,差旅,食物
202508210930YT,expense,3577.85,2025-08-21,加班,房租
20251215XE3HY0,expense,6099.19,2025-12-15,差旅,娱乐
20250117C446W0,expense,879.27,2025-01-17,补贴,食物
20250518U236AJ,expense,1340.01,2025-05-18,报销,房租
20251206B9G8F1,expense,3842.75,2025-12-06,娱乐,房租
20250716RYRA4E,expense,8549.12,2025-07-16,购物,娱乐
20250626RYNL1X,expense,4870.29,2025-06-26,加班,娱乐
202505100WH3E8,expense,7789.16,2025-05-10,娱乐,娱乐
20251118Q2LJCI,expense,2414.29,2025-11-18,学习,交通
20250701TRVMWD,expense,5798.51,2025-07-01,生活费,其他
2025031834RC16,expense,3639.87,2025-03-18,加班,房租
2025041810UU9O,expense,9902.09,2025-04-18,报销,房租
202508289EIJP5,expense,8425.70,2025-08-28,补贴,交通
20251106QBMO6U,expense,5440.84,2025-11-06,外卖,交通
20251004LHKKM6,expense,6819.28,2025-10-04,差旅,房租
20250224OQB2F6,expense,914.50,2025-02-24,生活费,其他
20250621O6ZGTD,expense,8826.17,2025-06-21,正常,其他
20250103J3WQ65,expense,3508.93,2025-01-03,娱乐,娱乐
20251016JNVN4P,expense,9623.24,2025-10-16,娱乐,房租
20250504BA61PX,expense,2443.48,2025-05-04,加班,房租
202507075YX0C3,expense,3202.68,2025-07-07,正常,娱乐
20250302XK1UGF,expense,8800.45,2025-03-02,娱乐,娱乐
20250208JVBFG8,expense,630.88,2025-02-08,补贴,房租
20251210PCUMW1,expense,1138.28,2025-12-10,差旅,其他
20250904JNSW41,expense,5898.69,2025-09-04,正常,娱乐
2025071059HS7Q,expense,2972.72,2025-07-10,差旅,食物
20251219DG2IIB,expense,241.69,2025-12-19,生活费,娱乐
20250704VXO7OA,expense,9483.49,2025-07-04,正常,娱乐
20251214O4RAVH,expense,3736.37,2025-12-14,购物,娱乐
202505238YXWCM,expense,5383.04,2025-05-23,购物,娱乐
20250417J7N458,expense,1650.78,2025-04-17,生活费,娱乐
202501154GAVJC,expense,180.51,2025-01-15,购物,其他
20250719QF169U,expense,6857.73,2025-07-19,正常,娱乐
20250403K3AQZ5,expense,7437.18,2025-04-03,娱乐,娱乐
20250424R1R9LY,expense,4667.71,2025-04-24,正常,其他
20250513XI47TE,expense,677.28,2025-05-13,补贴,房租
20251214489GXQ,expense,3686.07,2025-12-14,学习,房租
20250913UIPQR5,expense,1602.71,2025-09-13,生活费,交通
20250511ZPIC6R,expense,7129.95,2025-05-11,学习,交通
20250303LS72S7,expense,7968.03,2025-03-03,报销,交通
202508261XODE2,expense,9009.39,2025-08-26,娱乐,娱乐
20250107IGSJA1,expense,6535.13,2025-01-07,报销,食物
20250909NO3WP5,expense,1494.03,2025-09-09,生活费,交通
20250827Z3218M,expense,2561.48,2025-08-27,娱乐,娱乐
20251204R2A9R7,expense,3656.56,2025-12-04,购物,食物
20250620EYLY6C,expense,7267.49,2025-06-20,正常,交通
20250425CLMFQK,expense,513.17,2025-04-25,加班,食物
202506137F92RV,expense,1565.15,2025-06-13,正常,娱乐
202512243LHHR3,expense,3920.08,2025-12-24,购物,交通
20250322UOU2MX,expense,777.42,2025-03-22,差旅,娱乐
20251018T74TM2,expense,1303.35,2025-10-18,补贴,其他
20251001YY9RUT,expense,3846.41,2025-10-01,外卖,食物
2025110144GN1Q,expense,4217.01,2025-11-01,差旅,房租
2025052321VSWC,expense,7063.69,2025-05-23,差旅,食物
20251211RRMD3U,expense,5788.30,2025-12-11,娱乐,其他
202508214X4CX0,expense,1684.49,2025-08-21,娱乐,其他
20251213M3NO3E,expense,6943.31,2025-12-13,购物,其他
20251118KTF7GS,expense,6243.76,2025-11-18,娱乐,交通
20250426GET853,expense,800.20,2025-04-26,报销,交通
20250710OITHM0,expense,5899.01,2025-07-10,差旅,食物
20250121F4Q12Q,expense,8406.20,2025-01-21,补贴,其他
20251206MG9WAU,expense,8975.89,2025-12-06,学习,房租
20250528C4MIMK,expense,942.38,2025-05-28,报销,交通
20250807MQEVN9,expense,6155.92,2025-08-07,购物,其他
2025111232OBZS,expense,5435.39,2025-11-12,补贴,交通
20251204ZBEZUD,expense,8741.22,2025-12-04,报销,娱乐
202508266I0W37,expense,4615.52,2025-08-26,加班,其他
20250303D1JRHB,expense,6265.99,2025-03-03,报销,交通
20251119HEPVZV,expense,6073.70,2025-11-19,加班,交通
20250703QLK81B,expense,7818.08,2025-07-03,加班,其他
202507235VS4A0,expense,7258.45,2025-07-23,差旅,食物
202509147OA8TE,expense,8329.88,2025-09-14,外卖,食物
20250520DIBOLX,expense,8560.44,2025-05-20,生活费,娱乐
202510069ZNJB2,expense,77.08,2025-10-06,报销,食物
20250119XF77U3,expense,9389.48,2025-01-19,生活费,交通
20250910U47763,expense,1975.90,2025-09-10,报销,食物
2025012298ZTA9,expense,173.05,2025-01-22,加班,食物
20250924TU1LEX,expense,2055.27,2025-09-24,差旅,娱乐
20250413O7WF4H,expense,1107.86,2025-04-13,报销,娱乐
202503258EOYZM,expense,6200.75,2025-03-25,差旅,娱乐
2025011338NX74,expense,1720.29,2025-01-13,购物,食物
2025080914EABR,expense,3900.65,2025-08-09,正常,娱乐
20250807BJ2763,expense,5927.54,2025-08-07,娱乐,交通
20250404JZRCG2,expense,5980.93,2025-04-04,娱乐,房租
20250602OW0T2O,expense,9888.45,2025-06-02,正常,交通
20250306681BEF,expense,9447.82,2025-03-06,学习,房租
20250113OFI9SE,expense,9374.80,2025-01-13,加班,娱乐
20250128OH8CXL,expense,4605.27,2025-01-28,加班,房租
20251119DRX5FU,expense,9551.43,2025-11-19,差旅,娱乐
202506152YAX51,expense,5440.25,2025-06-15,正常,交通
20250909GE3WUR,expense,5048.07,2025-09-09,补贴,交通
202505113GMMZM,expense,1632.21,2025-05-11,购物,交通
202501221UOAWK,expense,1659.41,2025-01-22,差旅,娱乐
20250617RC8ZUB,expense,7864.64,2025-06-17,购物,娱乐
20251214ID7R5M,expense,2270.87,2025-12-14,学习,娱乐
20250710J1DS8Z,expense,977.40,2025-07-10,加班,其他
20250622SKPPLJ,expense,1249.95,2025-06-22,差旅,交通
20250709VLX23O,expense,8218.64,2025-07-09,加班,交通
20250303F4T1EH,expense,9316.49,2025-03-03,购物,房租
202506209R8PH2,expense,4826.48,2025-06-20,正常,交通
20250326ZFBB98,expense,7578.75,2025-03-26,购物,交通
2025081038XL9T,expense,7707.66,2025-08-10,购物,食物
202511246NZUGP,expense,5942.87,2025-11-24,差旅,房租
202509158EZEBT,expense,4219.49,2025-09-15,报销,娱乐
20251107OTGWI5,expense,9529.03,2025-11-07,生活费,房租
20251118TWOVM5,expense,1033.71,2025-11-18,购物,房租
20250402JB2RCI,expense,8941.25,2025-04-02,生活费,交通
20250717YYKJ08,expense,8801.31,2025-07-17,差旅,娱乐
202506019ZQM62,expense,6730.27,2025-06-01,正常,娱乐
20251111I58NCX,expense,5022.54,2025-11-11,娱乐,食物
20250218O8D90I,expense,5610.87,2025-02-18,差旅,其他
20250507FUG5ZP,expense,3586.10,2025-05-07,补贴,交通
202511084R0FNQ,expense,2467.76,2025-11-08,娱乐,交通
20250905M1NVUM,expense,1068.89,2025-09-05,加班,其他
20251117DJGJYC,expense,9625.00,2025-11-17,报销,其他
20251126W2AIAX,expense,4926.16,2025-11-26,外卖,交通
20250615B7XN4C,expense,9924.27,2025-06-15,学习,食物
2025030954YY5K,expense,6289.84,2025-03-09,加班,房租
202512031M9M8Q,expense,2638.70,2025-12-03,生活费,娱乐
2025121701I90E,expense,8862.55,2025-12-17,生活费,其他
20251108X27TGJ,expense,8505.89,2025-11-08,娱乐,娱乐
20250513YBJFGM,expense,1907.19,2025-05-13,购物,食物
20250915JUK2WS,expense,6793.58,2025-09-15,加班,其他
20250427QPRBSJ,expense,1560.76,2025-04-27,娱乐,房租
20250624X8OG3J,expense,3254.45,2025-06-24,外卖,房租
20251114TBGK65,expense,3907.20,2025-11-14,差旅,交通
20250612SVSD2X,expense,9044.29,2025-06-12,补贴,娱乐
2025072419N7RF,expense,9703.83,2025-07-24,娱乐,房租
20250605H46KZG,expense,9481.65,2025-06-05,加班,娱乐
20250511I5OH6B,expense,3165.74,2025-05-11,购物,其他
20250816737D2O,expense,9601.05,2025-08-16,购物,交通
202509235V5KAH,expense,1685.49,2025-09-23,加班,交通
20250314DIYOX5,expense,5546.30,2025-03-14,差旅,房租
202504051EVSP3,expense,3413.53,2025-04-05,加班,食物
202509071ZIDZP,expense,2800.45,2025-09-07,补贴,房租
20250212IGTCME,expense,6452.52,2025-02-12,补贴,其他
20250816WSXW67,expense,3645.56,2025-08-16,娱乐,娱乐
20251118CHHEC8,expense,6010.52,2025-11-18,外卖,房租
20250404VSBYA0,expense,5446.78,2025-04-04,购物,食物
20251017YISTII,expense,5119.16,2025-10-17,加班,交通
20251122JQAZWY,expense,748.67,2025-11-22,加班,其他
20250424RJM3QK,expense,2469.74,2025-04-24,补贴,房租
20250301TTJGHH,expense,2886.40,2025-03-01,娱乐,其他
2025081629G8OJ,expense,7276.09,2025-08-16,补贴,娱乐
202512259446Y2,expense,6304.10,2025-12-25,购物,交通
202508174A55MT,expense,266.58,2025-08-17,学习,交通
20250622L4NXE7,expense,1242.59,2025-06-22,娱乐,交通
202504267ITHIZ,expense,4028.06,2025-04-26,补贴,食物
20250627IMXGUQ,expense,8.27,2025-06-27,生活费,其他
20251128N7DM98,expense,5172.92,2025-11-28,娱乐,其他
20250121LFX8N2,expense,1161.20,2025-01-21,差旅,其他
20250728RHTDY1,expense,2359.02,2025-07-28,差旅,交通
20250325RBNU9L,expense,1886.64,2025-03-25,购物,娱乐
20251024FU7Q6Y,expense,9451.87,2025-10-24,差旅,其他
20250601FHCDHS,expense,9202.69,2025-06-01,报销,食物
20250725TNE8I2,expense,1283.58,2025-07-25,差旅,其他
20250716V2DMFG,expense,2904.18,2025-07-16,差旅,其他
20250802YPS8V2,expense,5424.52,2025-08-02,娱乐,其他
20250609LEM81H,expense,1725.42,2025-06-09,娱乐,食物
202509246VZPXP,expense,4525.65,2025-09-24,补贴,交通
20250226BX4MEK,expense,9571.22,2025-02-26,外卖,交通
20250210QHOEJT,expense,8190.70,2025-02-10,加班,食物
20250717ODZU2Q,expense,848.95,2025-07-17,娱乐,娱乐
20251009QY30IY,expense,3965.60,2025-10-09,生活费,房租
20251120VO669H,expense,777.31,2025-11-20,购物,其他
20250817AQW79A,expense,409.53,2025-08-17,外卖,房租
20250119Y8QASS,expense,294.31,2025-01-19,补贴,房租
20250719LFXVV6,expense,5077.71,2025-07-19,娱乐,其他
2025101918SUHN,expense,7307.99,2025-10-19,娱乐,食物
20250223OSRJQA,expense,5009.86,2025-02-23,娱乐,其他
20251105QOJSN8,expense,5176.83,2025-11-05,报销,食物
20250317YD2TX7,expense,8896.87,2025-03-17,差旅,食物
20250705L0GQJS,expense,6822.14,2025-07-05,学习,食物
20250821H2VDKJ,expense,5711.95,2025-08-21,购物,交通
202502133KMBQP,expense,3510.34,2025-02-13,差旅,娱乐
202512123F339I,expense,6182.63,2025-12-12,正常,房租
202510279ETU3I,expense,5216.05,2025-10-27,学习,娱乐
202507229FAF1L,expense,5717.73,2025-07-22,学习,交通
20250210W2GD1F,expense,989.87,2025-02-10,差旅,娱乐
20250517CUGLBM,expense,8821.59,2025-05-17,生活费,娱乐
20250208BMC0VZ,expense,8922.05,2025-02-08,外卖,其他
202510014XWZAV,expense,7073.61,2025-10-01,差旅,娱乐
20250118987EK4,expense,5938.14,2025-01-18,加班,交通
20250319D8750D,expense,3928.72,2025-03-19,差旅,娱乐
20250201LGPREN,expense,4350.87,2025-02-01,学习,交通
20250215PMZ1JC,expense,7609.15,2025-02-15,差旅,房租
20250614Q4OLY0,expense,5731.56,2025-06-14,差旅,娱乐
20251206L2DRAD,expense,2514.43,2025-12-06,学习,其他
202508090JNBMS,expense,7937.62,2025-08-09,差旅,其他
202508043XX7YM,expense,4750.90,2025-08-04,差旅,食物
20250707H8Y9ME,expense,3900.03,2025-07-07,正常,其他
202512274LNYSZ,expense,1682.98,2025-12-27,生活费,房租
202509258LZVAM,expense,9025.44,2025-09-25,加班,房租
202510014MKH0A,expense,8940.51,2025-10-01,生活费,交通
202509016DDOUS,expense,8894.40,2025-09-01,学习,其他
20250125WDXX91,expense,9136.07,2025-01-25,报销,房租
20250716USI6OS,expense,7350.34,2025-07-16,外卖,房租
20250218UF4YXS,expense,6327.94,2025-02-18,生活费,其他
20250322N2PUT8,expense,329.82,2025-03-22,正常,房租
20250708MJDHXR,expense,2285.41,2025-07-08,差旅,交通
20250423EYG7MD,expense,6740.60,2025-04-23,正常,房租
20250828VQLRDL,expense,206.13,2025-08-28,购物,娱乐
20250823O5G4IZ,expense,8994.44,2025-08-23,加班,交通
20250823K57O1O,expense,3957.54,2025-08-23,娱乐,房租
2025011327F3QZ,expense,8950.06,2025-01-13,生活费,娱乐
202507036Y9CHC,expense,9546.70,2025-07-03,差旅,房租
20251124B7336N,expense,1355.91,2025-11-24,补贴,房租
20250506L73R09,expense,4303.95,2025-05-06,加班,交通
20250410LIPI26,expense,4930.59,2025-04-10,差旅,交通
202501232EQMF9,expense,654.96,2025-01-23,报销,食物
20250414D6B7F4,expense,3632.98,2025-04-14,差旅,其他
20250811YT4RDJ,expense,7466.92,2025-08-11,加班,房租
202506069F0RJ2,expense,9434.09,2025-06-06,娱乐,房租
20251217Z9HPW8,expense,839.06,2025-12-17,正常,其他
20251023FYFBTM,expense,5479.61,2025-10-23,补贴,娱乐
202509072MBUBB,expense,7168.22,2025-09-07,购物,交通
20250610IYNUB5,expense,4968.39,2025-06-10,差旅,娱乐
20250218W3XN4U,expense,5821.29,2025-02-18,外卖,其他
20250427IC2736,expense,1022.59,2025-04-27,加班,房租
20250621JN5AJM,expense,9381.11,2025-06-21,补贴,娱乐
20250528BEYVFC,expense,6336.59,2025-05-28,购物,交通
20250622E69WXE,expense,3998.17,2025-06-22,差旅,交通
2025072739KZZQ,expense,3967.97,2025-07-27,报销,交通
20251212GMOE7V,expense,1303.38,2025-12-12,生活费,房租
20250106W9KHID,expense,8001.21,2025-01-06,外卖,食物
20250625CID6BV,expense,2152.05,2025-06-25,学习,食物
20251225QMMPKC,expense,6878.61,2025-12-25,购物,娱乐
2025120443AJZT,expense,2735.41,2025-12-04,补贴,娱乐
20250726JLYHXF,expense,2546.71,2025-07-26,补贴,交通
202512037R37K5,expense,6366.89,2025-12-03,报销,食物
20250805C1J9KT,expense,3512.68,2025-08-05,差旅,其他
20251108I03RJ5,expense,4477.46,2025-11-08,正常,其他
202502174IKVJR,expense,9463.39,2025-02-17,补贴,交通
20250526AVBWUD,expense,7280.74,2025-05-26,差旅,娱乐
202506085B0W97,expense,1476.21,2025-06-08,差旅,食物
20250704P7W62O,expense,1806.83,2025-07-04,学习,食物
202502070G9H3D,expense,2620.33,2025-02-07,外卖,娱乐
20250505D6CR75,expense,8007.29,2025-05-05,娱乐,房租
20250506EN3B6M,expense,6084.57,2025-05-06,学习,交通
20251211D99B72,expense,5960.95,2025-12-11,购物,房租
20250627YQI14E,expense,3271.47,2025-06-27,生活费,娱乐
2025100690NBE2,expense,8293.13,2025-10-06,加班,其他
20250106L822NG,expense,8964.61,2025-01-06,娱乐,食物
20250808EGWJ9E,expense,202.19,2025-08-08,外卖,其他
202506147HDNI2,expense,6314.19,2025-06-14,正常,其他
20250919BNMHRL,expense,3864.97,2025-09-19,正常,交通
202505193WY47L,expense,6008.88,2025-05-19,娱乐,娱乐
20250411UU7WD6,expense,6960.47,2025-04-11,补贴,娱乐
202510045LU312,expense,9629.13,2025-10-04,补贴,娱乐
20250915KFJX6B,expense,278.84,2025-09-15,正常,交通
202504125HBREL,expense,945.74,2025-04-12,外卖,交通
20250123XZ6JCZ,expense,6588.42,2025-01-23,正常,其他
20250317OLV8B4,expense,2582.67,2025-03-17,差旅,娱乐
20251228NHU4OW,expense,7136.78,2025-12-28,购物,娱乐
20250120O7Y98Z,expense,3031.62,2025-01-20,学习,娱乐
20250125535BGC,expense,8844.30,2025-01-25,外卖,交通
20250920P1PE75,expense,1299.84,2025-09-20,学习,其他
20251217KC3PCY,expense,7554.84,2025-12-17,学习,其他
20250621PPKDLN,expense,2030.70,2025-06-21,生活费,食物
20251206RAZ9Q9,expense,4153.46,2025-12-06,学习,交通
20250409B4LLPV,expense,1325.58,2025-04-09,生活费,食物
202512139CX11Y,expense,303.84,2025-12-13,娱乐,食物
20250615IR8S40,expense,3108.11,2025-06-15,外卖,房租
20250819KFCX01,expense,516.15,2025-08-19,生活费,其他
20250408KORMG2,expense,7621.12,2025-04-08,娱乐,房租
20250909QRWNZJ,expense,2376.91,2025-09-09,正常,娱乐
202508127HEP1T,expense,9999.07,2025-08-12,差旅,食物
20251011T3RQYH,expense,9642.28,2025-10-11,购物,食物
20251118B49EEO,expense,8873.06,2025-11-18,生活费,房租
20251120Y1LWSE,expense,3717.90,2025-11-20,购物,房租
20250720E1O2ZF,expense,6562.90,2025-07-20,娱乐,交通
2025110213BRWH,expense,1808.10,2025-11-02,外卖,交通
2025081440TL5L,expense,3887.25,2025-08-14,外卖,房租
20251024OX7YRL,expense,73.06,2025-10-24,差旅,娱乐
20250717WV6FH8,expense,8584.13,2025-07-17,加班,食物
202501235LY35H,expense,8903.66,2025-01-23,购物,房租
20250320ZCGU1T,expense,7143.28,2025-03-20,生活费,食物
20250109M3DDD6,expense,1905.17,2025-01-09,生活费,房租
20250327YY4V5S,expense,4454.70,2025-03-27,生活费,娱乐
20250701GTOURQ,expense,4183.38,2025-07-01,娱乐,房租
20251125BGGFA2,expense,7996.73,2025-11-25,补贴,交通
20251116B1QZP9,expense,6276.63,2025-11-16,正常,食物
20250224J1J38T,expense,5324.34,2025-02-24,娱乐,食物
20250912ATUZYX,expense,7542.13,2025-09-12,购物,其他
20250823JK91UT,expense,8866.61,2025-08-23,外卖,房租
20250528X16YQY,expense,7571.75,2025-05-28,差旅,娱乐
202509160UNT5N,expense,179.88,2025-09-16,报销,娱乐
20251103CIKW5S,expense,4864.00,2025-11-03,加班,其他
20250215A79VT4,expense,3016.37,2025-02-15,学习,交通
20250618IDN2VQ,expense,2441.80,2025-06-18,加班,食物
20250508MXZPGA,expense,7983.84,2025-05-08,生活费,房租
20250218UMN9M8,expense,4415.82,2025-02-18,报销,娱乐
20250409RN535E,expense,5238.72,2025-04-09,学习,其他
202508155EMWPR,expense,7834.61,2025-08-15,补贴,食物
20250325EHSAE7,expense,9772.54,2025-03-25,学习,交通
2025100998J64I,expense,9268.66,2025-10-09,学习,其他
202506222QFJ23,expense,334.96,2025-06-22,娱乐,食物
20250524RZWLAB,expense,7142.57,2025-05-24,学习,房租
20251108TCF8L9,expense,9331.08,2025-11-08,购物,食物
20250701KM7EMH,expense,2250.00,2025-07-01,购物,娱乐
20250907J0O0X2,expense,1853.29,2025-09-07,购物,交通
20250316XNZVAB,expense,6405.60,2025-03-16,加班,交通
20250226T7TWSO,expense,6117.64,2025-02-26,学习,食物
2025041665P8W5,expense,4952.00,2025-04-16,补贴,其他
20251019ZQ4QYF,expense,4538.05,2025-10-19,学习,娱乐
20250108F91L7J,expense,3051.09,2025-01-08,加班,房租
2025080123STZW,expense,77.12,2025-08-01,娱乐,房租
20250712NPXKOW,expense,1998.60,2025-07-12,差旅,食物
20251104IZJCTJ,expense,6756.22,2025-11-04,正常,其他
20251220UK8ZHA,expense,9013.70,2025-12-20,补贴,娱乐
20251111NP3KHU,expense,4113.69,2025-11-11,娱乐,其他
202512068PW0B0,expense,8646.89,2025-12-06,差旅,其他
20250715BMWBL6,expense,9494.24,2025-07-15,差旅,娱乐
202504255Q4E4S,expense,7833.21,2025-04-25,购物,房租
202502166FHU92,expense,4272.06,2025-02-16,购物,食物
20250719GVNEPB,expense,5155.50,2025-07-19,生活费,交通
20250611PEE1SF,expense,54.97,2025-06-11,补贴,房租
20250516XUPW87,expense,6648.41,2025-05-16,娱乐,娱乐
20250803UKQ8I8,expense,9492.30,2025-08-03,购物,房租
20251009OSZD07,expense,7476.74,2025-10-09,差旅,食物
20250205PM67FN,expense,3056.20,2025-02-05,外卖,娱乐
202503205AP7YN,expense,8110.33,2025-03-20,娱乐,娱乐
202507156CXAMP,expense,9744.10,2025-07-15,生活费,房租
202508251ISOVS,expense,2849.58,2025-08-25,正常,食物
20250924Z6NJXO,expense,2382.91,2025-09-24,正常,交通
20251114ONZFRX,expense,6590.66,2025-11-14,补贴,娱乐
20250214CI5NO7,expense,1793.05,2025-02-14,生活费,交通
20250225N2I7NW,expense,618.28,2025-02-25,正常,其他
20250508K05FPN,expense,8850.82,2025-05-08,学习,房租
20250316LFPQOJ,expense,1033.29,2025-03-16,报销,食物
20251208BNOPBL,expense,7008.14,2025-12-08,生活费,食物
20250522NLJ61D,expense,2782.23,2025-05-22,学习,食物
20250206MTRX66,expense,3752.54,2025-02-06,补贴,娱乐
20251108BX26NG,expense,6791.23,2025-11-08,外卖,交通
2025071278A2JY,expense,6828.94,2025-07-12,报销,交通
20250221GB0O4W,expense,1616.18,2025-02-21,差旅,娱乐
20250513GJSWND,expense,887.23,2025-05-13,加班,交通
20250720JVXKM0,expense,779.89,2025-07-20,外卖,食物
20250719MLZ3AY,expense,4675.40,2025-07-19,报销,其他
20250613491ZD4,expense,9378.13,2025-06-13,生活费,房租
20250409L62HZJ,expense,9871.27,2025-04-09,外卖,房租
20250723ITG7Z4,expense,3634.69,2025-07-23,外卖,其他
20250127BRUE58,expense,9465.68,2025-01-27,学习,房租
2025031361LHAM,expense,5629.63,2025-03-13,正常,娱乐
202503266CX6U7,expense,5739.01,2025-03-26,正常,娱乐
20251224C5NIIM,expense,4563.23,2025-12-24,差旅,食物
20250824ZBTCLX,expense,973.01,2025-08-24,娱乐,交通
20250117I9L6P3,expense,981.27,2025-01-17,加班,食物
20250716V91CFM,expense,4831.88,2025-07-16,外卖,交通
20250808LVDXBN,expense,7519.81,2025-08-08,正常,娱乐
2025121953RL74,expense,794.76,2025-12-19,外卖,房租
20251013KPPD92,expense,2056.11,2025-10-13,加班,交通
202510249OJ4ZX,expense,5370.09,2025-10-24,购物,娱乐
20250227MY22QI,expense,5440.80,2025-02-27,差旅,食物
202507093AXKKQ,expense,1474.19,2025-07-09,购物,食物
20250827VWSAH8,expense,2094.48,2025-08-27,补贴,娱乐
20250503ONNVXD,expense,9076.53,2025-05-03,娱乐,其他
202505100H8C9W,expense,3772.49,2025-05-10,报销,房租
20251108E9AFQI,expense,8947.92,2025-11-08,加班,其他
20250211DIYK05,expense,7545.78,2025-02-11,生活费,交通
20251105H2C7KO,expense,1664.17,2025-11-05,娱乐,娱乐
20250520VR79SV,expense,3714.50,2025-05-20,娱乐,房租
20250703D1VZPO,expense,4341.12,2025-07-03,购物,其他
20251209PMF79D,expense,3637.78,2025-12-09,娱乐,食物
20251226LOZV8O,expense,8777.25,2025-12-26,外卖,交通
20251001MNERE1,expense,570.19,2025-10-01,差旅,食物
20251021YC1433,expense,264.56,2025-10-21,学习,娱乐
20250812GXE7OA,expense,9895.30,2025-08-12,正常,房租
20250725U3EFNS,expense,2966.03,2025-07-25,生活费,娱乐
20250116R0PTCR,expense,6168.82,2025-01-16,外卖,房租
20250418EO0DAC,expense,5017.32,2025-04-18,外卖,食物
20251027GJUEDF,expense,5617.09,2025-10-27,购物,娱乐
20250912B5RXZN,expense,7353.62,2025-09-12,购物,交通
20250103FL455K,expense,9417.68,2025-01-03,生活费,其他
20250910VVARM5,expense,9069.43,2025-09-10,正常,房租
20250619OY67SG,expense,2395.93,2025-06-19,生活费,其他
20250407WTO9FG,expense,5643.60,2025-04-07,娱乐,交通
20250326LNP3FW,expense,5827.34,2025-03-26,差旅,交通
20250103QA25DC,expense,3491.57,2025-01-03,补贴,其他
20250110QD05W3,expense,7834.31,2025-01-10,报销,食物
20250527PIA5VV,expense,3440.36,2025-05-27,报销,房租
20250309E63MM0,expense,2759.98,2025-03-09,生活费,其他
20251010FU8GLN,expense,7540.94,2025-10-10,加班,娱乐
20250803JP9Z9S,expense,8219.27,2025-08-03,外卖,娱乐
20250712DCPG1L,expense,3591.48,2025-07-12,外卖,交通
20250110JB47UK,expense,6672.27,2025-01-10,报销,娱乐
20250116IX5GAI,expense,3285.17,2025-01-16,报销,其他
20250519ZTK75V,expense,8487.50,2025-05-19,加班,娱乐
20251001OSBQZH,expense,7049.57,2025-10-01,生活费,交通
20251002ISEWBN,expense,3284.05,2025-10-02,购物,交通
20250216ZPVH8W,expense,1858.75,2025-02-16,外卖,娱乐
20250809TGADIB,expense,1663.71,2025-08-09,报销,其他
202510199IS5FH,expense,3256.75,2025-10-19,外卖,娱乐
20250213XJE3XB,expense,4592.08,2025-02-13,差旅,娱乐
202501143UX259,expense,7267.02,2025-01-14,购物,交通
20250823JB26MD,expense,959.35,2025-08-23,购物,娱乐
20251012N8GRR7,expense,8033.59,2025-10-12,正常,食物
20250402C2LOHC,expense,9535.48,2025-04-02,生活费,其他
20251206NGP1U8,expense,6297.94,2025-12-06,购物,交通
20250122CCGHNQ,expense,8606.22,2025-01-22,娱乐,食物
20251026VVALFD,expense,3497.45,2025-10-26,补贴,食物
20250106WQVJ2D,expense,6083.56,2025-01-06,生活费,娱乐
2025032730HT4C,expense,2880.92,2025-03-27,正常,其他
20251209ZSQNGH,expense,2107.92,2025-12-09,补贴,其他
202510207TH8RR,expense,2433.67,2025-10-20,生活费,食物
20250520RYF9L8,expense,7737.29,2025-05-20,加班,其他
20250712C0R484,expense,6798.22,2025-07-12,报销,房租
20250620NOMVNG,expense,3857.13,2025-06-20,正常,食物
20250126ABHOYS,expense,2373.92,2025-01-26,生活费,其他
20250122Y22NEV,expense,2136.34,2025-01-22,外卖,娱乐
20251202QMI4AQ,expense,193.61,2025-12-02,外卖,娱乐
20250613U7ERZO,expense,626.70,2025-06-13,学习,食物
20251116LDF5FR,expense,1591.38,2025-11-16,正常,食物
202504079GKOA6,expense,3712.68,2025-04-07,生活费,娱乐
2025072088340A,expense,9395.29,2025-07-20,差旅,房租
20251001RGGIR3,expense,9598.14,2025-10-01,外卖,其他
202512103B0RLY,expense,2039.86,2025-12-10,娱乐,交通
20250425Q86WYT,expense,2814.92,2025-04-25,加班,其他
2025010130NN10,expense,6248.39,2025-01-01,加班,食物
202503229YAMMD,expense,4299.23,2025-03-22,补贴,房租
20251120DPPYAA,expense,3293.03,2025-11-20,购物,其他
202506110PFQQE,expense,9189.30,2025-06-11,补贴,其他
20251125BZE96R,expense,7677.30,2025-11-25,补贴,娱乐
20251108FEFTHX,expense,3469.07,2025-11-08,差旅,食物
20251206N8HIS6,expense,4683.99,2025-12-06,补贴,娱乐
20250615UCZFWZ,expense,7045.35,2025-06-15,购物,其他
20250105T250BR,expense,4585.08,2025-01-05,差旅,房租
2025011176LZZN,expense,3694.23,2025-01-11,娱乐,房租
20251204QMK8D5,expense,2607.54,2025-12-04,加班,其他
20250904V46Y00,expense,7382.39,2025-09-04,生活费,娱乐
202508023NI2ZR,expense,2014.17,2025-08-02,正常,食物
20251011TGFIVU,expense,6101.56,2025-10-11,娱乐,娱乐
202508252XE7X1,expense,5230.62,2025-08-25,差旅,食物
20250104B3LCSE,expense,6844.03,2025-01-04,差旅,其他
20250821R4A6J9,expense,8760.64,2025-08-21,学习,交通
20250601W26MKW,expense,1170.30,2025-06-01,生活费,娱乐
202511227J8BP7,expense,9736.34,2025-11-22,外卖,其他
20250921PRYN80,expense,6675.74,2025-09-21,报销,娱乐
202503119U7GVH,expense,2907.34,2025-03-11,差旅,房租
20250423M7G1PQ,expense,910.84,2025-04-23,娱乐,房租
20250527C4U5EW,expense,9337.00,2025-05-27,学习,其他
202511188FHUSE,expense,6659.72,2025-11-18,差旅,交通
20250420MUHS62,expense,8919.53,2025-04-20,购物,娱乐
20250311PQFL31,expense,7294.40,2025-03-11,购物,其他
202505144HEPOI,expense,837.43,2025-05-14,购物,食物
20250105JS7YGD,expense,2636.98,2025-01-05,差旅,房租
20250226XICQ99,expense,5591.59,2025-02-26,补贴,房租
20250605F7RSQK,expense,4400.44,2025-06-05,正常,其他
20250422S12D58,expense,4937.78,2025-04-22,加班,食物
202505213ZJI2A,expense,6425.34,2025-05-21,报销,娱乐
20251127Y2EQE8,expense,1964.90,2025-11-27,差旅,房租
20251015TE2XA7,expense,6299.62,2025-10-15,外卖,其他
202512134A6Z98,expense,3663.71,2025-12-13,购物,交通
20250605POG4TG,expense,7376.09,2025-06-05,生活费,食物
202502212I59W4,expense,5732.30,2025-02-21,加班,交通
202511234IN0W2,expense,7954.86,2025-11-23,学习,娱乐
202503077AEXFE,expense,7785.01,2025-03-07,娱乐,交通
20250122WVN7C1,expense,718.55,2025-01-22,娱乐,其他
202510032TCW90,expense,4280.70,2025-10-03,差旅,娱乐
20251226G3R50U,expense,8960.87,2025-12-26,学习,娱乐
202502179MBV7O,expense,3924.64,2025-02-17,差旅,食物
20250103JSSKLM,expense,4542.18,2025-01-03,外卖,房租
20251010SOH13H,expense,3304.71,2025-10-10,娱乐,娱乐
20251214ZM93M3,expense,9051.30,2025-12-14,补贴,房租
202503264KDNJO,expense,2981.41,2025-03-26,补贴,交通
20250418JQ5VNS,expense,642.00,2025-04-18,学习,交通
20250710M54QHC,expense,3184.08,2025-07-10,购物,娱乐
202510042ABGZC,expense,948.88,2025-10-04,娱乐,交通
20250825KGYGX7,expense,6974.51,2025-08-25,报销,其他
20250411HA6Q9O,expense,4423.73,2025-04-11,学习,交通
20250920M1SV92,expense,1557.89,2025-09-20,正常,其他
20250625DETOZE,expense,6979.11,2025-06-25,娱乐,房租
20250625LGM8PI,expense,6264.77,2025-06-25,生活费,其他
20250327JU8TQS,expense,2915.59,2025-03-27,娱乐,娱乐
202511108KYIYP,expense,6935.94,2025-11-10,报销,房租
20250203A6QVX7,expense,4158.45,2025-02-03,补贴,食物
20250302268RI1,expense,2553.22,2025-03-02,生活费,交通
20250101WF94GT,expense,3865.71,2025-01-01,差旅,食物
20250328YZDPW8,expense,4735.29,2025-03-28,学习,娱乐
20251127ME99EN,expense,7954.46,2025-11-27,外卖,交通
20250108SI1QCR,expense,9246.47,2025-01-08,加班,食物
20250502EA0TT2,expense,8018.81,2025-05-02,学习,食物
20250412QXNJJ2,expense,8448.24,2025-04-12,娱乐,交通
20251027WGWTX7,expense,9815.21,2025-10-27,生活费,食物
202509039JJ8L4,expense,7264.33,2025-09-03,补贴,其他
202508032072QX,expense,7188.36,2025-08-03,购物,房租
20251225J0RGDC,expense,6921.05,2025-12-25,差旅,其他
20250408N7KV0C,expense,7487.48,2025-04-08,正常,交通
20250222V4UH4N,expense,7602.46,2025-02-22,报销,娱乐
2025112581EJDU,expense,4750.92,2025-11-25,购物,其他
20251009ADFNSO,expense,3584.16,2025-10-09,学习,其他
20250308HG3CKE,expense,6581.74,2025-03-08,正常,食物
20251216TKNEK9,expense,1359.68,2025-12-16,学习,食物
20250406B2QC4Y,expense,9336.47,2025-04-06,加班,其他
20250109UXJBGO,expense,998.66,2025-01-09,加班,其他
20250316TS09HH,expense,4033.27,2025-03-16,生活费,食物
20250216DO3ASZ,expense,911.57,2025-02-16,补贴,其他
20250617BBE5OS,expense,1110.65,2025-06-17,正常,交通
20250127JT1B0K,expense,5417.00,2025-01-27,差旅,其他
2025070926BZI5,expense,7697.08,2025-07-09,购物,娱乐
20250111GDNQ9P,expense,7554.62,2025-01-11,外卖,其他
20250225KVSYT7,expense,3732.37,2025-02-25,加班,其他
20250622D04P3Q,expense,6540.53,2025-06-22,加班,交通
20250221M9TIDO,expense,9120.28,2025-02-21,购物,其他
202511048ZT370,expense,658.52,2025-11-04,报销,交通
202507200HZ48J,expense,4457.46,2025-07-20,外卖,房租
20250808TPSEXK,expense,3679.22,2025-08-08,生活费,其他
20251018LG4BAX,expense,6786.37,2025-10-18,补贴,其他
202505047AQ9IE,expense,2836.10,2025-05-04,加班,其他
20250308WMB5RX,expense,487.72,2025-03-08,补贴,食物
202510063C5ICF,expense,8235.80,2025-10-06,加班,娱乐
20250528CHINST,expense,4148.94,2025-05-28,生活费,交通
20250603GBE1W6,expense,9350.59,2025-06-03,外卖,娱乐
20250116CM5QWY,expense,5257.89,2025-01-16,外卖,食物
20250604JS21NG,expense,5173.50,2025-06-04,正常,房租
20250810ZZEDPD,expense,2766.11,2025-08-10,生活费,食物
202507155ICFDO,expense,2688.66,2025-07-15,加班,食物
20251006IN95DV,expense,2210.20,2025-10-06,加班,房租
20250704RPTCBV,expense,234.57,2025-07-04,学习,房租
202507207EKI4W,expense,195.61,2025-07-20,学习,房租
20250915CXT54K,expense,2869.96,2025-09-15,生活费,交通
20251204TMUYVS,expense,7427.94,2025-12-04,补贴,娱乐
20250411FJ775S,expense,3472.39,2025-04-11,差旅,其他
20250809OTFEJ0,expense,2639.24,2025-08-09,生活费,食物
20250308I7HJHC,expense,7122.70,2025-03-08,正常,房租
20250306M0KTJT,expense,2867.81,2025-03-06,外卖,娱乐
20251221U6PXVS,expense,7930.77,2025-12-21,补贴,其他
20250412OZC9WX,expense,8134.99,2025-04-12,学习,食物
2025020437PHLP,expense,2732.16,2025-02-04,报销,食物
20250705SDTLLF,expense,615.88,2025-07-05,娱乐,食物
20250827G1VCGR,expense,3890.37,2025-08-27,报销,食物
20250913UGAB4F,expense,5210.16,2025-09-13,生活费,房租
20251117FAWR5Z,expense,8693.88,2025-11-17,生活费,其他
202503213BOWOI,expense,7147.62,2025-03-21,正常,娱乐
20251215WXYOZ4,expense,8735.05,2025-12-15,补贴,食物
20250728SXLJ9F,expense,5444.49,2025-07-28,学习,房租
202504107ZWJJM,expense,4759.57,2025-04-10,加班,交通
20251014KTGZ3K,expense,5333.07,2025-10-14,差旅,交通
2025030508AS52,expense,783.54,2025-03-05,差旅,其他
202512249AAE21,expense,1769.65,2025-12-24,差旅,娱乐
20250407PKKP5E,expense,4661.09,2025-04-07,购物,其他
202501247Z2N7H,expense,1928.10,2025-01-24,报销,其他
2025072775CCYN,expense,3693.03,2025-07-27,正常,房租
20250404RPM6RP,expense,2501.22,2025-04-04,报销,其他
20250803XVB3JS,expense,5360.65,2025-08-03,购物,其他
20250326YEPMW5,expense,6589.30,2025-03-26,正常,交通
202507205I3ZJD,expense,3483.01,2025-07-20,学习,交通
202510233N5D8T,expense,609.93,2025-10-23,加班,房租
20250405YHM4PL,expense,7998.64,2025-04-05,学习,其他
20251117JTSREC,expense,74.94,2025-11-17,生活费,其他
202505115PSBAM,expense,327.85,2025-05-11,加班,娱乐
20251002GMKPYK,expense,1967.25,2025-10-02,差旅,其他
20250925K1CWC7,expense,9443.92,2025-09-25,差旅,娱乐
20250425Y183W3,expense,4877.78,2025-04-25,差旅,食物
20250928MFKPVP,expense,6905.41,2025-09-28,外卖,食物
20250604WDTZW1,expense,2172.37,2025-06-04,补贴,房租
20250506B1R6SH,expense,2987.02,2025-05-06,外卖,交通
20250415G4YOC6,expense,9296.76,2025-04-15,补贴,其他
20250815PPOI9T,expense,5953.91,2025-08-15,生活费,房租
20250219DWFUYZ,expense,7771.74,2025-02-19,外卖,交通
2025052197X3HH,expense,6348.89,2025-05-21,购物,食物
20250318601ZHE,expense,3062.20,2025-03-18,学习,交通
20251011BQDALF,expense,7548.62,2025-10-11,外卖,食物
20250808ATRKOK,expense,4335.66,2025-08-08,购物,其他
202512229YHKAS,expense,4903.07,2025-12-22,娱乐,房租
20250820T34YUG,expense,9627.08,2025-08-20,学习,娱乐
20250520LLE7WK,expense,3663.33,2025-05-20,差旅,食物
20250918OW3S08,expense,8048.29,2025-09-18,加班,交通
20251017L9LFWL,expense,1526.97,2025-10-17,补贴,其他
20250812NGRX36,expense,1591.21,2025-08-12,补贴,其他
202512265GKYBL,expense,2056.83,2025-12-26,补贴,娱乐
202502085KY3BN,expense,5763.83,2025-02-08,娱乐,房租
20251024ZUA9SJ,expense,957.90,2025-10-24,娱乐,其他
20250321LB34MO,expense,6905.33,2025-03-21,生活费,食物
20251003HNGYYS,expense,3795.02,2025-10-03,学习,交通
20250818ZHH5Q9,expense,6022.16,2025-08-18,外卖,交通
20250914982ZF4,expense,5036.97,2025-09-14,报销,房租
202501174ABNVC,expense,5919.85,2025-01-17,生活费,其他
20251024RWRJZN,expense,4401.95,2025-10-24,报销,食物
20250215TDVF3B,expense,3136.01,2025-02-15,外卖,其他
20250224QOBH6C,expense,2315.53,2025-02-24,娱乐,食物
20250605Q1YBPO,expense,4123.85,2025-06-05,娱乐,娱乐
20250114ZLFCDT,expense,6817.73,2025-01-14,正常,交通
2025072348V5PW,expense,2067.45,2025-07-23,加班,交通
202504217PHHGI,expense,5323.23,2025-04-21,娱乐,其他
2025120945JXS0,expense,9725.66,2025-12-09,补贴,娱乐
20250305JLE4LX,expense,2442.36,2025-03-05,学习,交通
20250517RBXC28,expense,1852.73,2025-05-17,购物,房租
20250402TYQP0M,expense,7002.44,2025-04-02,正常,交通
202509248AHSEA,expense,3375.20,2025-09-24,生活费,其他
20250218SKWL5A,expense,9422.34,2025-02-18,报销,房租
20250817MUZH9Z,expense,4768.88,2025-08-17,加班,食物
20251205CJS4SF,expense,9406.20,2025-12-05,购物,娱乐
20250223L5F0JQ,expense,3955.77,2025-02-23,正常,房租
20251007Q3HG28,expense,7287.86,2025-10-07,购物,食物
20251221EPHJB6,expense,3408.80,2025-12-21,差旅,娱乐
202510205350RT,expense,6983.09,2025-10-20,娱乐,交通
2025030542P160,expense,8309.72,2025-03-05,差旅,娱乐
20250412PYKHZA,expense,763.77,2025-04-12,购物,其他
2025042619LT8V,expense,3204.88,2025-04-26,娱乐,房租
20250701DT3FTW,expense,8015.83,2025-07-01,学习,娱乐
20250528KY5NPX,expense,8974.37,2025-05-28,报销,食物
20250827PTN2US,expense,2618.24,2025-08-27,正常,其他
202506079OSML4,expense,1794.41,2025-06-07,加班,房租
20250123AUTKCL,expense,2236.22,2025-01-23,差旅,食物
20250323Y8EB1O,expense,141.66,2025-03-23,外卖,娱乐
2025071209XUA9,expense,1533.69,2025-07-12,外卖,房租
20250227TN8LPW,expense,5510.62,2025-02-27,报销,其他
202510107HE8VL,expense,3916.79,2025-10-10,报销,其他
202510167HT7DP,expense,6302.08,2025-10-16,加班,食物
20251128VSAP9G,expense,6280.42,2025-11-28,差旅,其他
20251126ZYJMA7,expense,3002.20,2025-11-26,生活费,交通
20251201V6J4M7,expense,8566.24,2025-12-01,购物,食物
20250506NQFQAY,expense,5990.53,2025-05-06,娱乐,其他
20250712LNLFVE,expense,1784.53,2025-07-12,正常,娱乐
20250423EBSFIP,expense,3311.51,2025-04-23,报销,其他
202503223G4CL5,expense,3070.68,2025-03-22,加班,娱乐
20250303LYB8A6,expense,7139.60,2025-03-03,购物,房租
20250701I9WA3E,expense,5124.67,2025-07-01,学习,娱乐
20250917VXVRHD,expense,3568.52,2025-09-17,购物,娱乐
20251103ZI11QS,expense,7456.52,2025-11-03,购物,其他
202505105OR0U3,expense,3487.13,2025-05-10,差旅,娱乐
20250228D8BENU,expense,6735.45,2025-02-28,学习,其他
2025041346X4MQ,expense,3348.06,2025-04-13,补贴,娱乐
20251205Z4KCMB,expense,4002.50,2025-12-05,差旅,交通
20250920665UCO,expense,1373.55,2025-09-20,补贴,娱乐
20250422SDYL0U,expense,8178.99,2025-04-22,娱乐,其他
20250121X7HGD7,expense,8652.17,2025-01-21,差旅,其他
20251116DLJBH9,expense,5573.93,2025-11-16,正常,房租
20251018QPJ8OA,expense,4249.24,2025-10-18,生活费,其他
20250124UTNISZ,expense,2772.85,2025-01-24,生活费,房租
20250825KKVTK0,expense,3279.94,2025-08-25,学习,房租
202509157DF14A,expense,8596.75,2025-09-15,外卖,房租
20250523OJJ5BJ,expense,8954.85,2025-05-23,娱乐,房租
20250503GFPW5X,expense,3413.53,2025-05-03,外卖,娱乐
202510093BNQ1D,expense,1060.50,2025-10-09,差旅,其他
202508035G7P7D,expense,4194.03,2025-08-03,学习,房租
20250209BJHK88,expense,1730.88,2025-02-09,购物,房租
202507196JLL0I,expense,6333.64,2025-07-19,正常,其他
20250811MGYGOC,expense,6535.19,2025-08-11,生活费,娱乐
20250427A907JL,expense,6350.12,2025-04-27,正常,房租
202510043N5QS7,expense,6315.93,2025-10-04,补贴,食物
20250203ENN4X2,expense,4432.33,2025-02-03,购物,娱乐
202504159OJDAS,expense,1648.75,2025-04-15,差旅,房租
20250104XYO2OH,expense,544.00,2025-01-04,外卖,交通
20251223NTAJF5,expense,4490.38,2025-12-23,差旅,食物
20251126U3Y39E,expense,8188.57,2025-11-26,生活费,房租
20251105XXYPV2,expense,450.97,2025-11-05,加班,交通
20250305D2D8YQ,expense,6780.07,2025-03-05,购物,其他
20250413QOGK4K,expense,719.59,2025-04-13,差旅,食物
20250213MY4YUT,expense,2039.86,2025-02-13,娱乐,房租
20250624VFYHDE,expense,5272.90,2025-06-24,正常,娱乐
20250526DZJG5O,expense,5053.98,2025-05-26,正常,房租
20250716NVNOJG,expense,9249.27,2025-07-16,补贴,其他
20250922QKYAR1,expense,4692.73,2025-09-22,娱乐,交通
2025091648QLXC,expense,2632.74,2025-09-16,补贴,娱乐
20250708BI8MFX,expense,6762.45,2025-07-08,加班,食物
20250203CR6P8O,expense,1509.54,2025-02-03,学习,食物
202508010WY341,expense,7198.12,2025-08-01,外卖,食物
20250404OE16P1,expense,899.78,2025-04-04,外卖,其他
20250509CGDMNE,expense,8323.91,2025-05-09,加班,娱乐
202511079MS5PE,expense,7654.74,2025-11-07,正常,食物
202508163DGI47,expense,6826.33,2025-08-16,购物,房租
20250919PC1KUZ,expense,4290.64,2025-09-19,购物,其他
2025101906Z82R,expense,3795.04,2025-10-19,娱乐,房租
20250812NCGIOU,expense,7437.66,2025-08-12,加班,交通
202505158IM4NG,expense,4872.34,2025-05-15,补贴,食物
20251209ZZ6TVM,expense,9177.02,2025-12-09,生活费,房租
20250301XRHDOJ,expense,4462.22,2025-03-01,加班,食物
20250908P0IX6G,expense,7433.63,2025-09-08,报销,其他
20250127MS3TJQ,expense,6625.27,2025-01-27,差旅,食物
20250401H1MDZE,expense,4614.83,2025-04-01,报销,娱乐
20251002QFPJ24,expense,6514.54,2025-10-02,购物,交通
20250124KYMU7O,expense,1110.58,2025-01-24,报销,交通
202507145AX3O8,expense,600.56,2025-07-14,加班,食物
2025032734HTI0,expense,3297.85,2025-03-27,学习,其他
20250712J158K9,expense,5593.23,2025-07-12,娱乐,其他
20250905L7GPQL,expense,24.68,2025-09-05,正常,交通
20250923RKQUEP,expense,2844.57,2025-09-23,学习,娱乐
20251122EXHC18,expense,4876.18,2025-11-22,正常,娱乐
20250726YRMTSH,expense,788.72,2025-07-26,报销,其他
20250508PGEFB3,expense,368.43,2025-05-08,生活费,娱乐
20250325PCVZCC,expense,5843.97,2025-03-25,学习,房租
202512145YIB4L,expense,35.04,2025-12-14,学习,食物
202504075YZV01,expense,9648.83,2025-04-07,加班,房租
20251007ISBW02,expense,9893.14,2025-10-07,学习,交通
20250211KH58NR,expense,5518.84,2025-02-11,差旅,房租
202508028TTVDY,expense,3564.74,2025-08-02,生活费,其他
20251120MYERSR,expense,5364.43,2025-11-20,外卖,房租
202507226PTEH4,expense,9578.74,2025-07-22,学习,房租
20250604PDPGCG,expense,106.33,2025-06-04,报销,交通
202503053VT96X,expense,6054.65,2025-03-05,正常,食物
20250328GF9CKW,expense,7023.59,2025-03-28,娱乐,交通
20250422EOSYR6,expense,8621.24,2025-04-22,学习,房租
20250503TG96N1,expense,7420.21,2025-05-03,购物,交通
20250811V22V7Q,expense,9645.24,2025-08-11,加班,交通
20251212Y0RBSP,expense,5340.37,2025-12-12,报销,娱乐
20251117AQSKIB,expense,3428.85,2025-11-17,娱乐,房租
20250314IP9JT6,expense,547.23,2025-03-14,购物,房租
20250328WNSCXL,expense,754.69,2025-03-28,正常,房租
20250604VYS7CB,expense,4736.60,2025-06-04,差旅,娱乐
20251023JJFP5W,expense,6225.91,2025-10-23,生活费,娱乐
20251226Z4TPYU,expense,8617.31,2025-12-26,报销,食物
202509063G13KI,expense,7670.42,2025-09-06,补贴,食物
20250711D1OV1O,expense,1274.71,2025-07-11,报销,食物
2025031427YYXD,expense,9662.97,2025-03-14,娱乐,娱乐
20250608FPMS0V,expense,4417.75,2025-06-08,生活费,食物
20250817NN88CL,expense,1758.74,2025-08-17,报销,房租
20250910XI5JCI,expense,2672.84,2025-09-10,娱乐,交通
202505129SAU72,expense,9888.83,2025-05-12,报销,娱乐
202501047PBZ23,expense,3016.50,2025-01-04,购物,交通
20250802VAOUJX,expense,6591.42,2025-08-02,娱乐,其他
20250304H2IOY5,expense,8471.91,2025-03-04,补贴,娱乐
2025092346UWE1,expense,3654.32,2025-09-23,外卖,交通
20250108E0LGJ3,expense,4855.56,2025-01-08,购物,娱乐
20250422J0LXJI,expense,2370.81,2025-04-22,学习,其他
20251205B3HGDD,expense,6010.98,2025-12-05,差旅,食物
20250727EL8RHR,expense,1930.35,2025-07-27,差旅,其他
20250108QNUKWH,expense,9389.27,2025-01-08,外卖,交通
20250302K4M00L,expense,6879.49,2025-03-02,加班,食物
20250721WBM0PB,expense,6800.06,2025-07-21,娱乐,其他
202511097I4RMM,expense,9069.11,2025-11-09,外卖,娱乐
20250614WLIO2T,expense,2760.58,2025-06-14,正常,娱乐
20250425015DJ9,expense,9989.99,2025-04-25,正常,食物
20250621WGUGIK,expense,249.65,2025-06-21,正常,交通
20251224GN2L7Y,expense,670.12,2025-12-24,加班,食物
202504265WN61C,expense,7579.06,2025-04-26,补贴,房租
20250314H6LN7K,expense,6687.40,2025-03-14,学习,娱乐
20251019PLCJF8,expense,8592.59,2025-10-19,加班,娱乐
20250411TF35MQ,expense,5922.61,2025-04-11,生活费,食物
20250310TAFJ62,expense,2600.24,2025-03-10,报销,其他
20250725CKQ5XS,expense,7455.87,2025-07-25,加班,交通
20250125ACOKKI,expense,8410.60,2025-01-25,加班,其他
2025030310SWZE,expense,8763.48,2025-03-03,加班,房租
20250613QOHG3Z,expense,4342.06,2025-06-13,外卖,交通
20250618YG8RQR,expense,9381.09,2025-06-18,加班,房租
20250526WEEWP4,expense,3955.53,2025-05-26,差旅,娱乐
20250116N9Y0BL,expense,1300.25,2025-01-16,补贴,食物
20250326URQSHF,expense,4698.71,2025-03-26,补贴,房租
202501227RUO5Z,expense,2599.10,2025-01-22,差旅,食物
20250421HBOU9Z,expense,4038.28,2025-04-21,购物,娱乐
202509073KGUUN,expense,2610.71,2025-09-07,生活费,房租
202507013DJURH,expense,7570.06,2025-07-01,外卖,房租
20250204RV4HGZ,expense,9913.69,2025-02-04,报销,交通
20250316K0G3R0,expense,69.24,2025-03-16,学习,交通
20250807P46MMV,expense,915.42,2025-08-07,生活费,食物
20250623DL7D0T,expense,291.47,2025-06-23,补贴,房租
20251205NOAY5H,expense,8165.60,2025-12-05,生活费,房租
20250721XFLMUL,expense,8731.54,2025-07-21,购物,交通
20250324PFEGAZ,expense,9361.45,2025-03-24,娱乐,房租
202509174GRS59,expense,4225.67,2025-09-17,学习,食物
202507216MLD14,expense,1858.74,2025-07-21,补贴,其他
20251113CV3LOX,expense,9375.96,2025-11-13,报销,交通
20250517I3YHPD,expense,9886.26,2025-05-17,购物,娱乐
20250512F27RLK,expense,9813.48,2025-05-12,生活费,娱乐
2025061568ADDN,expense,4480.65,2025-06-15,差旅,食物
202508192WS55Z,expense,5971.45,2025-08-19,差旅,其他
202507160O4V6A,expense,8712.41,2025-07-16,外卖,娱乐
20250624T313D7,expense,7287.66,2025-06-24,加班,其他
2025122876Q9EI,expense,2392.86,2025-12-28,补贴,其他
20251204864WS6,expense,2239.23,2025-12-04,外卖,娱乐
202509050MNUIW,expense,9925.01,2025-09-05,生活费,娱乐
20250508XS9LAN,expense,9957.62,2025-05-08,加班,食物
20250413CEPW2O,expense,7104.40,2025-04-13,外卖,其他
20250804AM3WTO,expense,1818.26,2025-08-04,购物,交通
20251116CR4SAC,expense,4999.34,2025-11-16,报销,房租
20250227FRQDLN,expense,7784.86,2025-02-27,外卖,交通
20250104ZMW55P,expense,6163.54,2025-01-04,购物,其他
202508229E5R0A,expense,7152.42,2025-08-22,加班,其他
20250518W3Y90M,expense,4775.18,2025-05-18,补贴,交通
20250304H0H5B3,expense,5429.34,2025-03-04,娱乐,交通
20250718PKKKZA,expense,2716.85,2025-07-18,正常,房租
20250218LJP32Q,expense,9723.69,2025-02-18,外卖,交通
202503110LCIHD,expense,6029.69,2025-03-11,购物,食物
20251217CLT863,expense,4439.95,2025-12-17,差旅,食物
2025050511E2TF,expense,5386.71,2025-05-05,购物,交通
202507251BSQ31,expense,8717.64,2025-07-25,报销,其他
20250716U3ZS6N,expense,6677.10,2025-07-16,娱乐,房租
202505092L5QFA,expense,6296.51,2025-05-09,购物,娱乐
20250222CWCWP1,expense,9179.35,2025-02-22,正常,其他
20250226Z5K7RZ,expense,4402.81,2025-02-26,外卖,其他
202510200XLNEA,expense,2217.43,2025-10-20,外卖,食物
2025010145WMK9,expense,1801.27,2025-01-01,补贴,娱乐
20250926XHNXXU,expense,8821.72,2025-09-26,正常,其他
20250721NA74PQ,expense,9137.00,2025-07-21,生活费,食物
2025040249T6CH,expense,9420.74,2025-04-02,娱乐,食物
202505011B3YI5,expense,564.05,2025-05-01,加班,其他
20250128FEE33R,expense,9334.89,2025-01-28,生活费,食物
20251027MK6OGX,expense,6011.84,2025-10-27,购物,交通
20250912VGHBWB,expense,8876.91,2025-09-12,差旅,交通
20250611TUVB5E,expense,7295.75,2025-06-11,正常,交通
202502285IN2XM,expense,2554.64,2025-02-28,购物,食物
20250614UES7VR,expense,9721.65,2025-06-14,学习,房租
20250916HL2I7G,expense,5982.19,2025-09-16,外卖,娱乐
202509156LSFZB,expense,4682.75,2025-09-15,正常,娱乐
202510286P0VJB,expense,3572.09,2025-10-28,补贴,交通
20250816XI3UVB,expense,992.14,2025-08-16,学习,其他
20250213I0EFFR,expense,6228.69,2025-02-13,正常,其他
20250817D31Q9P,expense,3678.98,2025-08-17,外卖,房租
20251008BV97OH,expense,6946.67,2025-10-08,报销,交通
2025060485TZ0X,expense,5615.09,2025-06-04,学习,房租
20250517BBEM1V,expense,7433.80,2025-05-17,报销,食物
20250825ZCXTQ9,expense,5231.38,2025-08-25,加班,交通
20250325K64P5R,expense,9740.23,2025-03-25,报销,食物
2025120117IYWE,expense,7390.17,2025-12-01,外卖,食物
20250115TT3ONW,expense,6161.63,2025-01-15,补贴,其他
20251121FYDICF,expense,906.52,2025-11-21,购物,交通
20250604CXO9HV,expense,19.41,2025-06-04,娱乐,其他
2025112400HDHW,expense,1039.01,2025-11-24,生活费,娱乐
20251221WPJROS,expense,1996.26,2025-12-21,购物,其他
20250216WY289A,expense,2646.90,2025-02-16,娱乐,其他
202505260PQM0G,expense,8453.41,2025-05-26,外卖,娱乐
20251021A8ITZA,expense,4704.74,2025-10-21,外卖,娱乐
20250922K96YUW,expense,8595.99,2025-09-22,加班,交通
202510136VW2QX,expense,5717.91,2025-10-13,差旅,房租
20250406HB9UKW,expense,7943.48,2025-04-06,购物,娱乐
20250328HSQMMI,expense,8166.30,2025-03-28,正常,其他
20250103RMJX4F,expense,6168.38,2025-01-03,娱乐,其他
20250406XMEALZ,expense,3123.79,2025-04-06,报销,其他
20250516DVXHSZ,expense,152.21,2025-05-16,娱乐,房租
20250104Q8TZCH,expense,6833.92,2025-01-04,购物,交通
20250713OFTEAB,expense,7481.78,2025-07-13,生活费,房租
20251112CLHAUE,expense,324.84,2025-11-12,购物,交通
20250522IP3LJ9,expense,5651.01,2025-05-22,报销,其他
20250522WD2WRQ,expense,3453.74,2025-05-22,正常,房租
202512249U4Q4F,expense,4380.86,2025-12-24,差旅,食物
20250305Y6MPHI,expense,7496.53,2025-03-05,学习,房租
20250509R9NYMY,expense,411.88,2025-05-09,正常,其他
20250702ID2L3Y,expense,141.92,2025-07-02,娱乐,其他
20251203EXAH8C,expense,3587.78,2025-12-03,学习,娱乐
20250127GN3EIA,expense,1945.82,2025-01-27,生活费,其他
202503040PJDFA,expense,1024.62,2025-03-04,学习,交通
20251219ZRVCBH,expense,881.66,2025-12-19,娱乐,房租
202504176HMEFT,expense,6231.52,2025-04-17,学习,其他
20250810OHWOCF,expense,8827.57,2025-08-10,购物,娱乐
20251121EOYEJN,expense,727.00,2025-11-21,报销,食物
20250709SW390C,expense,4992.18,2025-07-09,学习,交通
20251008SOLOSN,expense,2511.23,2025-10-08,娱乐,娱乐
20250325B28SV5,expense,185.77,2025-03-25,购物,房租
20250322ZTJ4VG,expense,2900.57,2025-03-22,外卖,房租
20250725FWXF4D,expense,4061.61,2025-07-25,学习,食物
20250519737V44,expense,6762.96,2025-05-19,加班,食物
2025101775MUDT,expense,3901.94,2025-10-17,学习,房租
20251201SSUNWF,expense,2979.94,2025-12-01,外卖,交通
20250522UDSBJO,expense,4868.25,2025-05-22,正常,娱乐
2025070424QZH6,expense,2319.56,2025-07-04,差旅,食物
20250912W0F82T,expense,7575.83,2025-09-12,娱乐,房租
20250701IF4PYV,expense,4392.31,2025-07-01,购物,娱乐
20251228D5PJ1T,expense,9309.78,2025-12-28,购物,其他
20250522K7P5SJ,expense,4386.36,2025-05-22,学习,房租
202505073695YR,expense,5730.57,2025-05-07,娱乐,娱乐
20250214HSLADL,expense,3221.92,2025-02-14,差旅,食物
20250327OU3YIP,expense,8534.51,2025-03-27,补贴,娱乐
202503187S1K1L,expense,9040.90,2025-03-18,娱乐,其他
20250710GCUNFP,expense,7638.17,2025-07-10,娱乐,娱乐
20250928XZY2CQ,expense,4803.25,2025-09-28,购物,娱乐
20250328CYGSBX,expense,7260.65,2025-03-28,差旅,交通
20250628EG0P66,expense,9328.39,2025-06-28,加班,交通
202507225J7LCL,expense,3135.06,2025-07-22,学习,食物
20250621Z1E7D0,expense,3511.55,2025-06-21,学习,食物
20251101RW3G1B,expense,2929.72,2025-11-01,差旅,交通
20250510EEH0S2,expense,1107.07,2025-05-10,生活费,娱乐
20250304I1T067,expense,4665.58,2025-03-04,补贴,交通
20250918BUML6R,expense,5069.57,2025-09-18,报销,房租
20250212KCWACN,expense,2341.78,2025-02-12,学习,交通
20250505S8MXPP,expense,6852.08,2025-05-05,外卖,食物
20250214BD0UGQ,expense,1975.17,2025-02-14,娱乐,食物
20250905F9R5VA,expense,2446.13,2025-09-05,差旅,其他
20250203VCFCJ9,expense,9744.54,2025-02-03,正常,娱乐
20251006ZKN675,expense,1591.80,2025-10-06,学习,交通
20251012MKJ754,expense,1637.86,2025-10-12,报销,食物
20251015NVNZ7R,expense,4429.73,2025-10-15,娱乐,交通
20250403GMNW0L,expense,1269.38,2025-04-03,补贴,娱乐
20250410M7KN0X,expense,4796.39,2025-04-10,正常,交通
202507191ICCY3,expense,6636.46,2025-07-19,加班,房租
2025012617IT76,expense,8228.11,2025-01-26,正常,其他
20250520ZG79Q8,expense,479.83,2025-05-20,补贴,食物
20251119MBNRAE,expense,2204.90,2025-11-19,购物,其他
20250627U0PD7C,expense,2173.35,2025-06-27,差旅,食物
202512104JEP3H,expense,6266.41,2025-12-10,报销,房租
20250426UGN7GZ,expense,5350.81,2025-04-26,学习,其他
2025042885VQF1,expense,8713.87,2025-04-28,补贴,娱乐
20250419D445J8,expense,867.58,2025-04-19,购物,其他
20251219FV1K9W,expense,3214.02,2025-12-19,娱乐,娱乐
202502249SL9XF,expense,154.24,2025-02-24,生活费,交通
202503125P197H,expense,1521.32,2025-03-12,购物,食物
20250123SE3HFN,expense,180.30,2025-01-23,生活费,娱乐
20251004CK718I,expense,3468.08,2025-10-04,学习,房租
202506073MHPJY,expense,7829.98,2025-06-07,正常,交通
2025071307JX0M,expense,4858.36,2025-07-13,加班,交通
202506239CJH7Z,expense,8639.84,2025-06-23,外卖,食物
20250327YZ6X01,expense,9254.13,2025-03-27,正常,食物
20251106M3EJT2,expense,75.90,2025-11-06,正常,食物
20250517O1NZEY,expense,9557.82,2025-05-17,补贴,房租
20251225KUVZQC,expense,6797.22,2025-12-25,娱乐,房租
20250527VDH4UV,expense,7402.15,2025-05-27,差旅,交通
20250118V9D2WV,expense,44.27,2025-01-18,差旅,其他
202502143P5PJV,expense,5598.90,2025-02-14,加班,娱乐
20250222UQLCKE,expense,163.81,2025-02-22,外卖,其他
20250811YJ4QEC,expense,1889.24,2025-08-11,差旅,食物
20250906EQBDIM,expense,719.12,2025-09-06,补贴,娱乐
20250120OPLF2P,expense,1225.78,2025-01-20,补贴,食物
20250707NGIQWX,expense,3773.19,2025-07-07,补贴,食物
20250618PGJNZK,expense,9293.48,2025-06-18,补贴,其他
202512076RVUYP,expense,408.02,2025-12-07,报销,交通
20250301NNTU7V,expense,8933.66,2025-03-01,生活费,交通
20251112D94GG4,expense,2180.34,2025-11-12,差旅,交通
202512144QJR7G,expense,8056.06,2025-12-14,正常,交通
20250912I539IK,expense,7761.66,2025-09-12,差旅,交通
20251111QDY2RF,expense,7899.50,2025-11-11,正常,食物
202506141BP9DV,expense,4567.39,2025-06-14,外卖,娱乐
20250618H508K7,expense,6139.95,2025-06-18,娱乐,食物
20250113CXNWJ9,expense,35.61,2025-01-13,加班,交通
202503233FNRQY,expense,4174.83,2025-03-23,学习,食物
202509118PZE3O,expense,1220.36,2025-09-11,补贴,其他
20251222Y05LGG,expense,4499.67,2025-12-22,差旅,食物
20250502NV2VHN,expense,2380.75,2025-05-02,加班,其他
20250927UCYW6G,expense,763.14,2025-09-27,外卖,交通
20250923T94DF1,expense,4270.87,2025-09-23,娱乐,其他
20251222NWPLFQ,expense,8268.55,2025-12-22,娱乐,食物
20251220ND5SWT,expense,8025.68,2025-12-20,购物,房租
202504028504EI,expense,5417.06,2025-04-02,生活费,交通
202506201BN898,expense,7831.66,2025-06-20,加班,娱乐
20250621IBZLDI,expense,1704.90,2025-06-21,正常,其他
20250705VPG79P,expense,9757.55,2025-07-05,差旅,房租
20250501LAQIW8,expense,3209.54,2025-05-01,报销,房租
20250218656MK3,expense,6870.90,2025-02-18,娱乐,其他
20250922SYKAYT,expense,3175.44,2025-09-22,补贴,娱乐
20250803DW7KYP,expense,4886.18,2025-08-03,外卖,其他
20250204E6J1I8,expense,7622.80,2025-02-04,生活费,其他
20251214W8M2ZE,expense,5376.73,2025-12-14,学习,娱乐
20250820W2CMP3,expense,6624.19,2025-08-20,差旅,其他
20250408QZAJNU,expense,6941.56,2025-04-08,购物,其他
202511030HPUX4,expense,9540.33,2025-11-03,购物,房租
20250201MEIVMQ,expense,5346.80,2025-02-01,娱乐,娱乐
20250704MWETVF,expense,6580.61,2025-07-04,报销,娱乐
202501052CDFX1,expense,5957.08,2025-01-05,正常,食物
20250524LLS3RU,expense,8755.27,2025-05-24,外卖,其他
20251220KRH8DR,expense,1204.22,2025-12-20,报销,交通
20250320EPWIBK,expense,7409.48,2025-03-20,学习,其他
20250509WCVD35,expense,3018.56,2025-05-09,外卖,食物
202506238V58VG,expense,6508.74,2025-06-23,学习,食物
20251216XFDM60,expense,5334.51,2025-12-16,报销,交通
2025100139YCKB,expense,2587.07,2025-10-01,加班,交通
20250618MRMUKN,expense,2.59,2025-06-18,娱乐,娱乐
20250915VWJQBP,expense,3569.89,2025-09-15,报销,娱乐
20250815GZBS7V,expense,2789.07,2025-08-15,生活费,食物
20250401DFP0TT,expense,4307.84,2025-04-01,补贴,房租
20251214AV8VCO,expense,2797.04,2025-12-14,正常,娱乐
20251102QRZJLK,expense,1215.34,2025-11-02,差旅,房租
20250708V5B919,expense,9158.41,2025-07-08,购物,交通
20250808NRI2R9,expense,5571.20,2025-08-08,报销,其他
202507061CFYUG,expense,3815.42,2025-07-06,补贴,交通
20250316TN4ST6,expense,9950.22,2025-03-16,购物,食物
20250517F56TUR,expense,6839.00,2025-05-17,报销,其他
202502243GCF6V,expense,5294.98,2025-02-24,补贴,房租
20251105H05KUP,expense,6084.09,2025-11-05,购物,交通
20250805AQCH79,expense,4558.79,2025-08-05,娱乐,食物
20250318B2D5CW,expense,7636.62,2025-03-18,差旅,房租
2025032019QKNF,expense,3171.08,2025-03-20,加班,房租
20251108K82JIV,expense,4994.16,2025-11-08,正常,其他
2025022282DXPK,expense,651.56,2025-02-22,正常,其他
20250921LCL7FK,expense,3902.57,2025-09-21,差旅,娱乐
20250504RZ49BM,expense,3354.69,2025-05-04,正常,房租
202507147XBEKX,expense,6393.18,2025-07-14,报销,食物
20250515IWLSSE,expense,4745.53,2025-05-15,外卖,交通
20250427SEC7E9,expense,180.69,2025-04-27,报销,食物
20250509YLMKBA,expense,3636.26,2025-05-09,补贴,其他
20250624LYVG13,expense,4157.88,2025-06-24,生活费,食物
20251021VH12QT,expense,1143.42,2025-10-21,娱乐,房租
20251213H3XQL4,expense,45.26,2025-12-13,加班,其他
20250717C7VZYA,expense,1341.74,2025-07-17,加班,房租
20250105PD7V4P,expense,7576.67,2025-01-05,娱乐,房租
202501270EFZWG,expense,3774.15,2025-01-27,报销,食物
20250402QJI9TC,expense,7562.12,2025-04-02,报销,交通
20251002D3U6YI,expense,2619.15,2025-10-02,娱乐,交通
2025072139FUQE,expense,5875.52,2025-07-21,娱乐,食物
20251024K05SZW,expense,3889.79,2025-10-24,报销,食物
20250914YWW2VY,expense,9031.73,2025-09-14,加班,其他
20251013OJDJEI,expense,3983.39,2025-10-13,加班,房租
20250704QFGH1U,expense,413.39,2025-07-04,生活费,其他
20250802VYHDLM,expense,1229.51,2025-08-02,购物,交通
20251227OAO3K3,expense,8058.22,2025-12-27,报销,交通
20250807M03ASC,expense,5330.29,2025-08-07,娱乐,房租
20250214MN0DWT,expense,2113.85,2025-02-14,差旅,食物
20250619J8QW4S,expense,1609.75,2025-06-19,娱乐,其他
20251017AKTZV3,expense,7697.23,2025-10-17,加班,娱乐
20250723T4M0VF,expense,2072.65,2025-07-23,生活费,娱乐
202503078DFMB1,expense,6738.62,2025-03-07,生活费,食物
20250922W7YLN4,expense,5621.41,2025-09-22,生活费,娱乐
20250226A4945L,expense,6822.95,2025-02-26,补贴,娱乐
202502169166OC,expense,815.64,2025-02-16,娱乐,娱乐
20250628QYS8FB,expense,1393.60,2025-06-28,生活费,其他
20250813WMAG23,expense,8686.41,2025-08-13,购物,食物
20250320LJ6CT6,expense,4925.65,2025-03-20,差旅,房租
20251110AV16VQ,expense,223.58,2025-11-10,学习,交通
202506038B4LP1,expense,4052.54,2025-06-03,正常,交通
202509072A7CYB,expense,3239.31,2025-09-07,娱乐,娱乐
202503134I4RJ1,expense,7378.87,2025-03-13,报销,其他
20250828QA30QO,expense,8939.66,2025-08-28,差旅,房租
20250317ZL8W6S,expense,3663.79,2025-03-17,生活费,房租
20250214WAOYYB,expense,4432.25,2025-02-14,外卖,交通
20250621IIAHK8,expense,3471.58,2025-06-21,购物,食物
20250509OUX1XJ,expense,5900.83,2025-05-09,娱乐,娱乐
2025051784EPJY,expense,3518.29,2025-05-17,报销,房租
20251025CXV1J8,expense,7121.78,2025-10-25,差旅,娱乐
20250920YE8M99,expense,4883.16,2025-09-20,外卖,娱乐
20250314L4IJYX,expense,3259.10,2025-03-14,外卖,房租
20250401FUBLKU,expense,3191.19,2025-04-01,娱乐,房租
202501056MDKVY,expense,3646.71,2025-01-05,学习,娱乐
20250101VM553E,expense,8618.75,2025-01-01,正常,娱乐
202505253FYOPR,expense,327.61,2025-05-25,外卖,娱乐
20251111WIUTH6,expense,6379.52,2025-11-11,娱乐,其他
20250810XDD303,expense,4676.73,2025-08-10,正常,交通
20250207LOTOX3,expense,2122.68,2025-02-07,购物,交通
20250626U5S225,expense,297.20,2025-06-26,差旅,其他
20250916CQM4JA,expense,4117.58,2025-09-16,报销,食物
20250318OJ0KPH,expense,5417.72,2025-03-18,正常,食物
20250128E7N180,expense,7443.29,2025-01-28,差旅,娱乐
20250112MZUKJS,expense,5270.63,2025-01-12,正常,娱乐
20250303X3SAWN,expense,1511.13,2025-03-03,购物,食物
20250224DWVFCD,expense,6366.56,2025-02-24,加班,房租
20250709G79CYY,expense,2317.44,2025-07-09,外卖,其他
20251007PG1YFS,expense,9147.38,2025-10-07,差旅,娱乐
20250509RTDQDY,expense,8098.94,2025-05-09,娱乐,其他
202510282ZDPEC,expense,9310.83,2025-10-28,外卖,其他
20250327QZJ76B,expense,8268.58,2025-03-27,正常,房租
2025071496YPSA,expense,2609.74,2025-07-14,生活费,食物
20250509UNKSTQ,expense,9070.04,2025-05-09,差旅,交通
2025050435VWVJ,expense,9327.33,2025-05-04,差旅,交通
20250502E64Z9I,expense,6093.01,2025-05-02,补贴,其他
20250802M218EW,expense,6841.14,2025-08-02,报销,交通
202512033N2XP8,expense,6988.35,2025-12-03,购物,房租
202501040CXSLU,expense,3487.61,2025-01-04,生活费,其他
20251024121R7X,expense,3769.79,2025-10-24,正常,其他
20250811DTHMTE,expense,2624.67,2025-08-11,加班,交通
20250224BDYV0R,expense,7738.77,2025-02-24,娱乐,其他
202506271PKLMZ,expense,5015.26,2025-06-27,加班,食物
20250613YSU0OP,expense,7584.25,2025-06-13,正常,娱乐
20251024F65GDH,expense,9451.84,2025-10-24,学习,房租
20250511FWQVPH,expense,6254.68,2025-05-11,学习,交通
202509157JQCIS,expense,4762.87,2025-09-15,外卖,房租
20250703KFF0YE,expense,1278.98,2025-07-03,购物,食物
20250123NSBIMF,expense,4202.51,2025-01-23,差旅,食物
202510046XYT4J,expense,6696.75,2025-10-04,娱乐,交通
202503245PLM3H,expense,6309.68,2025-03-24,购物,房租
2025070241JIV3,expense,1544.74,2025-07-02,娱乐,其他
20250911NWOABX,expense,8039.31,2025-09-11,报销,娱乐
20250815I68W0X,expense,387.33,2025-08-15,补贴,房租
20250410I52U58,expense,9807.91,2025-04-10,购物,其他
20250620LT0XI7,expense,5437.08,2025-06-20,补贴,食物
20251212N7PHZJ,expense,135.69,2025-12-12,娱乐,房租
20250428N0LWHT,expense,7171.58,2025-04-28,加班,其他
202506220BWM06,expense,4056.72,2025-06-22,生活费,食物
202502244SOA7Q,expense,2856.56,2025-02-24,外卖,其他
20251113XDB0R6,expense,598.36,2025-11-13,差旅,交通
20250824T66128,expense,9478.06,2025-08-24,正常,房租
20250201RWXE02,expense,157.83,2025-02-01,报销,房租
2025020563IWXS,expense,9403.38,2025-02-05,购物,其他
20250722GLC5CF,expense,8062.61,2025-07-22,加班,交通
20250928MK2I9M,expense,9222.21,2025-09-28,报销,食物
20250817ER2GQP,expense,8801.17,2025-08-17,报销,食物
20250827712223,expense,8501.23,2025-08-27,正常,交通
202501220656J1,expense,5919.60,2025-01-22,补贴,其他
20250528BRCKQU,expense,3796.38,2025-05-28,正常,交通
20250426QRVMVX,expense,1092.83,2025-04-26,娱乐,娱乐
202508114721WU,expense,8044.19,2025-08-11,外卖,娱乐
20250328YOSV92,expense,6647.70,2025-03-28,报销,房租
20250612D9H2PH,expense,9501.63,2025-06-12,娱乐,房租
20251021KLAZRL,expense,5470.87,2025-10-21,差旅,交通
20251210W2L1MC,expense,9634.06,2025-12-10,外卖,其他
20250509ZTOH8A,expense,986.33,2025-05-09,报销,交通
20251003S8SYGW,expense,1832.83,2025-10-03,加班,食物
20251121S8TSJL,expense,8067.57,2025-11-21,生活费,食物
202506090HP3MD,expense,9266.88,2025-06-09,购物,食物
20250619QJB91R,expense,5465.00,2025-06-19,生活费,其他
20250126KTVVLV,expense,8404.77,2025-01-26,学习,房租
202506019I926H,expense,4255.24,2025-06-01,差旅,食物
202506137N55TD,expense,8513.35,2025-06-13,加班,食物
2025012343VEK2,expense,3869.25,2025-01-23,报销,食物
20251128T6ZCQS,expense,8716.15,2025-11-28,学习,食物
20250823C2QKSM,expense,4346.99,2025-08-23,购物,食物
20250127C6Y2E8,expense,9696.90,2025-01-27,外卖,食物
202509268OD94M,expense,1211.17,2025-09-26,报销,其他
20251211XW8RX5,expense,8773.05,2025-12-11,娱乐,其他
20250525EQ9YP1,expense,3636.90,2025-05-25,加班,房租
20250307PHWFL5,expense,4216.41,2025-03-07,差旅,房租
20250905GR5PIZ,expense,257.52,2025-09-05,差旅,交通
202507164461YX,expense,4061.20,2025-07-16,娱乐,交通
20250221GWPKUQ,expense,744.91,2025-02-21,购物,娱乐
202503037SDBKY,expense,9020.67,2025-03-03,报销,交通
202509207VYSOK,expense,7702.91,2025-09-20,生活费,食物
20251226Y64LEN,expense,6269.60,2025-12-26,购物,其他
20250623P552GV,expense,8716.49,2025-06-23,娱乐,娱乐
20250220S4QZ5Q,expense,3689.44,2025-02-20,加班,其他
20251209C7SGT2,expense,5533.78,2025-12-09,差旅,食物
20250325BV88OR,expense,9703.78,2025-03-25,加班,其他
20250905I3JN23,expense,2142.77,2025-09-05,正常,交通
20250510Y1QXDI,expense,8183.96,2025-05-10,报销,房租
20250828KBRI9X,expense,3025.64,2025-08-28,生活费,其他
20250318PDAQUX,expense,1735.11,2025-03-18,购物,其他
20250413ZFKPW0,expense,9943.81,2025-04-13,生活费,食物
20251207BSDT9W,expense,5800.63,2025-12-07,加班,房租
20251025MGP41I,expense,7768.38,2025-10-25,购物,其他
20250720UOY5YR,expense,2948.84,2025-07-20,差旅,其他
20250828ZD53ZN,expense,4313.08,2025-08-28,外卖,交通
202504276CO6RH,expense,4086.91,2025-04-27,外卖,房租
20251215X7RXZO,expense,2451.16,2025-12-15,学习,娱乐
20250502EIBM1V,expense,2222.73,2025-05-02,差旅,食物
20250308XFG8QU,expense,9907.33,2025-03-08,生活费,房租
20251011VBIXA2,expense,1096.01,2025-10-11,报销,交通
2025060107WFRX,expense,91.98,2025-06-01,外卖,房租
20250319Z8J9UU,expense,9264.67,2025-03-19,外卖,娱乐
2025110878UH23,expense,3915.28,2025-11-08,学习,其他
20251121SXH9M1,expense,8732.09,2025-11-21,补贴,交通
202506152FCU6C,expense,4996.33,2025-06-15,外卖,其他
20250908H2LK0H,expense,1758.86,2025-09-08,正常,娱乐
20250312CSUSMV,expense,4306.00,2025-03-12,娱乐,交通
20250301L8MOAH,expense,9837.38,2025-03-01,购物,娱乐
2025091673W02F,expense,2060.56,2025-09-16,加班,食物
202503107KD1HH,expense,6423.16,2025-03-10,购物,食物
202505230C9HU2,expense,770.72,2025-05-23,外卖,其他
2025022536RRMF,expense,2557.16,2025-02-25,补贴,食物
20250816IKWOMY,expense,7451.37,2025-08-16,补贴,食物
20250409Z2UD3E,expense,6690.28,2025-04-09,报销,其他
20250302VEIHCV,expense,9969.43,2025-03-02,补贴,房租
20250620EBAP9R,expense,1514.07,2025-06-20,加班,交通
202504031CKYTF,expense,1410.42,2025-04-03,补贴,食物
2025120599H3JJ,expense,6804.53,2025-12-05,差旅,食物
20250216MOA98U,expense,510.97,2025-02-16,正常,其他
20250712JUXJB0,expense,3627.81,2025-07-12,学习,交通
20251022L41R4Z,expense,3967.73,2025-10-22,正常,食物
20251125GGQ82V,expense,8647.61,2025-11-25,学习,食物
20251028YA9O92,expense,2721.12,2025-10-28,差旅,娱乐
20250727TFRXKX,expense,2259.56,2025-07-27,生活费,其他
202512037QVT50,expense,2215.81,2025-12-03,加班,娱乐
20250514RGQKYZ,expense,1698.47,2025-05-14,购物,交通
20250420J58EK8,expense,558.44,2025-04-20,外卖,娱乐
202508120RGIM2,expense,8844.38,2025-08-12,补贴,其他
20251105CG8135,expense,3321.47,2025-11-05,报销,交通
2025092879DH0A,expense,2455.70,2025-09-28,差旅,娱乐
2025042720UJIM,expense,6833.80,2025-04-27,补贴,食物
20250909OXW6Q3,expense,5307.72,2025-09-09,生活费,交通
20250402ULHJL2,expense,9808.34,2025-04-02,差旅,交通
20250611U6CO30,expense,2366.73,2025-06-11,外卖,食物
20250202ODNBE2,expense,3794.31,2025-02-02,补贴,娱乐
20250611UKPEDQ,expense,3361.76,2025-06-11,正常,食物
20250122QTXJ5N,expense,9856.68,2025-01-22,补贴,娱乐
20251022DMV04M,expense,7789.05,2025-10-22,学习,娱乐
2025010577KV5M,expense,6193.72,2025-01-05,正常,房租
20251207C5QU17,expense,8838.07,2025-12-07,外卖,其他
2025052233XQYI,expense,7526.67,2025-05-22,加班,交通
202510092MUF52,expense,9171.06,2025-10-09,加班,交通
20250321IR3JZ0,expense,7417.71,2025-03-21,报销,房租
20251110UOYCWX,expense,4302.61,2025-11-10,娱乐,娱乐
20250815ARX56K,expense,9354.62,2025-08-15,差旅,食物
202512011AGL5T,expense,4406.07,2025-12-01,生活费,其他
202503259Q8TJV,expense,783.06,2025-03-25,购物,房租
20250812VPAGF1,expense,71.89,2025-08-12,娱乐,食物
20251211UFCICI,expense,4976.82,2025-12-11,生活费,房租
20251026JZ68EW,expense,4299.02,2025-10-26,娱乐,交通
20250612LCSI9N,expense,4115.78,2025-06-12,外卖,食物
20250802U8S9FM,expense,456.22,2025-08-02,正常,交通
20250523730J6Q,expense,9681.73,2025-05-23,补贴,房租
20250418SVI5Y9,expense,605.54,2025-04-18,加班,其他
20251125U5HHI4,expense,7581.68,2025-11-25,补贴,房租
20250322YFNUAN,expense,1890.53,2025-03-22,正常,交通
20251108D10Z7O,expense,4453.11,2025-11-08,购物,食物
20250603GLE9AP,expense,7572.25,2025-06-03,差旅,房租
20250824HK0OG2,expense,9344.57,2025-08-24,差旅,娱乐
202510133ZK95X,expense,2321.61,2025-10-13,正常,房租
20251217CR3MWW,expense,75.85,2025-12-17,娱乐,娱乐
20250503H93VKQ,expense,7806.02,2025-05-03,补贴,娱乐
20250822SCSMWI,expense,6952.47,2025-08-22,报销,食物
202510271CWE3Y,expense,8923.74,2025-10-27,外卖,其他
2025121035Q90U,expense,1645.33,2025-12-10,报销,房租
20250225XZMBZ6,expense,9143.33,2025-02-25,学习,娱乐
20251116BHYKNV,expense,6478.66,2025-11-16,加班,娱乐
20250425TZLJC3,expense,4014.63,2025-04-25,正常,食物
20250801Q9BEA9,expense,5103.42,2025-08-01,外卖,房租
20251101FMPMV6,expense,1507.79,2025-11-01,外卖,食物
202505256LUHCZ,expense,1585.61,2025-05-25,娱乐,其他
20250809PY3KA6,expense,2116.77,2025-08-09,生活费,房租
20250706MYWQLO,expense,9184.17,2025-07-06,购物,其他
20250623Z0BQQ1,expense,305.67,2025-06-23,报销,其他
20250407TMAAXQ,expense,878.95,2025-04-07,报销,房租
202510109GQZ89,expense,6049.98,2025-10-10,正常,娱乐
20250113LPKLZZ,expense,4774.73,2025-01-13,加班,其他
20251219E4BBDS,expense,2393.20,2025-12-19,学习,其他
20250601ZQ9IH8,expense,168.02,2025-06-01,报销,交通
20251207JE042P,expense,6913.15,2025-12-07,加班,交通
20250602E2Z11U,expense,8052.33,2025-06-02,外卖,食物
20250324HUJEM1,expense,3550.45,2025-03-24,学习,娱乐
20250913KCPX7C,expense,3614.84,2025-09-13,加班,房租
20250608TGATOE,expense,8686.87,2025-06-08,娱乐,交通
20250615FY1QEL,expense,4726.93,2025-06-15,生活费,娱乐
202509246KPSDY,expense,7227.40,2025-09-24,正常,交通
20250710Z25NNZ,expense,6298.81,2025-07-10,外卖,娱乐
20251026A9FV2R,expense,4951.38,2025-10-26,外卖,其他
20251124GGY1AP,expense,7490.33,2025-11-24,正常,娱乐
202508137SUKBF,expense,3031.08,2025-08-13,外卖,娱乐
2025112527M446,expense,4207.31,2025-11-25,购物,房租
202506267CJYL2,expense,7624.16,2025-06-26,娱乐,食物
20250508YBGMEX,expense,3480.74,2025-05-08,娱乐,食物
20250508XMSLPM,expense,4868.44,2025-05-08,报销,交通
20250603XLNJ20,expense,8569.32,2025-06-03,娱乐,房租
20250224S6G6FB,expense,9975.52,2025-02-24,娱乐,娱乐
20250816DKD7EA,expense,9969.88,2025-08-16,学习,其他
202506088N7KSI,expense,4779.95,2025-06-08,差旅,食物
20250319BOEGB7,expense,3184.39,2025-03-19,差旅,其他
20251127CW9JMH,expense,4371.98,2025-11-27,学习,娱乐
20250125YF5MEB,expense,34.71,2025-01-25,报销,交通
20250807BIGW19,expense,4416.02,2025-08-07,加班,交通
20250927CRGKNH,expense,5188.35,2025-09-27,加班,食物
2025052229PN18,expense,2182.06,2025-05-22,生活费,房租
20250925B1GIZ3,expense,7481.59,2025-09-25,报销,交通
20251013WNL9B4,expense,6082.45,2025-10-13,购物,其他
20250802INYKX2,expense,784.11,2025-08-02,报销,食物
20251123XN61IQ,expense,5715.67,2025-11-23,外卖,娱乐
20250310XPINF8,expense,5645.48,2025-03-10,购物,其他
20250803YX7OSI,expense,9930.79,2025-08-03,加班,其他
20250422WR4SMJ,expense,5929.68,2025-04-22,学习,食物
20250314ZYOCYS,expense,7400.69,2025-03-14,外卖,房租
20250907RNMAY7,expense,1185.47,2025-09-07,外卖,其他
20250908SFEKX5,expense,4170.94,2025-09-08,购物,食物
20250315TI8J1D,expense,5647.07,2025-03-15,购物,房租
20250305KEYZN9,expense,8588.72,2025-03-05,加班,交通
202511058XG3LA,expense,8799.80,2025-11-05,外卖,其他
20251001HQJCE2,expense,4079.41,2025-10-01,学习,房租
20250216LUPF24,expense,7946.08,2025-02-16,补贴,交通
20250713VYIFOZ,expense,7951.20,2025-07-13,正常,娱乐
20250110WL32SP,expense,6000.94,2025-01-10,加班,交通
20250601QOSXNU,expense,9070.14,2025-06-01,差旅,食物
20250519UNC6VF,expense,684.87,2025-05-19,学习,交通
20250902F2NNYJ,expense,1727.03,2025-09-02,补贴,交通
20250418GD17MH,expense,1745.83,2025-04-18,差旅,交通
20250127DQ3FN7,expense,761.77,2025-01-27,加班,房租
20251203SXP8OB,expense,2612.74,2025-12-03,正常,娱乐
20250313L10KQQ,expense,5088.03,2025-03-13,加班,房租
20250205M1VFJR,expense,2254.01,2025-02-05,外卖,娱乐
202506253T7TYN,expense,953.39,2025-06-25,正常,交通
20250303GFOZY3,expense,6135.64,2025-03-03,学习,食物
202509045GMJL0,expense,8610.89,2025-09-04,加班,其他
20251113E8J3OM,expense,233.27,2025-11-13,报销,其他
20250514Z1N2VO,expense,4403.76,2025-05-14,购物,交通
202512056KEU7X,expense,6232.46,2025-12-05,正常,房租
20250527UKNR1C,expense,142.16,2025-05-27,娱乐,交通
202505035ZHY80,expense,9682.95,2025-05-03,生活费,其他
20250610WUD8VT,expense,4790.18,2025-06-10,报销,其他
20250418VXY0SS,expense,9904.13,2025-04-18,补贴,娱乐
20250707BUVIWF,expense,5127.44,2025-07-07,生活费,娱乐
20250217UT3DZF,expense,4896.94,2025-02-17,差旅,食物
20251212KLYOIR,expense,6986.29,2025-12-12,生活费,交通
20251007I55O3M,expense,7253.54,2025-10-07,外卖,食物
20251125LNPO1G,expense,3147.16,2025-11-25,差旅,房租
20250508BVUHFQ,expense,2052.32,2025-05-08,娱乐,娱乐
202503148ARWK5,expense,8210.53,2025-03-14,生活费,房租
20250801VEJOBE,expense,645.19,2025-08-01,差旅,其他
20250606T74WY9,expense,4402.69,2025-06-06,学习,其他
20250202TL50V2,expense,2204.97,2025-02-02,补贴,食物
20250810Q1JXMW,expense,7593.88,2025-08-10,正常,其他
20250502LW7BWB,expense,170.16,2025-05-02,补贴,房租
20250627A40JX4,expense,1565.17,2025-06-27,差旅,其他
20251103UQ5I46,expense,1548.02,2025-11-03,补贴,交通
20251222I6F67G,expense,9911.74,2025-12-22,报销,交通
20250921B8QSD7,expense,1751.51,2025-09-21,补贴,娱乐
20250518H11S50,expense,4999.70,2025-05-18,购物,交通
20250422C2S22Y,expense,8085.42,2025-04-22,外卖,食物
20250919P5WRMA,expense,6684.35,2025-09-19,外卖,房租
202509016HNW74,expense,6952.48,2025-09-01,娱乐,房租
20250209WRA5C0,expense,6150.93,2025-02-09,购物,房租
202512120HK8KY,expense,3009.22,2025-12-12,正常,房租
20250616IHIZIL,expense,2.69,2025-06-16,正常,食物
2025062746GDE1,expense,6357.23,2025-06-27,生活费,食物
20250105T3XUX7,expense,1449.81,2025-01-05,报销,娱乐
20251011NTDMMD,expense,4788.90,2025-10-11,补贴,娱乐
20251014VC1X5D,expense,3341.84,2025-10-14,补贴,食物
202506037089KA,expense,2445.38,2025-06-03,补贴,食物
20251115OOZQSS,expense,1001.65,2025-11-15,娱乐,娱乐
202502233D3E8Q,expense,9547.70,2025-02-23,生活费,房租
202510160M68CD,expense,9549.21,2025-10-16,补贴,房租
20250227QEZOEH,expense,6045.28,2025-02-27,学习,食物
20250410927PM2,expense,9515.42,2025-04-10,补贴,房租
20250607AV5E0G,expense,4126.07,2025-06-07,正常,交通
202508037G1MEI,expense,4105.20,2025-08-03,外卖,其他
202507179EB9O1,expense,8186.25,2025-07-17,购物,交通
20250523YL66CX,expense,443.07,2025-05-23,外卖,其他
20250722T5E909,expense,5616.92,2025-07-22,购物,娱乐
20250510ZTZKET,expense,2532.71,2025-05-10,生活费,其他
202508116VQKHE,expense,4257.61,2025-08-11,报销,食物
20250307VGRXZG,expense,2481.91,2025-03-07,正常,娱乐
20250113Q3YJOB,expense,3052.98,2025-01-13,差旅,娱乐
20250506VPOEDQ,expense,2651.09,2025-05-06,购物,交通
202510131IUFAF,expense,8557.80,2025-10-13,正常,食物
20250709Y93FUB,expense,6863.59,2025-07-09,正常,娱乐
20250314IAVWMZ,expense,505.33,2025-03-14,生活费,交通
20250213NETTVJ,expense,9443.00,2025-02-13,外卖,其他
20250604A2TSLN,expense,5247.81,2025-06-04,学习,其他
20251209GNTFX5,expense,8111.74,2025-12-09,外卖,其他
20250517H56HJV,expense,7574.81,2025-05-17,学习,其他
20250609LXIZLZ,expense,494.75,2025-06-09,娱乐,食物
20251003XCXEWK,expense,4470.68,2025-10-03,学习,食物
2025120246N40G,expense,4120.84,2025-12-02,报销,食物
20250818Z6C7TQ,expense,8381.42,2025-08-18,学习,其他
20250204TCVPJR,expense,5525.30,2025-02-04,学习,食物
20250816YTG472,expense,9671.99,2025-08-16,报销,房租
202511211X6HS2,expense,4520.48,2025-11-21,加班,娱乐
20250716LDG9OV,expense,5362.33,2025-07-16,补贴,房租
2025080161IYMF,expense,1950.02,2025-08-01,正常,娱乐
20251007J63Y6F,expense,8453.91,2025-10-07,加班,房租
20251115EKYRNB,expense,9770.59,2025-11-15,差旅,房租
202508102FOBYY,expense,2515.17,2025-08-10,娱乐,房租
20250204GQJXA7,expense,7558.34,2025-02-04,购物,交通
20251224421Y5U,expense,2985.13,2025-12-24,购物,食物
2025120606MX9J,expense,9824.19,2025-12-06,加班,其他
20251207SR6BZW,expense,8552.11,2025-12-07,生活费,其他
202505127YGJ4G,expense,5094.33,2025-05-12,差旅,交通
20250619DMTZ45,expense,152.62,2025-06-19,娱乐,食物
20250625UUX801,expense,2280.61,2025-06-25,生活费,其他
20250104KOZXFY,expense,6115.79,2025-01-04,差旅,其他
20250819EXE1O0,expense,353.02,2025-08-19,正常,娱乐
20251202SMVY75,expense,8739.11,2025-12-02,正常,房租
20250611AGA70A,expense,1289.12,2025-06-11,补贴,其他
202506117NUR0F,expense,2672.94,2025-06-11,购物,食物
202503078XNRJE,expense,9314.40,2025-03-07,学习,其他
20250321SYUY5T,expense,3249.54,2025-03-21,差旅,食物
202502151RLCHV,expense,4102.81,2025-02-15,加班,房租
20250308NA50UR,expense,7317.83,2025-03-08,差旅,交通
202512210OVMG8,expense,1393.88,2025-12-21,外卖,交通
20250911SATRB3,expense,2085.52,2025-09-11,加班,娱乐
202512085N8LY0,expense,5144.90,2025-12-08,差旅,娱乐
2025071567TIYK,expense,2065.03,2025-07-15,学习,房租
202502136R2NEO,expense,9374.74,2025-02-13,补贴,食物
20250106EZM922,expense,2845.54,2025-01-06,学习,交通
20250801AMPQCZ,expense,3879.99,2025-08-01,购物,房租
202501038TC1I9,expense,960.17,2025-01-03,正常,房租
20251014GL46H2,expense,2963.72,2025-10-14,报销,食物
20251210XAWEIY,expense,9024.80,2025-12-10,购物,交通
20250825LA7JBX,expense,9056.48,2025-08-25,生活费,食物
20251203HF4LT9,expense,4291.46,2025-12-03,娱乐,房租
20250101IRQEFG,expense,3813.98,2025-01-01,购物,其他
202511031QULZ3,expense,8861.98,2025-11-03,正常,交通
20251015F4M6WU,expense,9407.09,2025-10-15,外卖,娱乐
202508278M0P8P,expense,5451.75,2025-08-27,差旅,交通
20250221FO5XSH,expense,5666.29,2025-02-21,生活费,房租
20251218QWNURR,expense,7841.46,2025-12-18,报销,食物
20250201QAGSYC,expense,4981.69,2025-02-01,加班,房租
20251026E04AQ3,expense,3806.35,2025-10-26,加班,娱乐
20250514HJ3L6C,expense,6850.69,2025-05-14,学习,房租
20250514EI7NO2,expense,8209.40,2025-05-14,差旅,房租
202509030LULU6,expense,2241.56,2025-09-03,加班,娱乐
20250516VUCUIH,expense,9982.62,2025-05-16,补贴,其他
20250622U9R0JU,expense,3560.44,2025-06-22,加班,其他
20250606WXR26W,expense,794.55,2025-06-06,学习,娱乐
20250819CNY20T,expense,6906.30,2025-08-19,外卖,其他
20251211X3ID39,expense,984.25,2025-12-11,娱乐,交通
20250410802WNF,expense,6833.81,2025-04-10,购物,其他
2025061310B9M2,expense,8374.45,2025-06-13,娱乐,其他
20250309E9OFMK,expense,6193.99,2025-03-09,购物,其他
20250525794ZDW,expense,3425.40,2025-05-25,娱乐,食物
20251111ZTNK3B,expense,3939.70,2025-11-11,购物,房租
20250719G2QLP1,expense,5369.20,2025-07-19,加班,交通
202503159UNOVN,expense,4082.49,2025-03-15,购物,娱乐
20250211G7WRUW,expense,6041.40,2025-02-11,购物,食物
20250326HBOSYW,expense,4237.07,2025-03-26,外卖,交通
20250701OUIM5Z,expense,4446.08,2025-07-01,报销,食物
20251001CH8L4Z,expense,8914.94,2025-10-01,购物,娱乐
20251126QBU8QZ,expense,2682.23,2025-11-26,补贴,交通
20251122FCERRP,expense,140.45,2025-11-22,正常,房租
202501120GPTBG,expense,5006.94,2025-01-12,加班,食物
20250228JTQVWD,expense,5969.20,2025-02-28,学习,其他
20251025HBMKQJ,expense,1833.11,2025-10-25,报销,食物
202511145QQ7PY,expense,9363.20,2025-11-14,购物,交通
20250207E0P0YQ,expense,3080.45,2025-02-07,补贴,娱乐
20250218NFUD8H,expense,7928.55,2025-02-18,娱乐,交通
20250807FIZJ44,expense,9058.11,2025-08-07,加班,娱乐
20251128ABA9KT,expense,6848.94,2025-11-28,加班,其他
20250812UWOM9C,expense,4776.80,2025-08-12,学习,房租
20250111SRSF8A,expense,2379.91,2025-01-11,外卖,食物
202510233ITUES,expense,8111.81,2025-10-23,报销,交通
20250226B0XD9I,expense,1980.47,2025-02-26,学习,娱乐
202503065ONPY8,expense,2675.14,2025-03-06,正常,娱乐
20250624S2SHGS,expense,2007.31,2025-06-24,差旅,交通
20250107ASM7JJ,expense,9664.03,2025-01-07,差旅,交通
20250418PMD3FO,expense,6074.19,2025-04-18,补贴,食物
20251215RS0QG1,expense,4791.31,2025-12-15,购物,交通
20250318S5XUNF,expense,7555.28,2025-03-18,购物,娱乐
20250327JKPTUT,expense,1971.32,2025-03-27,生活费,交通
20250614R84K5Y,expense,3958.92,2025-06-14,差旅,房租
20250918BMQ4T4,expense,4142.93,2025-09-18,学习,食物
20250318Q3ABRZ,expense,257.89,2025-03-18,娱乐,娱乐
20251216BTQASP,expense,9660.65,2025-12-16,外卖,其他
20250907CY869S,expense,8054.86,2025-09-07,学习,食物
20251228Z9XR8B,expense,3258.21,2025-12-28,购物,房租
20250813WO26XV,expense,9980.41,2025-08-13,外卖,娱乐
20250302TQQBGB,expense,4300.04,2025-03-02,正常,交通
20251216C2AEUH,expense,9627.13,2025-12-16,加班,交通
20250901F5K215,expense,1593.11,2025-09-01,外卖,交通
2025061622R29A,expense,1642.45,2025-06-16,报销,食物
20250228Q8KT81,expense,396.08,2025-02-28,娱乐,交通
20250723QWXMPJ,expense,4255.36,2025-07-23,加班,其他
20251227S3Q8SK,expense,6353.46,2025-12-27,娱乐,房租
20251024KIS9FL,expense,9419.71,2025-10-24,差旅,房租
20250201W9NTFF,expense,9730.79,2025-02-01,学习,房租
20250925GU2D97,expense,7127.68,2025-09-25,差旅,食物
20250412GAOZWI,expense,1044.10,2025-04-12,加班,交通
20250913G66FFP,expense,7239.57,2025-09-13,报销,食物
202502187U37H2,expense,2153.71,2025-02-18,学习,交通
20250301NHJQSW,expense,7601.93,2025-03-01,学习,其他
20250315ON9NZ5,expense,2300.24,2025-03-15,差旅,其他
20251125PE2P5T,expense,7378.05,2025-11-25,加班,交通
20250724N94021,expense,3612.27,2025-07-24,差旅,交通
20250720FHBHVN,expense,4229.71,2025-07-20,补贴,其他
20251210GXBVB8,expense,5326.14,2025-12-10,差旅,其他
20250505GJJVGY,expense,3417.99,2025-05-05,学习,房租
20250708HPHLC0,expense,3770.08,2025-07-08,加班,娱乐
20250312I37DOC,expense,2583.85,2025-03-12,加班,房租
20250104RGL58M,expense,1481.13,2025-01-04,加班,房租
20250509624AA1,expense,2693.54,2025-05-09,学习,娱乐
20250325645H7F,expense,6290.57,2025-03-25,学习,房租
202504249M0J4V,expense,3826.69,2025-04-24,加班,娱乐
20250727UE51LR,expense,2551.35,2025-07-27,差旅,娱乐
202504278YQRPM,expense,6565.79,2025-04-27,报销,房租
20251210SFYY6F,expense,503.92,2025-12-10,补贴,娱乐
20251212SS9V7I,expense,1245.68,2025-12-12,差旅,交通
20250525THW2WU,expense,6265.67,2025-05-25,购物,食物
202511193B35K3,expense,4583.09,2025-11-19,正常,房租
202512048O6JBC,expense,3275.19,2025-12-04,生活费,娱乐
20250401ZTLSVK,expense,8184.22,2025-04-01,正常,食物
202510221UBL96,expense,29.24,2025-10-22,娱乐,食物
20250802GKVSTQ,expense,4511.32,2025-08-02,购物,房租
20250309RXSO37,expense,2470.36,2025-03-09,差旅,娱乐
202508268CJ1QY,expense,6957.89,2025-08-26,补贴,食物
2025102270K3YB,expense,5947.90,2025-10-22,生活费,食物
20250526SV3KYH,expense,5069.51,2025-05-26,正常,交通
20250709WW4P2E,expense,2990.34,2025-07-09,生活费,交通
20251114WIV0CM,expense,5890.07,2025-11-14,娱乐,交通
202506108R5J7I,expense,3506.64,2025-06-10,补贴,房租
20250915IXOHR7,expense,170.91,2025-09-15,生活费,娱乐
202508031Q1OA7,expense,7792.14,2025-08-03,报销,食物
2025042737O9AB,expense,3541.67,2025-04-27,娱乐,交通
20250919H1LV23,expense,9742.73,2025-09-19,差旅,交通
202508152V44D7,expense,3849.11,2025-08-15,正常,娱乐
20250526RBR9S9,expense,9556.11,2025-05-26,生活费,其他
202512070NIEZG,expense,6445.61,2025-12-07,报销,娱乐
20250919OENVKG,expense,6499.12,2025-09-19,补贴,娱乐
20250201466T92,expense,504.26,2025-02-01,报销,食物
20250608F11IQI,expense,12.72,2025-06-08,生活费,交通
20250616M0M3AD,expense,9134.49,2025-06-16,生活费,食物
20251214P3IWZ7,expense,3041.44,2025-12-14,购物,房租
20250408DDSD7M,expense,6655.12,2025-04-08,生活费,食物
20250901JIOYS4,expense,3972.97,2025-09-01,差旅,食物
20250611AJV8V5,expense,5284.69,2025-06-11,加班,娱乐
202504256G8IG5,expense,3201.05,2025-04-25,正常,娱乐
20250415SCI3P0,expense,31.62,2025-04-15,加班,其他
20250915KB5OC0,expense,7489.31,2025-09-15,加班,房租
2025071970WAJE,expense,4069.25,2025-07-19,娱乐,食物
20250519RYBHKJ,expense,5462.70,2025-05-19,报销,食物
202508095K86DD,expense,9427.25,2025-08-09,补贴,其他
20250728GGOYX3,expense,6901.41,2025-07-28,加班,娱乐
2025061160MIE5,expense,6835.29,2025-06-11,娱乐,交通
20250915KM3AH9,expense,3307.50,2025-09-15,正常,房租
202504133B2R0B,expense,6608.72,2025-04-13,差旅,房租
20250812E59LCZ,expense,7128.44,2025-08-12,报销,娱乐
2025050615W7M7,expense,8566.68,2025-05-06,购物,食物
202508185ABWLS,expense,9482.20,2025-08-18,加班,交通
20251021R5F09J,expense,2775.60,2025-10-21,加班,食物
20250510XB2BW5,expense,9870.44,2025-05-10,购物,食物
20250112WN5TFC,expense,7764.15,2025-01-12,加班,食物
202506089D7BGX,expense,7825.39,2025-06-08,生活费,娱乐
20250821BEUUYS,expense,3025.14,2025-08-21,报销,娱乐
2025042339X5YO,expense,4775.45,2025-04-23,生活费,房租
20250123OUV0AX,expense,379.79,2025-01-23,加班,食物
20251115LMS54A,expense,5437.95,2025-11-15,购物,其他
20251004INQCDS,expense,913.17,2025-10-04,生活费,房租
20250820C6T40W,expense,2616.75,2025-08-20,购物,其他
20250520ZE8A8I,expense,7828.37,2025-05-20,外卖,娱乐
20250809K58VLV,expense,1346.78,2025-08-09,生活费,交通
202509137X9N43,expense,6084.25,2025-09-13,加班,交通
20250618UJPDW4,expense,7173.07,2025-06-18,娱乐,其他
20250517ARG000,expense,9104.43,2025-05-17,生活费,娱乐
20250828X9FVBR,expense,3615.88,2025-08-28,外卖,交通
20250602RCANHI,expense,6866.70,2025-06-02,娱乐,食物
20251104LEJL5Y,expense,4394.77,2025-11-04,报销,其他
20250809ORBEYS,expense,413.55,2025-08-09,学习,房租
20250828OC2HKE,expense,3533.73,2025-08-28,加班,房租
20250623Z1QKK1,expense,1917.04,2025-06-23,生活费,房租
202504267WUSUQ,expense,700.40,2025-04-26,加班,交通
202502048HNKMQ,expense,1105.64,2025-02-04,补贴,食物
20251114TQ6CHK,expense,1728.50,2025-11-14,加班,房租
202508060QNFCW,expense,3631.25,2025-08-06,外卖,房租
202506038ZWZIU,expense,8811.26,2025-06-03,生活费,房租
20250710PHP0QI,expense,7676.95,2025-07-10,补贴,其他
2025040559NO13,expense,8083.20,2025-04-05,报销,交通
202506261XGFZ4,expense,238.11,2025-06-26,报销,房租
202503028LGBWW,expense,8993.66,2025-03-02,正常,娱乐
20250616YZDQ25,expense,6857.49,2025-06-16,补贴,房租
20250427FDLGFM,expense,6942.34,2025-04-27,生活费,其他
20250915HQ5597,expense,2075.48,2025-09-15,报销,娱乐
20250427VJIK8O,expense,9938.45,2025-04-27,学习,交通
20251120D28LMB,expense,3116.18,2025-11-20,学习,其他
202510072VX891,expense,8194.71,2025-10-07,外卖,交通
20250927SEJL8N,expense,4445.88,2025-09-27,娱乐,交通
20250905ZULLNH,expense,7357.22,2025-09-05,报销,交通
20250208XJH8R0,expense,4996.24,2025-02-08,补贴,食物
202503240386GG,expense,5962.58,2025-03-24,外卖,娱乐
20251017J2G0MQ,expense,8009.71,2025-10-17,外卖,交通
20250820GSNJM8,expense,8248.62,2025-08-20,外卖,食物
20250610XV3FQP,expense,1960.27,2025-06-10,正常,其他
202507197J0L86,expense,9578.41,2025-07-19,差旅,交通
20250701IW1CT9,expense,204.57,2025-07-01,差旅,其他
202507230DCT8Q,expense,5286.09,2025-07-23,差旅,娱乐
20250812TRQAR9,expense,1149.76,2025-08-12,娱乐,其他
20250623KT8LG9,expense,2530.38,2025-06-23,差旅,交通
20250616TGYRB4,expense,2014.73,2025-06-16,娱乐,娱乐
20251022V60SEG,expense,8916.76,2025-10-22,报销,交通
20250623M08S04,expense,1325.42,2025-06-23,补贴,其他
20251223O3G8RU,expense,1867.25,2025-12-23,正常,娱乐
20250215QZ7MTM,expense,447.79,2025-02-15,外卖,食物
20250324IT2MDF,expense,342.61,2025-03-24,生活费,交通
20250926QVHLDZ,expense,5647.92,2025-09-26,加班,食物
20250521Z612L7,expense,1191.08,2025-05-21,补贴,交通
20250907SNVDD3,expense,9772.54,2025-09-07,差旅,交通
20251112E9NYFG,expense,3676.67,2025-11-12,学习,其他
20250407N6VTFP,expense,3284.98,2025-04-07,加班,娱乐
20250219XYANFU,expense,6676.88,2025-02-19,购物,交通
20250328IXP1DX,expense,6649.35,2025-03-28,购物,房租
2025112328BHY4,expense,2898.28,2025-11-23,生活费,其他
20251104CWW1CO,expense,4871.64,2025-11-04,娱乐,房租
20250424DGXHDN,expense,8504.42,2025-04-24,生活费,房租
20250205XHGUYN,expense,6695.00,2025-02-05,生活费,交通
20251206ODC0S7,expense,9530.21,2025-12-06,生活费,食物
20250502KVPD8R,expense,4523.71,2025-05-02,生活费,交通
20250927FAUDIR,expense,6901.88,2025-09-27,报销,娱乐
20250413MHC1ZC,expense,1534.63,2025-04-13,生活费,娱乐
202503028NFEP9,expense,4114.66,2025-03-02,学习,房租
2025112331XKQT,expense,127.16,2025-11-23,报销,食物
20251109PVF4P0,expense,5204.82,2025-11-09,娱乐,房租
2025052240C73C,expense,1698.22,2025-05-22,正常,交通
20250215D3YQXU,expense,8371.80,2025-02-15,生活费,娱乐
202504146XGYXJ,expense,7644.27,2025-04-14,报销,娱乐
20251218JGASXB,expense,844.62,2025-12-18,差旅,交通
202502245EN1HU,expense,1265.41,2025-02-24,外卖,食物
202509030HMKUR,expense,7663.14,2025-09-03,差旅,其他
20251104NEQT74,expense,6052.18,2025-11-04,加班,娱乐
20251103CM6FEZ,expense,3019.96,2025-11-03,差旅,房租
202504135RRTPM,expense,1138.75,2025-04-13,学习,房租
202503183PXPUN,expense,6321.26,2025-03-18,正常,食物
20250412E9JF4X,expense,7747.88,2025-04-12,学习,其他
202510074LXHFN,expense,411.63,2025-10-07,补贴,房租
20251214JE8KQ7,expense,2454.17,2025-12-14,生活费,房租
202508288YM30A,expense,7359.13,2025-08-28,生活费,食物
20251218J9K46C,expense,8032.67,2025-12-18,外卖,其他
20250625GUYE27,expense,765.91,2025-06-25,外卖,娱乐
202509074N8RBB,expense,3497.66,2025-09-07,差旅,娱乐
20250928W3QYM9,expense,7577.35,2025-09-28,生活费,其他
20250906DZ0STR,expense,6587.19,2025-09-06,生活费,房租
202504074WOMZ4,expense,4191.73,2025-04-07,学习,房租
202505175SMTIC,expense,784.47,2025-05-17,娱乐,交通
202511185KBKFP,expense,4954.85,2025-11-18,补贴,交通
20251217141Y4D,expense,1519.14,2025-12-17,学习,其他
20250306WTYZ11,expense,8776.07,2025-03-06,外卖,食物
2025011470BT7M,expense,6459.65,2025-01-14,正常,其他
20250111JK656C,expense,2581.13,2025-01-11,补贴,交通
20251221RIJQTF,expense,8929.58,2025-12-21,差旅,食物
20250719VIKEK5,expense,25.10,2025-07-19,购物,交通
20250122NWYSBK,expense,6899.38,2025-01-22,娱乐,交通
20250218K7AXXT,expense,4888.46,2025-02-18,外卖,交通
20251216OD4FGB,expense,781.10,2025-12-16,补贴,娱乐
202509156UJJRJ,expense,1773.39,2025-09-15,补贴,食物
20250922CZF8IK,expense,3372.28,2025-09-22,补贴,其他
2025080437X84H,expense,3610.98,2025-08-04,加班,食物
202509168BWMX4,expense,8750.74,2025-09-16,娱乐,房租
2025092520AL3X,expense,888.07,2025-09-25,外卖,娱乐
20250411L23SGO,expense,2643.36,2025-04-11,加班,房租
20250906ZNQHAI,expense,8303.39,2025-09-06,正常,食物
20250618T09Z0C,expense,4614.35,2025-06-18,外卖,娱乐
20251119ISYY0U,expense,8202.55,2025-11-19,报销,房租
20250823O8VBFI,expense,927.34,2025-08-23,生活费,房租
20250101ZC9LKT,expense,8226.11,2025-01-01,加班,房租
20251122J2Z84Z,expense,2816.44,2025-11-22,报销,食物
20251204VC4TCZ,expense,3772.78,2025-12-04,娱乐,娱乐
20250801QMWDZO,expense,3106.60,2025-08-01,补贴,娱乐
20250928CRHR4M,expense,2248.96,2025-09-28,学习,房租
20250712LKHLR5,expense,3923.76,2025-07-12,加班,娱乐
20251101KA9I2E,expense,4592.34,2025-11-01,补贴,交通
20250707B01OE8,expense,3927.55,2025-07-07,购物,娱乐
20250423O1YYS3,expense,4818.93,2025-04-23,娱乐,房租
20250303V8Y3IP,expense,3537.63,2025-03-03,娱乐,其他
20250414KT4ZW5,expense,1955.31,2025-04-14,生活费,房租
20250226RK2UFM,expense,596.90,2025-02-26,娱乐,交通
20250107PEU6A4,expense,2778.89,2025-01-07,学习,食物
2025091284O44C,expense,8514.85,2025-09-12,外卖,房租
202501134TQTHW,expense,4525.77,2025-01-13,娱乐,娱乐
20251011Q43EM4,expense,1736.01,2025-10-11,补贴,交通
20250708NEKHXB,expense,611.71,2025-07-08,外卖,交通
20250218UQ2REM,expense,1661.51,2025-02-18,购物,娱乐
2025042448VM17,expense,6879.34,2025-04-24,娱乐,交通
20250822NIKP6F,expense,1197.57,2025-08-22,娱乐,娱乐
20251005FPCSE2,expense,524.53,2025-10-05,正常,其他
20250510N5PY20,expense,4398.14,2025-05-10,学习,食物
20250322XT2X8B,expense,3538.37,2025-03-22,差旅,交通
20250402ZUSMPV,expense,3414.87,2025-04-02,报销,交通
202512123GB72R,expense,7261.06,2025-12-12,差旅,食物
20251115GQKGER,expense,4175.98,2025-11-15,正常,交通
20250109094HBI,expense,9565.26,2025-01-09,娱乐,交通
202512145XUPZ1,expense,1041.92,2025-12-14,报销,其他
202505278ZIM6A,expense,1159.62,2025-05-27,报销,房租
20250110TX72KX,expense,1858.13,2025-01-10,报销,交通
2025032869G3EE,expense,686.00,2025-03-28,娱乐,交通
202510038PX56E,expense,6628.04,2025-10-03,正常,娱乐
20251223S5Q8TV,expense,7158.95,2025-12-23,差旅,其他
20250614UGTMNX,expense,3427.26,2025-06-14,补贴,房租
20250805HKB055,expense,8254.14,2025-08-05,学习,其他
20250627B4S9TZ,expense,3026.19,2025-06-27,学习,房租
202508215LQYAI,expense,4785.19,2025-08-21,娱乐,食物
20250627ON92VB,expense,6217.00,2025-06-27,加班,娱乐
202510266H7X44,expense,4112.23,2025-10-26,购物,房租
20251007RMYSNN,expense,502.76,2025-10-07,加班,其他
20250812LELJO3,expense,119.71,2025-08-12,补贴,其他
20250109TWI7XN,expense,3861.00,2025-01-09,学习,交通
202503155XKUCB,expense,7409.91,2025-03-15,学习,房租
202505148RSK34,expense,9157.58,2025-05-14,学习,食物
20251224L0T5QD,expense,7442.08,2025-12-24,学习,食物
20250620M6CE94,expense,912.39,2025-06-20,补贴,交通
20250212TJJXJ6,expense,1560.00,2025-02-12,报销,食物
20250120FHB9PH,expense,8110.50,2025-01-20,学习,房租
20250315JIUHFS,expense,1734.89,2025-03-15,学习,交通
20250505XQIBBM,expense,9471.90,2025-05-05,报销,娱乐
20250826K3OL78,expense,2934.54,2025-08-26,加班,交通
20251011D0WD49,expense,8348.00,2025-10-11,娱乐,房租
20250702MW9RKC,expense,3537.19,2025-07-02,外卖,娱乐
20250710QG12T0,expense,8273.00,2025-07-10,生活费,交通
20251217RLO08Y,expense,9574.37,2025-12-17,差旅,房租
20250105OAVED9,expense,2497.65,2025-01-05,外卖,交通
20250907NSOK87,expense,7595.01,2025-09-07,补贴,交通
202512163AV1IT,expense,1278.65,2025-12-16,生活费,房租
20250814XA42MN,expense,3420.18,2025-08-14,购物,其他
20251020AMKDOJ,expense,9532.80,2025-10-20,报销,食物
202503060Z47AA,expense,5846.45,2025-03-06,补贴,交通
202505070HX4EQ,expense,8505.38,2025-05-07,报销,食物
20251025F76OBT,expense,2136.70,2025-10-25,补贴,其他
202503087UOZHO,expense,3874.19,2025-03-08,学习,其他
20250827Y7AGX9,expense,8382.46,2025-08-27,娱乐,其他
20250415XODBKB,expense,8797.91,2025-04-15,差旅,交通
202504194I1BI7,expense,435.11,2025-04-19,生活费,食物
202511051XEQ23,expense,6199.18,2025-11-05,娱乐,房租
20250822AWNWB3,expense,1017.28,2025-08-22,加班,其他
20251012Z0VB66,expense,7042.29,2025-10-12,娱乐,房租
2025120475Z0K5,expense,799.49,2025-12-04,生活费,房租
20250414VKT2XJ,expense,3445.52,2025-04-14,学习,娱乐
2025020474O5WJ,expense,2663.92,2025-02-04,正常,交通
202502176ZLX3V,expense,8264.44,2025-02-17,生活费,食物
20250604ADWN2R,expense,5721.31,2025-06-04,加班,其他
20250602NIYWUC,expense,258.38,2025-06-02,正常,食物
20250127NTUZ3Q,expense,4577.70,2025-01-27,加班,娱乐
20250407LA7ZV0,expense,7752.11,2025-04-07,娱乐,房租
20250228U1PDKK,expense,761.41,2025-02-28,差旅,交通
2025031683G0MR,expense,1709.91,2025-03-16,娱乐,食物
202511164FPVTQ,expense,1516.38,2025-11-16,娱乐,房租
20250821GLDVJX,expense,6377.64,2025-08-21,加班,娱乐
20250824S641FV,expense,8383.60,2025-08-24,补贴,交通
20250111TYLQYM,expense,1663.59,2025-01-11,购物,食物
20250621LUVFTF,expense,4133.15,2025-06-21,报销,娱乐
202508208VPWOG,expense,5063.29,2025-08-20,学习,交通
202512097Y4OY5,expense,4759.17,2025-12-09,购物,交通
2025080170CH80,expense,3917.64,2025-08-01,学习,娱乐
202511129PTAUV,expense,949.76,2025-11-12,购物,房租
202506031X788H,expense,2253.90,2025-06-03,外卖,食物
202502239XFNPD,expense,5525.99,2025-02-23,差旅,其他
20250614C0V209,expense,5027.77,2025-06-14,生活费,其他
20250625ZOPR8T,expense,2253.75,2025-06-25,生活费,食物
20250814OAF1J5,expense,7947.17,2025-08-14,外卖,食物
20250316U00BX0,expense,3880.81,2025-03-16,差旅,娱乐
20250908GQNZAT,expense,7769.10,2025-09-08,正常,交通
20250518A99THG,expense,7098.84,2025-05-18,外卖,交通
202511021GYCUU,expense,8046.33,2025-11-02,报销,其他
20251113QU9RTA,expense,1929.65,2025-11-13,学习,娱乐
20250923LAWNCN,expense,673.81,2025-09-23,学习,交通
20250116UQ7HIG,expense,8465.05,2025-01-16,购物,交通
20250602ARYN96,expense,7837.00,2025-06-02,娱乐,交通
20251026G1EAOA,expense,875.40,2025-10-26,加班,娱乐
202508251JZ467,expense,8789.73,2025-08-25,娱乐,交通
20250402QYZXMR,expense,7410.32,2025-04-02,差旅,娱乐
2025080672EMGF,expense,8297.50,2025-08-06,生活费,娱乐
202508096ZSW4E,expense,6906.53,2025-08-09,娱乐,其他
20250110E7OXJY,expense,6939.99,2025-01-10,报销,交通
20250216G9P80R,expense,9096.51,2025-02-16,生活费,交通
202502149FVVBN,expense,7131.13,2025-02-14,学习,娱乐
20250920BGZ5LS,expense,8543.02,2025-09-20,加班,交通
20250628CAJHJ9,expense,9348.40,2025-06-28,娱乐,房租
20250520PQXGAP,expense,2053.62,2025-05-20,外卖,交通
202511181Y0BX7,expense,4873.11,2025-11-18,报销,交通
20250211IFS5T3,expense,1130.95,2025-02-11,补贴,食物
20251106NODEGB,expense,9127.42,2025-11-06,学习,房租
202502192TNU1Z,expense,9993.48,2025-02-19,外卖,娱乐
20250615QQ32H3,expense,9328.31,2025-06-15,补贴,娱乐
2025110610ZV62,expense,3414.67,2025-11-06,娱乐,其他
20250119HQJLXM,expense,1305.71,2025-01-19,生活费,食物
20250628AFVRHG,expense,1258.70,2025-06-28,购物,食物
20250803F99TIW,expense,5737.73,2025-08-03,报销,其他
202507138RLDD2,expense,8935.01,2025-07-13,正常,房租
20250427GKNU2T,expense,3959.33,2025-04-27,正常,其他
20250626U0XVAP,expense,8076.71,2025-06-26,差旅,房租
20251223O8CMEJ,expense,4951.30,2025-12-23,生活费,其他
20250422OG45ZO,expense,6413.17,2025-04-22,外卖,房租
20250607X1SS2X,expense,185.01,2025-06-07,加班,食物
20250712CEM63J,expense,3849.90,2025-07-12,加班,食物
202502221RDQ4H,expense,3285.90,2025-02-22,正常,娱乐
20250128PV8ZPH,expense,608.73,2025-01-28,补贴,交通
20250216Y9SU43,expense,3823.45,2025-02-16,外卖,食物
20250326O8G8HU,expense,345.68,2025-03-26,学习,房租
20250522ECKB45,expense,8587.90,2025-05-22,报销,交通
202511019J7S1A,expense,692.53,2025-11-01,购物,交通
20250320SSWFW2,expense,2421.71,2025-03-20,购物,其他
20251220TV70GD,expense,970.64,2025-12-20,学习,房租
20250217JDDVQ3,expense,8089.66,2025-02-17,报销,娱乐
20250524WP963H,expense,6565.79,2025-05-24,正常,房租
202510136R8AA0,expense,4322.63,2025-10-13,差旅,娱乐
20250820KQG35X,expense,822.96,2025-08-20,外卖,交通
2025072008R9I6,expense,3129.17,2025-07-20,学习,食物
202508218KCAKQ,expense,2827.81,2025-08-21,加班,娱乐
20250411P6I6SF,expense,5683.45,2025-04-11,娱乐,娱乐
202512072XU8G5,expense,6418.49,2025-12-07,学习,娱乐
2025062646MKN1,expense,7248.33,2025-06-26,加班,食物
20250418JC8SBY,expense,694.79,2025-04-18,购物,其他
20250617XOR0NK,expense,6756.85,2025-06-17,娱乐,房租
20250616PQCIZK,expense,7772.71,2025-06-16,加班,房租
202504243K33JV,expense,9451.76,2025-04-24,学习,其他
20250519FF5EOI,expense,7618.70,2025-05-19,正常,交通
20251206U9NOAQ,expense,4550.91,2025-12-06,娱乐,交通
20251018BA5QDL,expense,380.39,2025-10-18,购物,交通
20250216F8965P,expense,3125.78,2025-02-16,娱乐,交通
20250804PA7PKS,expense,8355.48,2025-08-04,外卖,食物
20250808JYI00F,expense,6168.21,2025-08-08,加班,娱乐
20251117YLTTD7,expense,7138.59,2025-11-17,生活费,食物
202508099BW5XE,expense,7166.17,2025-08-09,加班,食物
20250826V1LT08,expense,1831.74,2025-08-26,学习,食物
2025011933XKXQ,expense,7025.16,2025-01-19,外卖,娱乐
20251116KAKSEB,expense,7196.15,2025-11-16,娱乐,交通
202505095XYHFN,expense,9971.56,2025-05-09,差旅,其他
20250212EL2RNC,expense,9081.25,2025-02-12,生活费,娱乐
20250525CD3ZU1,expense,2994.64,2025-05-25,补贴,食物
20250326IO1NS2,expense,6240.07,2025-03-26,娱乐,其他
20250528SN0ITZ,expense,6076.61,2025-05-28,差旅,食物
20250609ICODSC,expense,6923.66,2025-06-09,购物,娱乐
2025071414BYTT,expense,1527.96,2025-07-14,娱乐,交通
20250811RXSCJX,expense,7437.38,2025-08-11,报销,食物
2025121364Y0FX,expense,9688.68,2025-12-13,娱乐,其他
20250526VRMETH,expense,4826.43,2025-05-26,购物,其他
20250212IN3V0E,expense,6309.60,2025-02-12,娱乐,交通
20250427GK1UTP,expense,1036.35,2025-04-27,补贴,房租
20250523I4X8GO,expense,9185.75,2025-05-23,学习,娱乐
20250127GGSB5D,expense,8157.16,2025-01-27,加班,娱乐
20251210XQG94L,expense,7884.46,2025-12-10,生活费,交通
20251205TZ3BV8,expense,9555.55,2025-12-05,报销,其他
20250115BKRQU1,expense,7677.64,2025-01-15,差旅,交通
202504026DMJIT,expense,3972.28,2025-04-02,外卖,交通
20250416X39N6Y,expense,8405.81,2025-04-16,加班,食物
20250428I6Y6IL,expense,7407.69,2025-04-28,差旅,食物
20250218I4E868,expense,473.63,2025-02-18,差旅,食物
20251113J1AXRX,expense,908.22,2025-11-13,学习,房租
20250620WK83RI,expense,6627.82,2025-06-20,学习,食物
20250711EPCES1,expense,1336.27,2025-07-11,购物,交通
20251224AT1NW8,expense,7535.97,2025-12-24,学习,其他
20250715EFG5TM,expense,2712.44,2025-07-15,报销,房租
20251005X538FI,expense,5109.30,2025-10-05,报销,其他
202509276UVBSX,expense,3216.35,2025-09-27,购物,其他
202512135E42AC,expense,4831.14,2025-12-13,补贴,其他
20251110UZK0A3,expense,6104.76,2025-11-10,娱乐,交通
20250626UAT7DV,expense,993.40,2025-06-26,生活费,食物
20250706ZLDHR4,expense,947.18,2025-07-06,正常,房租
202509160XWHS8,expense,1816.17,2025-09-16,差旅,房租
20251024UCYI9W,expense,436.35,2025-10-24,生活费,交通
20250214SBYY96,expense,9881.08,2025-02-14,加班,其他
20250309A9DLWD,expense,8151.97,2025-03-09,购物,食物
20250919QTKM9O,expense,6831.99,2025-09-19,学习,其他
202501212DHX3T,expense,2000.61,2025-01-21,正常,食物
202501230EMOTN,expense,3160.69,2025-01-23,加班,娱乐
20250214AI89LR,expense,2443.20,2025-02-14,补贴,交通
20251104ROK8FU,expense,5669.21,2025-11-04,加班,食物
202504260O3JKK,expense,6200.28,2025-04-26,生活费,交通
20250715P3FWFT,expense,9428.80,2025-07-15,娱乐,其他
20250505L6FPM1,expense,9930.74,2025-05-05,外卖,房租
20250704XPLYYP,expense,1316.35,2025-07-04,补贴,其他
20250625G7IWEJ,expense,8900.57,2025-06-25,外卖,其他
20250609IBJG1W,expense,8253.96,2025-06-09,生活费,房租
20250901KE913V,expense,5496.32,2025-09-01,娱乐,交通
20250801SMYZQF,expense,1713.14,2025-08-01,生活费,娱乐
20251227HRQOLO,expense,1908.14,2025-12-27,娱乐,交通
20250406GWAUNK,expense,9195.05,2025-04-06,差旅,食物
20250302BJN3YV,expense,1794.43,2025-03-02,加班,房租
20250822CY1LWF,expense,2426.59,2025-08-22,生活费,食物
20250728I9DA3F,expense,8291.03,2025-07-28,学习,交通
20250505VDOA8Q,expense,6754.17,2025-05-05,娱乐,食物
20250903WOUVIU,expense,6817.14,2025-09-03,加班,房租
20251105S17NM3,expense,7351.99,2025-11-05,娱乐,娱乐
20251023BGZ68P,expense,1351.66,2025-10-23,补贴,娱乐
20250301PGORBT,expense,4511.83,2025-03-01,外卖,房租
202504128MPNYX,expense,7478.73,2025-04-12,报销,房租
20250810PJ8MG2,expense,1275.62,2025-08-10,正常,食物
20251026JRDLFF,expense,7790.95,2025-10-26,生活费,娱乐
20250124UEC5UM,expense,2442.03,2025-01-24,外卖,娱乐
20250920RDWHOK,expense,5005.17,2025-09-20,加班,房租
20250414U20TER,expense,1075.92,2025-04-14,外卖,其他
20250609WRM00D,expense,8544.45,2025-06-09,外卖,其他
20250906C9R62X,expense,2053.92,2025-09-06,报销,娱乐
20250927F5FG4E,expense,285.58,2025-09-27,生活费,娱乐
20250504OKY3VG,expense,5317.79,2025-05-04,学习,房租
20251102U8PTB1,expense,6946.32,2025-11-02,正常,交通
20251025C4SQ3V,expense,2923.35,2025-10-25,补贴,其他
202509157W09J9,expense,8117.80,2025-09-15,加班,交通
20250920MKLAB4,expense,3601.51,2025-09-20,学习,房租
20250602MDDQSH,expense,1168.70,2025-06-02,报销,娱乐
202511091LWR8C,expense,3937.53,2025-11-09,学习,房租
20250301BLRE9D,expense,4031.92,2025-03-01,报销,交通
20251010O629RP,expense,8722.86,2025-10-10,购物,交通
20250616384UH0,expense,4305.51,2025-06-16,差旅,娱乐
20250619WGU7SP,expense,6134.97,2025-06-19,学习,房租
202503037L3WKW,expense,8192.41,2025-03-03,加班,食物
20251222I3DV0E,expense,2091.58,2025-12-22,生活费,房租
202503161OQXU1,expense,6133.17,2025-03-16,娱乐,其他
20250628MON44A,expense,8901.24,2025-06-28,娱乐,食物
20250323LOWAKA,expense,2916.07,2025-03-23,学习,房租
202502200ZXKAO,expense,4045.38,2025-02-20,外卖,食物
20250311Z29KJ8,expense,2713.49,2025-03-11,加班,其他
20251102X621IG,expense,3632.85,2025-11-02,娱乐,食物
2025011388YMDE,expense,5061.16,2025-01-13,生活费,房租
202509120YQAJT,expense,7022.26,2025-09-12,差旅,娱乐
20250427LVYSON,expense,3840.77,2025-04-27,购物,食物
20250209O5KXP5,expense,8518.19,2025-02-09,娱乐,其他
2025082396BT4R,expense,5075.22,2025-08-23,生活费,房租
202504063QHFS4,expense,4450.15,2025-04-06,购物,房租
20250728DWWRVH,expense,7673.44,2025-07-28,加班,娱乐
20250610UN4ZIT,expense,2204.23,2025-06-10,补贴,娱乐
20250808N5JCNK,expense,1723.79,2025-08-08,购物,食物
20250725RDIPRX,expense,3525.33,2025-07-25,补贴,其他
20251223GV4HCC,expense,1038.85,2025-12-23,正常,食物
20250202QEU5L0,expense,2806.39,2025-02-02,学习,交通
20251115ZVCQGG,expense,8691.62,2025-11-15,加班,其他
20251010YEZBMH,expense,1405.17,2025-10-10,生活费,娱乐
20250107B06EN0,expense,3234.89,2025-01-07,学习,交通
20250518HGG25M,expense,4542.84,2025-05-18,报销,房租
20250506SE0HXT,expense,1659.08,2025-05-06,差旅,交通
20250425NYBK34,expense,3179.80,2025-04-25,报销,交通
2025111171RWNN,expense,6097.77,2025-11-11,购物,娱乐
202508069YI4TR,expense,5018.26,2025-08-06,差旅,交通
202505124JSY9Q,expense,2780.96,2025-05-12,补贴,娱乐
202504188AMV6A,expense,5306.82,2025-04-18,差旅,娱乐
20250904TDVCMN,expense,2707.74,2025-09-04,学习,其他
20250821XOH0XZ,expense,7896.07,2025-08-21,购物,食物
202511257BNJLT,expense,5147.56,2025-11-25,差旅,娱乐
20251127B3BBMO,expense,861.60,2025-11-27,加班,房租
202509224GWWVS,expense,6520.38,2025-09-22,差旅,其他
20250718C9ORKX,expense,4500.64,2025-07-18,学习,交通
202501106EFE57,expense,3350.63,2025-01-10,生活费,娱乐
202512279TWN31,expense,6579.23,2025-12-27,娱乐,娱乐
2025091023QJC4,expense,539.68,2025-09-10,差旅,房租
20251115PWU7SE,expense,6784.69,2025-11-15,加班,交通
20250614NE9WJQ,expense,3012.01,2025-06-14,差旅,娱乐
202508286IUCLV,expense,7828.64,2025-08-28,加班,房租
20251204BZW9U3,expense,2578.96,2025-12-04,补贴,房租
20250617GTDWXO,expense,1113.80,2025-06-17,报销,交通
202510013C2W4S,expense,8872.75,2025-10-01,购物,食物
20250110L8P14K,expense,1140.31,2025-01-10,补贴,娱乐
20250426VHMBJV,expense,7418.21,2025-04-26,娱乐,房租
20250128KYCXB6,expense,3319.54,2025-01-28,差旅,交通
2025122244HFY6,expense,3037.04,2025-12-22,正常,其他
20250710QYU70N,expense,9630.00,2025-07-10,报销,房租
20251005ZB3KMX,expense,2382.02,2025-10-05,补贴,房租
20250113UZ8C80,expense,9099.99,2025-01-13,学习,交通
20250305HD9J18,expense,9225.45,2025-03-05,加班,娱乐
20250206W0L3D8,expense,2280.77,2025-02-06,购物,交通
20250921FNYTHV,expense,6496.07,2025-09-21,加班,食物
20250519IYDNR7,expense,4833.34,2025-05-19,报销,娱乐
20250201D36M7E,expense,8476.83,2025-02-01,学习,房租
20250220Y831MN,expense,2516.14,2025-02-20,学习,交通
202508246VF758,expense,6653.54,2025-08-24,补贴,房租
2025042894YKZC,expense,5711.59,2025-04-28,加班,交通
20250617H6QA2D,expense,4129.61,2025-06-17,报销,房租
20251015H5MAXF,expense,9276.37,2025-10-15,外卖,食物
20251124LJ0MR7,expense,6523.98,2025-11-24,娱乐,其他
20250527RGKV40,expense,1475.37,2025-05-27,购物,交通
20251121C3TF82,expense,6427.43,2025-11-21,正常,娱乐
20250727UUOUUH,expense,660.84,2025-07-27,加班,其他
20250321ONMLB2,expense,6941.87,2025-03-21,生活费,房租
20250123EINUYL,expense,8088.20,2025-01-23,购物,其他
20250724SPFW6V,expense,568.70,2025-07-24,正常,其他
20250328G1LJHH,expense,9323.11,2025-03-28,生活费,食物
20250703ELYDGO,expense,3500.81,2025-07-03,差旅,房租
20250524GZHZOH,expense,672.44,2025-05-24,报销,交通
20251110YFW4NZ,expense,2143.18,2025-11-10,生活费,交通
20251118EX4F7G,expense,6041.59,2025-11-18,正常,食物
2025041063ZZL0,expense,8078.89,2025-04-10,学习,食物
20250524O11QGS,expense,1736.69,2025-05-24,学习,其他
20250502TCGND2,expense,7860.98,2025-05-02,生活费,交通
20250917FJUR7O,expense,8432.48,2025-09-17,生活费,其他
20251128MK9BL7,expense,4673.24,2025-11-28,外卖,其他
20251117MR1RJS,expense,1098.62,2025-11-17,补贴,交通
20250120UXXFLB,expense,530.45,2025-01-20,加班,娱乐
20251124P7QDKG,expense,7693.89,2025-11-24,学习,娱乐
202511288Z4H5Z,expense,5023.48,2025-11-28,正常,食物
202503207UGBFX,expense,3109.75,2025-03-20,生活费,其他
202504231BOJDG,expense,894.48,2025-04-23,报销,食物
20251112AJ4K8U,expense,6198.40,2025-11-12,正常,交通
20251208C4VCHI,expense,3851.38,2025-12-08,娱乐,食物
20251211C0M566,expense,4166.76,2025-12-11,外卖,娱乐
202509149WPE93,expense,2585.57,2025-09-14,娱乐,其他
20250909X4I6CP,expense,3452.67,2025-09-09,娱乐,其他
20250302O7L60D,expense,4945.99,2025-03-02,差旅,娱乐
2025020179JL6K,expense,8049.96,2025-02-01,生活费,交通
20250313LO2IGB,expense,2941.44,2025-03-13,购物,交通
20250518Q6EQQX,expense,3786.10,2025-05-18,娱乐,房租
20251217S6Z0XN,expense,1929.04,2025-12-17,购物,房租
20251128ZIQLE2,expense,1831.83,2025-11-28,报销,交通
2025011949N7SF,expense,5518.97,2025-01-19,购物,食物
20250304WL2XKR,expense,3267.91,2025-03-04,补贴,食物
20250724JL4E48,expense,8291.34,2025-07-24,外卖,其他
20251004DGYAT8,expense,7600.52,2025-10-04,报销,交通
20250605H720M3,expense,7561.36,2025-06-05,差旅,其他
2025010337MWD3,expense,662.84,2025-01-03,娱乐,其他
20251212BVJI7T,expense,2346.50,2025-12-12,外卖,其他
20250524IQHFOM,expense,560.72,2025-05-24,购物,交通
202510288KVZ2D,expense,7078.37,2025-10-28,正常,娱乐
20250117ZW63J7,expense,6332.25,2025-01-17,加班,食物
2025042467LE1Y,expense,5155.59,2025-04-24,购物,房租
20250619HLDBM6,expense,4645.55,2025-06-19,购物,交通
20250825H86GXL,expense,8248.25,2025-08-25,外卖,交通
20251021NNA9RO,expense,6102.04,2025-10-21,加班,房租
20250215D6WSK8,expense,7198.24,2025-02-15,外卖,娱乐
20250222RKHB6X,expense,8566.94,2025-02-22,生活费,房租
20251115G7MOVC,expense,747.12,2025-11-15,娱乐,房租
202507087YHLAY,expense,1442.73,2025-07-08,学习,娱乐
20250308LSELVZ,expense,4290.28,2025-03-08,加班,食物
20251015W957WL,expense,4820.76,2025-10-15,娱乐,交通
20251007AV9X72,expense,7411.05,2025-10-07,购物,交通
20251116AGU4JI,expense,806.28,2025-11-16,娱乐,娱乐
20250703GFI68X,expense,3092.38,2025-07-03,差旅,食物
2025061550IQUK,expense,5131.30,2025-06-15,学习,食物
20251213SVNOHD,expense,1570.06,2025-12-13,差旅,其他
2025122357BE28,expense,9667.62,2025-12-23,正常,食物
20250201PXWEWI,expense,3008.53,2025-02-01,外卖,食物
202506139TQ6V8,expense,3344.17,2025-06-13,购物,食物
202501282KZMMY,expense,4769.54,2025-01-28,学习,娱乐
20250719RPNTKE,expense,8354.77,2025-07-19,学习,其他
2025012345H9WB,expense,2972.58,2025-01-23,报销,交通
20250809B7A9J2,expense,4611.61,2025-08-09,生活费,食物
20251120DKS8H6,expense,4756.90,2025-11-20,生活费,食物
20250319F11HV9,expense,7160.31,2025-03-19,加班,其他
202502041CVWHE,expense,8778.02,2025-02-04,差旅,其他
20251213COOTDY,expense,205.37,2025-12-13,生活费,食物
20251116PBLI2X,expense,9786.17,2025-11-16,差旅,其他
2025082708OJ5A,expense,3668.59,2025-08-27,学习,其他
202512053VGCW3,expense,1430.65,2025-12-05,娱乐,房租
20250708LBC0YU,expense,6705.60,2025-07-08,生活费,交通
20250625PS6078,expense,3241.00,2025-06-25,外卖,娱乐
20250426AQY9B8,expense,6349.73,2025-04-26,报销,娱乐
20250619LQC47J,expense,2738.18,2025-06-19,购物,交通
202506175056BE,expense,4590.56,2025-06-17,加班,娱乐
20250515XSV4BC,expense,1812.59,2025-05-15,购物,房租
20250610G5X2T6,expense,4504.38,2025-06-10,补贴,其他
20251207I85VUX,expense,6144.49,2025-12-07,外卖,房租
20251215HQT3H7,expense,1050.82,2025-12-15,学习,其他
202506060JABJP,expense,5191.18,2025-06-06,加班,交通
20250705TGNGFT,expense,3119.10,2025-07-05,生活费,房租
20251020LTFKSI,expense,423.16,2025-10-20,购物,房租
20251222RLZAM8,expense,8103.08,2025-12-22,生活费,娱乐
20250921N2WLCH,expense,7768.62,2025-09-21,补贴,食物
20250809CBU0TA,expense,1433.11,2025-08-09,补贴,交通
20250527PU0BKF,expense,7242.11,2025-05-27,生活费,其他
20250926MYA94W,expense,1184.16,2025-09-26,外卖,交通
20250903LS2P4S,expense,5158.34,2025-09-03,生活费,其他
20250719VKJEOU,expense,7464.27,2025-07-19,报销,食物
20250408GTKH3Z,expense,5288.21,2025-04-08,差旅,食物
20250426SY8GUT,expense,3259.95,2025-04-26,购物,娱乐
20250517VLNWAZ,expense,1485.47,2025-05-17,购物,食物
20251026VORI1W,expense,7684.38,2025-10-26,报销,交通
20250821Z7N4GS,expense,7541.18,2025-08-21,正常,娱乐
202511255T3GKF,expense,6135.51,2025-11-25,娱乐,食物
202503086YIZ0P,expense,719.34,2025-03-08,生活费,其他
20250315KCRCZ3,expense,6131.58,2025-03-15,加班,房租
20250104AEE3Y4,expense,7828.95,2025-01-04,生活费,娱乐
20250509CRY9AM,expense,7550.25,2025-05-09,报销,交通
20250110L8W9BI,expense,6794.33,2025-01-10,差旅,娱乐
20250305CEGBT4,expense,724.85,2025-03-05,学习,娱乐
20251220N0W524,expense,671.81,2025-12-20,补贴,食物
20250719SBTTHT,expense,4739.00,2025-07-19,学习,娱乐
20251128YVYZII,expense,2711.94,2025-11-28,购物,娱乐
20251113Z6TD50,expense,1950.99,2025-11-13,正常,交通
20250327L157TU,expense,3771.94,2025-03-27,正常,房租
20251115M13ZO0,expense,9764.37,2025-11-15,报销,其他
20250312YPQFI1,expense,4215.44,2025-03-12,学习,其他
202503214MDOYG,expense,4179.26,2025-03-21,加班,食物
20250523S6NJ49,expense,7416.39,2025-05-23,购物,娱乐
20251215NQJFX5,expense,8855.34,2025-12-15,学习,交通
20250327FK6MCX,expense,9351.60,2025-03-27,补贴,交通
20251109TNQ7IE,expense,2882.06,2025-11-09,娱乐,房租
20250820TUKWCH,expense,5293.34,2025-08-20,补贴,食物
20250811R0CHAL,expense,3247.56,2025-08-11,娱乐,交通
20250218HMVWCI,expense,5148.38,2025-02-18,购物,房租
20250907KLF8Q8,expense,287.07,2025-09-07,加班,娱乐
2025011167Z01N,expense,2863.14,2025-01-11,补贴,其他
202506149R09BW,expense,5254.90,2025-06-14,差旅,娱乐
202502169F5QVU,expense,2006.50,2025-02-16,补贴,其他
20250205B9SZYP,expense,1115.90,2025-02-05,外卖,房租
20250520Z5PDP2,expense,425.46,2025-05-20,加班,食物
20250926LQOP35,expense,4627.68,2025-09-26,外卖,交通
20250513F050AH,expense,8768.08,2025-05-13,学习,交通
20250506BA0YNK,expense,8561.21,2025-05-06,外卖,交通
20251115CKJNP8,expense,1540.74,2025-11-15,生活费,其他
20250321PZ9VV9,expense,2533.61,2025-03-21,补贴,食物
20251211BW58RR,expense,6876.13,2025-12-11,正常,房租
202503016GQYAQ,expense,1382.54,2025-03-01,报销,食物
202511213BN2LR,expense,5487.33,2025-11-21,补贴,交通
20250821IXLQ9H,expense,1924.66,2025-08-21,购物,食物
2025122252EV52,expense,3706.48,2025-12-22,购物,娱乐
20250612O9BWKB,expense,7303.01,2025-06-12,报销,食物
202506226ZYHIS,expense,70.90,2025-06-22,生活费,其他
202502185ODLFC,expense,9798.97,2025-02-18,正常,食物
20251006LBUN6R,expense,5585.19,2025-10-06,正常,房租
20251102ITQEIU,expense,4413.88,2025-11-02,正常,房租
2025042787LH5I,expense,5901.80,2025-04-27,差旅,房租
20250225G8FJ2Y,expense,3894.03,2025-02-25,加班,娱乐
20250627HOUT4A,expense,3426.88,2025-06-27,学习,娱乐
20250426M3UWOL,expense,1930.77,2025-04-26,补贴,交通
20250904BEK04R,expense,5013.58,2025-09-04,学习,交通
20250203WU0DLJ,expense,6381.67,2025-02-03,娱乐,娱乐
20250815K4Q5AA,expense,6283.89,2025-08-15,学习,房租
202503176BJ92W,expense,1019.52,2025-03-17,正常,食物
20250922ITXMJP,expense,7205.32,2025-09-22,外卖,娱乐
20250613F86ZO8,expense,9451.65,2025-06-13,购物,娱乐
20250322A293MR,expense,4736.57,2025-03-22,报销,其他
20250612HNAB5P,expense,7511.02,2025-06-12,加班,其他
20250505M9MBR7,expense,9136.09,2025-05-05,差旅,娱乐
20250516VKC5IL,expense,8445.84,2025-05-16,报销,交通
202501191DG4BP,expense,6450.48,2025-01-19,补贴,娱乐
20250520POOBKP,expense,9118.88,2025-05-20,外卖,房租
20250508YUC4T5,expense,3684.52,2025-05-08,外卖,交通
202511096BQGDM,expense,1528.22,2025-11-09,加班,其他
20251103DNJJ8D,expense,5322.36,2025-11-03,正常,其他
20250823Q7O8SF,expense,2249.14,2025-08-23,加班,食物
20251223O5TMMY,expense,3976.24,2025-12-23,学习,其他
20251001ZFIU5G,expense,603.51,2025-10-01,补贴,其他
20251020NU0SLB,expense,5406.59,2025-10-20,正常,食物
20250309VOPR64,expense,1007.65,2025-03-09,生活费,娱乐
20250807BB26XW,expense,9099.92,2025-08-07,加班,其他
20250920YUT4QM,expense,5087.50,2025-09-20,差旅,房租
20250806I76TBB,expense,5482.03,2025-08-06,加班,娱乐
20250109JVJAGW,expense,6652.19,2025-01-09,娱乐,其他
20250822TDJVSR,expense,3498.80,2025-08-22,报销,其他
20250601IZFC23,expense,617.73,2025-06-01,报销,其他
20250927QW0LCI,expense,9414.39,2025-09-27,加班,食物
20250220SK6FWO,expense,7626.78,2025-02-20,外卖,娱乐
2025030401GW24,expense,8618.74,2025-03-04,补贴,娱乐
20250822Z0K9C4,expense,69.65,2025-08-22,加班,房租
20250321MA1SRX,expense,7157.63,2025-03-21,购物,娱乐
20250509OM1S6F,expense,3195.77,2025-05-09,外卖,食物
20250802HD7CBC,expense,3272.11,2025-08-02,生活费,交通
202506234LDI2E,expense,9451.15,2025-06-23,学习,其他
202511211VFU87,expense,1106.09,2025-11-21,差旅,食物
2025071241K7XO,expense,2828.07,2025-07-12,正常,其他
202506200XTZWI,expense,8494.48,2025-06-20,正常,娱乐
20250606R1AC68,expense,5532.70,2025-06-06,娱乐,娱乐
202509211N8CCI,expense,3507.55,2025-09-21,生活费,食物
20250321XYHC8S,expense,8562.31,2025-03-21,正常,娱乐
20250422PJ0RRT,expense,8000.06,2025-04-22,外卖,交通
20250315N4I6HG,expense,5877.63,2025-03-15,报销,其他
202505052DXD71,expense,3465.58,2025-05-05,差旅,房租
20250505GY38WJ,expense,2302.27,2025-05-05,差旅,房租
20250802U0KW7S,expense,553.55,2025-08-02,差旅,交通
202508121I659P,expense,9097.43,2025-08-12,购物,房租
202506167MLT0F,expense,9485.34,2025-06-16,差旅,食物
20250715931WF1,expense,5100.78,2025-07-15,外卖,娱乐
20250527D2P445,expense,129.07,2025-05-27,报销,房租
202512242V02NM,expense,2425.18,2025-12-24,加班,房租
20250927SY9S72,expense,8019.65,2025-09-27,加班,食物
20251210BTNZCY,expense,1214.46,2025-12-10,娱乐,房租
20250821D9W5HO,expense,5354.08,2025-08-21,外卖,娱乐
20250823NJH4A3,expense,6255.07,2025-08-23,差旅,交通
20250911XPTJIZ,expense,345.72,2025-09-11,娱乐,食物
20250412TM0WKH,expense,804.11,2025-04-12,外卖,食物
202504064V7Z46,expense,2333.75,2025-04-06,生活费,房租
20250107LNUN12,expense,892.34,2025-01-07,补贴,房租
20250526ASIMVS,expense,5095.78,2025-05-26,娱乐,娱乐
202505270EVF9G,expense,1590.83,2025-05-27,娱乐,房租
202510053V7911,expense,351.94,2025-10-05,加班,交通
20250311EYJKKL,expense,4656.74,2025-03-11,学习,其他
20251217O6JX4G,expense,7567.09,2025-12-17,外卖,其他
20251105LYV2YH,expense,8999.08,2025-11-05,娱乐,食物
2025111663HJV2,expense,7440.36,2025-11-16,加班,交通
20250410YBR1OH,expense,3426.96,2025-04-10,外卖,娱乐
20251110NJ85UC,expense,7357.36,2025-11-10,正常,房租
20250424S3WH50,expense,4402.17,2025-04-24,娱乐,房租
20250526MTDQO3,expense,8505.65,2025-05-26,学习,房租
202504070BC03G,expense,7890.15,2025-04-07,加班,食物
20250918VCDN22,expense,7158.72,2025-09-18,正常,交通
20251225GYT4B0,expense,9791.70,2025-12-25,购物,房租
20251101HQW4SJ,expense,2349.92,2025-11-01,补贴,其他
20250309HF6GQI,expense,7213.54,2025-03-09,报销,食物
20250610LG03AB,expense,3596.03,2025-06-10,娱乐,交通
2025121585FLSC,expense,3678.29,2025-12-15,娱乐,其他
20250227OXLUJR,expense,4648.67,2025-02-27,差旅,娱乐
20250719WZ8FJ7,expense,4727.17,2025-07-19,购物,房租
20250228G04IQR,expense,5671.40,2025-02-28,补贴,食物
20251116MWW8IC,expense,4537.27,2025-11-16,差旅,房租
20250911C5MH6H,expense,3057.87,2025-09-11,外卖,食物
20251111KAPFU9,expense,4400.41,2025-11-11,正常,食物
202506029JXKJD,expense,5004.33,2025-06-02,学习,交通
20250825QYWJHG,expense,6692.29,2025-08-25,学习,食物
202511083K88NT,expense,3369.06,2025-11-08,外卖,房租
20250526342X1K,expense,3699.60,2025-05-26,学习,交通
202503162NG5AR,expense,6696.73,2025-03-16,补贴,其他
20250304MER399,expense,6143.01,2025-03-04,加班,食物
20250827XNXA6Z,expense,9180.80,2025-08-27,学习,交通
20250901WZ5X12,expense,2497.90,2025-09-01,购物,其他
20250316OK0EAE,expense,9076.36,2025-03-16,差旅,食物
202501012EHHE5,expense,481.93,2025-01-01,正常,其他
20250819EK2UO0,expense,6494.47,2025-08-19,加班,娱乐
20250120I2JLRT,expense,5657.56,2025-01-20,加班,交通
20250312SCK07T,expense,3233.91,2025-03-12,学习,食物
20250811G2W5LY,expense,2861.32,2025-08-11,报销,娱乐
20250823OWFV7K,expense,3279.07,2025-08-23,报销,其他
20250813ALSIKF,expense,2353.92,2025-08-13,加班,房租
202503063ICB92,expense,7771.58,2025-03-06,娱乐,其他
20251206AEZQI1,expense,2992.70,2025-12-06,学习,食物
20250418XJYNXO,expense,2070.39,2025-04-18,娱乐,交通
2025120469N6FN,expense,8444.16,2025-12-04,报销,其他
20250201OV7TVS,expense,9017.40,2025-02-01,购物,交通
2025021093VGMR,expense,1295.51,2025-02-10,补贴,娱乐
20251212KKBKFX,expense,9751.43,2025-12-12,娱乐,其他
20250903F9V648,expense,8917.16,2025-09-03,购物,房租
20250805EBRRIA,expense,7034.23,2025-08-05,外卖,食物
20251207JHR4BB,expense,1068.24,2025-12-07,补贴,其他
20251218TYJAA9,expense,1248.84,2025-12-18,娱乐,房租
20250709J7XLIY,expense,7345.15,2025-07-09,外卖,其他
2025031855B1ZY,expense,7400.77,2025-03-18,差旅,娱乐
20250610XAKC3W,expense,7840.03,2025-06-10,补贴,其他
20251208TUH5AV,expense,3174.68,2025-12-08,外卖,其他
20251214G2TMI1,expense,6384.43,2025-12-14,娱乐,其他
20250311DOH7BD,expense,9768.65,2025-03-11,生活费,娱乐
20250505LWC0E3,expense,1889.46,2025-05-05,学习,食物
202505234XEWFJ,expense,8571.72,2025-05-23,报销,其他
202509122L1I0I,expense,907.13,2025-09-12,报销,房租
20250615LZ8TFC,expense,7414.53,2025-06-15,差旅,其他
20251118W1Q1FE,expense,9884.41,2025-11-18,加班,娱乐
20251124AJAX3U,expense,1578.37,2025-11-24,补贴,娱乐
202504025LRU16,expense,1366.03,2025-04-02,生活费,交通
20251009IJENEH,expense,1068.78,2025-10-09,购物,食物
20250103EJFEEQ,expense,6219.66,2025-01-03,生活费,娱乐
20250122WIR4MN,expense,8327.16,2025-01-22,学习,交通
20250504AUIYG1,expense,8445.18,2025-05-04,补贴,其他
2025062621ONSG,expense,8506.44,2025-06-26,外卖,其他
2025051072ER7A,expense,6862.27,2025-05-10,学习,娱乐
20250903343DVK,expense,3922.87,2025-09-03,正常,房租
20250727RWB3FK,expense,7145.89,2025-07-27,外卖,娱乐
20250128Z5IOTU,expense,3405.31,2025-01-28,补贴,交通
20250521PSF143,expense,964.32,2025-05-21,报销,其他
202510095ZPZEO,expense,9844.90,2025-10-09,外卖,交通
2025071270NP76,expense,779.97,2025-07-12,娱乐,房租
20250812Z3U128,expense,7851.47,2025-08-12,差旅,食物
20250321KALBUL,expense,9730.22,2025-03-21,外卖,其他
20251228TYQ7Y4,expense,3424.79,2025-12-28,差旅,交通
20250524O2B1FI,expense,7423.43,2025-05-24,差旅,娱乐
20251203D6YHRM,expense,372.06,2025-12-03,差旅,其他
20250425CZ4MFJ,expense,665.02,2025-04-25,娱乐,娱乐
202504018TKLOA,expense,7153.79,2025-04-01,报销,房租
20250623ECU2UY,expense,9496.05,2025-06-23,差旅,其他
202509115VA3VS,expense,4626.58,2025-09-11,学习,交通
20250202GE1HQ9,expense,899.33,2025-02-02,娱乐,交通
20250206MT1JT1,expense,8753.58,2025-02-06,娱乐,房租
20251216LPP9L3,expense,8089.70,2025-12-16,外卖,房租
2025102298SDWZ,expense,520.84,2025-10-22,生活费,交通
20251016W25X8W,expense,4965.58,2025-10-16,娱乐,食物
20250204V5XGH2,expense,6654.08,2025-02-04,娱乐,交通
202506028V6C2L,expense,8120.30,2025-06-02,差旅,娱乐
20250328P3GVZY,expense,1428.12,2025-03-28,购物,食物
20250202LOD0G3,expense,5708.75,2025-02-02,娱乐,交通
20250922463J5L,expense,3893.56,2025-09-22,补贴,其他
202505276YGXSD,expense,8891.80,2025-05-27,学习,房租
20250228HC4ZM1,expense,7136.06,2025-02-28,学习,娱乐
20250924OWAX6G,expense,3763.97,2025-09-24,报销,交通
20250121EYZOFG,expense,9210.11,2025-01-21,差旅,食物
20250720JQ9QDV,expense,6895.12,2025-07-20,补贴,食物
202503187X06SF,expense,8123.51,2025-03-18,补贴,房租
20251127660YMM,expense,7674.88,2025-11-27,外卖,其他
20250107B9XYUP,expense,8604.60,2025-01-07,生活费,娱乐
202511010GL613,expense,4666.38,2025-11-01,正常,其他
2025012598Q1QN,expense,6243.07,2025-01-25,学习,交通
20250218L5MHJ0,expense,6223.40,2025-02-18,娱乐,交通
2025072600PPM5,expense,3076.02,2025-07-26,正常,娱乐
20250327EOHENW,expense,8143.74,2025-03-27,娱乐,食物
20251105ISUCX1,expense,365.50,2025-11-05,购物,交通
20250109UTNEQF,expense,4871.88,2025-01-09,差旅,娱乐
202508087XKO4W,expense,6821.96,2025-08-08,娱乐,房租
20250721FNCFD8,expense,1448.22,2025-07-21,外卖,交通
20250404U2QE5X,expense,618.92,2025-04-04,生活费,娱乐
202504049QQ9DL,expense,3252.94,2025-04-04,加班,其他
20250812SILS5W,expense,2269.46,2025-08-12,报销,食物
20250301LYHHIE,expense,3036.28,2025-03-01,生活费,其他
20250823GSIH03,expense,1283.69,2025-08-23,加班,食物
20250504TCPS7B,expense,4224.81,2025-05-04,购物,食物
202504133WOB1L,expense,1921.50,2025-04-13,补贴,娱乐
20250914DBE7MO,expense,2618.69,2025-09-14,生活费,食物
202502208ZDOJG,expense,3931.02,2025-02-20,正常,其他
202511276A7FQM,expense,9951.63,2025-11-27,学习,食物
20251112ZJE1P9,expense,6579.29,2025-11-12,学习,其他
20250604Q9KCV1,expense,2202.87,2025-06-04,学习,房租
20250825ZMA4FI,expense,658.70,2025-08-25,娱乐,食物
202506153FH9TK,expense,2879.36,2025-06-15,外卖,房租
20250601IV12PD,expense,4605.31,2025-06-01,正常,其他
202512283CVAUN,expense,5986.37,2025-12-28,生活费,娱乐
20251114IBNMF6,expense,5583.78,2025-11-14,差旅,娱乐
202509063YNISM,expense,3801.42,2025-09-06,外卖,其他
20251225RX1SF6,expense,8982.19,2025-12-25,报销,其他
20250715WKXPUF,expense,9997.11,2025-07-15,购物,食物
20250113K7XNEM,expense,5684.62,2025-01-13,差旅,房租
20250514G623F5,expense,5264.55,2025-05-14,加班,食物
202512083F4JSP,expense,4987.62,2025-12-08,学习,娱乐
20250203QHBW3F,expense,1380.55,2025-02-03,加班,食物
20250124NJXJXD,expense,2844.51,2025-01-24,正常,娱乐
202507281QVLR5,expense,2464.55,2025-07-28,差旅,娱乐
20250319ABS7RJ,expense,3062.28,2025-03-19,购物,房租
20251003REWNZQ,expense,471.71,2025-10-03,娱乐,交通
20251112P2520G,expense,15.71,2025-11-12,正常,娱乐
20250303MRGLNH,expense,9663.43,2025-03-03,差旅,其他
202503018C5NTB,expense,89.10,2025-03-01,正常,其他
20250305GG6HKL,expense,3347.49,2025-03-05,生活费,娱乐
20251007VAZ67H,expense,8363.73,2025-10-07,娱乐,房租
20250417H3U8CX,expense,9582.96,2025-04-17,差旅,娱乐
20251101ETTED8,expense,2226.79,2025-11-01,生活费,交通
202511027C9RPG,expense,8445.78,2025-11-02,差旅,其他
2025010548WQQH,expense,5387.95,2025-01-05,补贴,其他
20250511Q9QSQ9,expense,8119.19,2025-05-11,报销,交通
2025121292N82G,expense,8279.14,2025-12-12,正常,房租
20250507G6O9WJ,expense,3875.40,2025-05-07,外卖,房租
20251009WMVCO7,expense,6883.67,2025-10-09,加班,交通
20250409XWDROS,expense,767.03,2025-04-09,生活费,房租
20250610THXB0T,expense,1769.91,2025-06-10,生活费,交通
20251125PEEZ9X,expense,5409.33,2025-11-25,差旅,交通
20251119ZAZAQQ,expense,7056.71,2025-11-19,正常,食物
2025020696BT8I,expense,996.38,2025-02-06,正常,房租
2025022003CKTL,expense,980.08,2025-02-20,购物,娱乐
202502089O4VD2,expense,9944.34,2025-02-08,加班,交通
202505143M7YC4,expense,5514.69,2025-05-14,补贴,食物
20250110ULNDIX,expense,6223.61,2025-01-10,加班,娱乐
202503225FO235,expense,5628.41,2025-03-22,报销,其他
20250218E5ECF6,expense,6567.05,2025-02-18,生活费,食物
202508071P0K4P,expense,6436.48,2025-08-07,购物,娱乐
202503226DCP8R,expense,2641.76,2025-03-22,生活费,食物
2025060954QW5N,expense,8768.37,2025-06-09,娱乐,交通
202503200C47S4,expense,7910.76,2025-03-20,学习,食物
20251007661HYZ,expense,6073.53,2025-10-07,学习,房租
20251220F7XG8E,expense,4120.79,2025-12-20,差旅,食物
202510019O5QYC,expense,7737.30,2025-10-01,报销,其他
20251106X08598,expense,5972.33,2025-11-06,差旅,食物
20251202MK4C0X,expense,9440.72,2025-12-02,加班,交通
20250403C6W6TK,expense,6714.89,2025-04-03,加班,交通
20251214LLJI0V,expense,6474.01,2025-12-14,购物,娱乐
20250521RXWRI8,expense,5006.64,2025-05-21,报销,食物
20250425HRKUXW,expense,7272.22,2025-04-25,正常,娱乐
2025120446ULII,expense,5719.68,2025-12-04,学习,娱乐
20250521Y9CZW0,expense,6384.89,2025-05-21,补贴,其他
20250811B57408,expense,1402.00,2025-08-11,加班,交通
202510228G4VH0,expense,3819.33,2025-10-22,补贴,食物
20250905K16V5O,expense,2282.75,2025-09-05,差旅,娱乐
20250403W1BKVJ,expense,9186.56,2025-04-03,加班,其他
2025112860KLQC,expense,2870.96,2025-11-28,学习,其他
20250401JLYCUU,expense,9117.99,2025-04-01,正常,房租
20250108ONSN3A,expense,7911.41,2025-01-08,外卖,娱乐
20250112WNKZEZ,expense,6817.66,2025-01-12,购物,交通
20251110KHCWRB,expense,7084.66,2025-11-10,报销,交通
202511011WY51Z,expense,8669.15,2025-11-01,外卖,其他
20251010JKAJLU,expense,1884.47,2025-10-10,学习,房租
20250628R8OL5C,expense,1816.74,2025-06-28,正常,食物
202505082TNI0Z,expense,7632.52,2025-05-08,外卖,交通
20250806NSQLDH,expense,8193.47,2025-08-06,报销,娱乐
20250907F0HHZ3,expense,2739.74,2025-09-07,学习,交通
20250415MKI5XL,expense,9611.15,2025-04-15,学习,交通
20250213CD6BCM,expense,2879.96,2025-02-13,补贴,交通
20251207ZDQ8FA,expense,6636.41,2025-12-07,生活费,交通
20250508AAB1BM,expense,2733.59,2025-05-08,补贴,食物
20250723SOSDM4,expense,6890.93,2025-07-23,生活费,食物
20250605VKBRC1,expense,7216.74,2025-06-05,正常,房租
202505234T1Z35,expense,2330.71,2025-05-23,娱乐,食物
202505026W1WJ7,expense,7623.94,2025-05-02,购物,食物
20250823S3HUIV,expense,8366.58,2025-08-23,正常,食物
20251020CAPH8O,expense,4565.58,2025-10-20,生活费,其他
202503036AAWDM,expense,4753.88,2025-03-03,娱乐,食物
20250212IMADQE,expense,2999.53,2025-02-12,学习,交通
20250520JD40HW,expense,3305.86,2025-05-20,生活费,房租
2025101725J54X,expense,9258.44,2025-10-17,生活费,娱乐
202512130BP5A5,expense,7185.25,2025-12-13,差旅,交通
20251216TP28SX,expense,8350.50,2025-12-16,娱乐,房租
20251011QOCWM3,expense,6744.08,2025-10-11,差旅,娱乐
202511169DPTOG,expense,2163.99,2025-11-16,正常,娱乐
20250521JXMPAM,expense,8835.81,2025-05-21,加班,娱乐
20250123EFH1H7,expense,5494.17,2025-01-23,补贴,房租
20250320DQLPWJ,expense,1443.31,2025-03-20,正常,娱乐
202511258R03QH,expense,5873.83,2025-11-25,购物,其他
202512159WVE97,expense,5052.18,2025-12-15,加班,房租
202502086JILI6,expense,6996.92,2025-02-08,学习,娱乐
20250302XTXGET,expense,1323.94,2025-03-02,正常,食物
20250114FSNTP1,expense,1548.20,2025-01-14,学习,娱乐
20251209569IW8,expense,265.99,2025-12-09,外卖,交通
20251024QH6I6T,expense,4279.54,2025-10-24,补贴,房租
20250420UOEA3W,expense,9353.89,2025-04-20,加班,交通
2025112400S3DM,expense,2280.05,2025-11-24,正常,房租
20250419W1FS1O,expense,6483.16,2025-04-19,购物,交通
20250102EM1OYB,expense,8661.61,2025-01-02,娱乐,食物
20250521P18Z28,expense,1012.22,2025-05-21,补贴,其他
20250527PXFBVS,expense,7299.18,2025-05-27,娱乐,交通
20250106A8UJ5P,expense,44.21,2025-01-06,正常,房租
202511111FAEOA,expense,4419.77,2025-11-11,购物,其他
20250322IWFF8U,expense,1802.30,2025-03-22,差旅,其他
202507175YSA4I,expense,4627.31,2025-07-17,报销,房租
20250523MI4EPS,expense,9694.56,2025-05-23,正常,食物
202503023K8WC7,expense,2636.39,2025-03-02,购物,交通
20250218YJ5C2F,expense,8900.51,2025-02-18,娱乐,其他
202511071DLA49,expense,1291.92,2025-11-07,娱乐,其他
20251011Y1POYN,expense,6145.23,2025-10-11,生活费,交通
20250511MGVA0E,expense,9943.07,2025-05-11,生活费,娱乐
20250507M5T0MG,expense,7525.92,2025-05-07,补贴,其他
20251225OEQ36B,expense,7606.15,2025-12-25,补贴,交通
20250124J2AJVX,expense,21.80,2025-01-24,报销,娱乐
20250418592X1D,expense,6548.67,2025-04-18,购物,交通
20250205JZ8KOS,expense,2362.28,2025-02-05,娱乐,食物
20250508RUI7PA,expense,3017.10,2025-05-08,生活费,娱乐
202505126431UM,expense,6434.89,2025-05-12,娱乐,娱乐
2025012767SHKR,expense,6238.66,2025-01-27,外卖,其他
20250413HU0UW2,expense,4106.27,2025-04-13,娱乐,交通
202501069IU48D,expense,6324.74,2025-01-06,外卖,其他
20250403JJXZFV,expense,958.57,2025-04-03,正常,其他
20250423T1Z47N,expense,921.26,2025-04-23,娱乐,娱乐
2025080643RHG7,expense,2070.35,2025-08-06,报销,房租
20250526SNICLS,expense,9728.66,2025-05-26,娱乐,娱乐
20250620OMMYNC,expense,9462.61,2025-06-20,差旅,房租
20251008748K2M,expense,1188.59,2025-10-08,购物,房租
202510016O7J7R,expense,4792.21,2025-10-01,学习,娱乐
202502115HY7SV,expense,2145.99,2025-02-11,娱乐,房租
20250224TAIGOR,expense,8033.68,2025-02-24,差旅,娱乐
20251027C8OD87,expense,4518.07,2025-10-27,购物,娱乐
20250111OA9PCP,expense,1223.95,2025-01-11,生活费,食物
20250113RNTZWI,expense,6099.73,2025-01-13,学习,其他
202512190Z454P,expense,3571.21,2025-12-19,报销,食物
20250104JPZS64,expense,7716.68,2025-01-04,购物,食物
20250305FZKGQ7,expense,6368.73,2025-03-05,正常,娱乐
20250614GF8Y7C,expense,3247.41,2025-06-14,生活费,房租
202509016Q42JG,expense,6038.28,2025-09-01,生活费,房租
2025120388WA51,expense,1496.30,2025-12-03,生活费,交通
20250222HXDXF4,expense,844.08,2025-02-22,报销,娱乐
20250220WSHIRZ,expense,7926.34,2025-02-20,娱乐,交通
20250709J9J7IN,expense,4002.05,2025-07-09,补贴,房租
20251124J3WWN6,expense,6297.79,2025-11-24,正常,其他
202501270DI2Q8,expense,255.46,2025-01-27,学习,娱乐
202505289KP8RL,expense,4275.67,2025-05-28,外卖,娱乐
20250306XHHQ6Y,expense,1061.54,2025-03-06,外卖,娱乐
20250117ZBCF21,expense,8904.77,2025-01-17,补贴,其他
20250520IPPFY6,expense,2790.85,2025-05-20,正常,其他
20250527SKUE61,expense,5836.37,2025-05-27,加班,其他
20251016D5HJ1F,expense,1993.16,2025-10-16,娱乐,房租
20250225221CBK,expense,1376.24,2025-02-25,加班,房租
20250110HR32VZ,expense,6343.08,2025-01-10,外卖,房租
20250905DECCMG,expense,3872.58,2025-09-05,学习,娱乐
20250115PMRK0G,expense,4948.58,2025-01-15,补贴,交通
20250926D7DD04,expense,2932.82,2025-09-26,报销,其他
20250426BFNN74,expense,4227.42,2025-04-26,加班,娱乐
20250802THO3CK,expense,761.20,2025-08-02,购物,房租
202509173CXYL6,expense,929.47,2025-09-17,购物,房租
20250201RV3221,expense,7347.74,2025-02-01,正常,食物
20251023KR6NTH,expense,6485.87,2025-10-23,购物,食物
20251218CFP05L,expense,74.52,2025-12-18,外卖,房租
202501079VXS6L,expense,6539.00,2025-01-07,补贴,房租
202510253GA2TD,expense,3302.31,2025-10-25,补贴,房租
20250806QGT8FN,expense,5427.85,2025-08-06,购物,食物
20250411S3NZ8G,expense,8160.48,2025-04-11,购物,食物
202511039YRMX4,expense,6546.95,2025-11-03,学习,食物
20251107GHYDU2,expense,5151.90,2025-11-07,补贴,其他
20250917N6BDWU,expense,8187.76,2025-09-17,差旅,食物
20250717WUECNN,expense,4052.06,2025-07-17,购物,娱乐
20250313KWFDAG,expense,6290.31,2025-03-13,差旅,娱乐
20250617XVWQQT,expense,6858.19,2025-06-17,购物,房租
202502225W7V5Y,expense,8086.03,2025-02-22,生活费,其他
20251102JQ8KUG,expense,3621.00,2025-11-02,正常,其他
20250113Z85HCC,expense,4977.63,2025-01-13,补贴,食物
20250526DMOGON,expense,46.49,2025-05-26,加班,娱乐
202507190PH911,expense,5095.82,2025-07-19,加班,娱乐
20250814D915UV,expense,4001.39,2025-08-14,差旅,食物
20251006UXLMSX,expense,2080.06,2025-10-06,加班,食物
20250619N9GMO6,expense,2524.62,2025-06-19,差旅,娱乐
20250415M16RO3,expense,3371.23,2025-04-15,外卖,娱乐
20250707AGKQIK,expense,7708.92,2025-07-07,娱乐,交通
20250816ZLFBU2,expense,5864.06,2025-08-16,外卖,其他
2025020992HA5I,expense,3181.01,2025-02-09,娱乐,交通
20250928UDTD0Y,expense,8777.22,2025-09-28,补贴,娱乐
20250809FPX7MP,expense,6213.10,2025-08-09,正常,食物
2025121755ZIB9,expense,5981.15,2025-12-17,正常,房租
20251108XCPIQS,expense,614.37,2025-11-08,加班,食物
2025030227Y24Y,expense,2513.85,2025-03-02,学习,交通
20250817KSCTKO,expense,7207.26,2025-08-17,正常,食物
202506012V7K3B,expense,7997.96,2025-06-01,购物,房租
20251112APOMLW,expense,7462.91,2025-11-12,外卖,房租
202502214HSM8Y,expense,2816.09,2025-02-21,生活费,娱乐
202504250ZQF4J,expense,9396.98,2025-04-25,学习,娱乐
20250412UZHJ60,expense,3104.42,2025-04-12,外卖,其他
202503015DOMK3,expense,8501.36,2025-03-01,学习,房租
20250210W1YY7Q,expense,3417.52,2025-02-10,娱乐,交通
20250528WPA6ON,expense,7066.47,2025-05-28,补贴,食物
202508024UXGW3,expense,4536.49,2025-08-02,正常,交通
20251023LA7O45,expense,3365.85,2025-10-23,外卖,娱乐
20250313EK31M1,expense,6332.81,2025-03-13,差旅,交通
202503016QJO6W,expense,4881.64,2025-03-01,报销,食物
20251008NQ0XLN,expense,481.21,2025-10-08,正常,娱乐
20250422NMNLYB,expense,2019.79,2025-04-22,购物,娱乐
20250115YFLILU,expense,1697.36,2025-01-15,生活费,交通
20250323EAZMYW,expense,2937.14,2025-03-23,购物,其他
2025120537K7EX,expense,8993.95,2025-12-05,报销,交通
20251217VZMV4P,expense,6758.21,2025-12-17,购物,交通
20251207W4DUH5,expense,8156.47,2025-12-07,生活费,房租
20250901OAYHHI,expense,8847.14,2025-09-01,补贴,交通
202503170P7LOC,expense,9047.71,2025-03-17,正常,食物
20250209R24TPE,expense,221.33,2025-02-09,正常,交通
20250123QP922U,expense,5097.47,2025-01-23,报销,房租
20251118FOA098,expense,1256.11,2025-11-18,加班,交通
20251118WJ8AI3,expense,2718.79,2025-11-18,生活费,房租
20251018RZDQN7,expense,8900.20,2025-10-18,正常,房租
20250907LC2JI6,expense,464.09,2025-09-07,差旅,房租
20250820K5X5I3,expense,1843.02,2025-08-20,学习,交通
2025110115WYWN,expense,2026.47,2025-11-01,娱乐,房租
20250927T3PNRT,expense,4430.41,2025-09-27,购物,娱乐
202506153PHU7S,expense,577.62,2025-06-15,购物,其他
202503087XKFJ2,expense,8473.84,2025-03-08,正常,房租
20250316WD8L5Z,expense,2328.16,2025-03-16,正常,交通
20251125GJFTJE,expense,4539.03,2025-11-25,外卖,食物
20250924A0JR1N,expense,4920.97,2025-09-24,正常,食物
20251011QWKWCI,expense,8959.72,2025-10-11,补贴,其他
20250124M08OA3,expense,2977.48,2025-01-24,生活费,食物
20250423HY8J22,expense,3986.84,2025-04-23,外卖,娱乐
20250302N7PW74,expense,4840.68,2025-03-02,购物,房租
2025082156XXWF,expense,4929.34,2025-08-21,报销,食物
20250219EQVM7N,expense,5846.86,2025-02-19,报销,娱乐
20251225DUTK2F,expense,7254.51,2025-12-25,学习,其他
20250702N5JZNF,expense,5602.91,2025-07-02,差旅,其他
20250820JM2ATR,expense,8711.98,2025-08-20,报销,食物
20250222FYXKZ0,expense,4724.63,2025-02-22,生活费,娱乐
20250224W11JG2,expense,3091.92,2025-02-24,购物,交通
20250208LXW2RG,expense,4830.69,2025-02-08,加班,其他
202508247UQGKQ,expense,1010.44,2025-08-24,娱乐,其他
20250403KNNE5A,expense,6192.86,2025-04-03,补贴,娱乐
2025021555KNH2,expense,2368.60,2025-02-15,购物,交通
20250901WEWB4P,expense,6303.89,2025-09-01,正常,交通
20251203EV6SNG,expense,8638.78,2025-12-03,加班,食物
20251214V51Y9C,expense,6138.58,2025-12-14,报销,房租
2025032600ZJYI,expense,8510.02,2025-03-26,加班,食物
202502081KKK0S,expense,8082.15,2025-02-08,补贴,交通
20250116TLRZRM,expense,7505.22,2025-01-16,加班,房租
20250706301L3S,expense,732.16,2025-07-06,报销,其他
20251105LQEWFO,expense,9606.69,2025-11-05,正常,食物
20251123ZRINY9,expense,5710.98,2025-11-23,正常,其他
20251111DWKK9L,expense,5481.50,2025-11-11,购物,交通
20250816HDOJGR,expense,8186.06,2025-08-16,加班,其他
20250724FBW4NH,expense,6237.23,2025-07-24,补贴,食物
202511171G6A6U,expense,9523.36,2025-11-17,学习,房租
20250322KQ4XBQ,expense,2448.02,2025-03-22,差旅,房租
20250225RYVEB5,expense,2755.99,2025-02-25,生活费,房租
20251211AOUCV2,expense,4546.84,2025-12-11,差旅,食物
202507200QOMO8,expense,3149.17,2025-07-20,外卖,食物
20250208KLF3VH,expense,7194.38,2025-02-08,补贴,其他
20251127DTMTWD,expense,7789.96,2025-11-27,生活费,房租
20250522U09X8B,expense,9405.66,2025-05-22,外卖,房租
20250723EXPLB0,expense,898.17,2025-07-23,差旅,交通
202505091YJARD,expense,3604.22,2025-05-09,正常,交通
20250507M6N38T,expense,9052.50,2025-05-07,加班,房租
20250717X2W1X7,expense,9617.07,2025-07-17,购物,娱乐
20250324WII402,expense,622.14,2025-03-24,补贴,房租
20250418PZP5S9,expense,6357.52,2025-04-18,报销,交通
20250811H53EXF,expense,3786.71,2025-08-11,生活费,交通
20250823NCFP9Y,expense,8441.59,2025-08-23,购物,娱乐
20250414U9883T,expense,2045.03,2025-04-14,补贴,房租
20251208E7GZ55,expense,2463.06,2025-12-08,报销,交通
20250511DWOYOM,expense,4942.49,2025-05-11,加班,房租
20250526G975R0,expense,7005.24,2025-05-26,学习,交通
202509072TMZ8F,expense,895.93,2025-09-07,补贴,食物
20250916FA3N4Z,expense,3246.86,2025-09-16,外卖,交通
20250715CUB5O0,expense,2552.60,2025-07-15,加班,交通
20251224QS6079,expense,2157.21,2025-12-24,娱乐,房租
202506217A2L9Z,expense,4996.17,2025-06-21,正常,食物
20250127EH9XBG,expense,726.33,2025-01-27,购物,交通
20250909MZ7KZM,expense,9105.83,2025-09-09,差旅,房租
20251225KK71KS,expense,8883.32,2025-12-25,学习,房租
20250107MM5BYE,expense,3680.83,2025-01-07,外卖,其他
202503269QE2XD,expense,6295.58,2025-03-26,正常,交通
20251022OD9SWR,expense,8447.88,2025-10-22,正常,食物
20250118LHXLIU,expense,6003.48,2025-01-18,外卖,娱乐
202504275Z74U0,expense,4518.71,2025-04-27,补贴,食物
20250205EGNUDR,expense,1564.65,2025-02-05,学习,房租
202502057YIKS0,expense,7725.69,2025-02-05,外卖,其他
2025090332AYUI,expense,2925.60,2025-09-03,购物,房租
20250912HYY4PM,expense,6209.07,2025-09-12,学习,房租
20250410MX6ER3,expense,1686.04,2025-04-10,生活费,其他
20250625J87MX8,expense,7765.60,2025-06-25,娱乐,其他
20251007F749Q7,expense,3656.38,2025-10-07,加班,食物
202506258CILH1,expense,7764.19,2025-06-25,正常,食物
20251205CJL3GZ,expense,5747.57,2025-12-05,补贴,其他
20250922KIVUZL,expense,6729.08,2025-09-22,生活费,交通
20251010MA8JW3,expense,7255.05,2025-10-10,补贴,其他
20250615B516CB,expense,6384.54,2025-06-15,正常,其他
20250205PZPYZA,expense,7388.19,2025-02-05,正常,食物
202506187Y0VNN,expense,2004.03,2025-06-18,补贴,房租
202510285R5YER,expense,9046.65,2025-10-28,外卖,娱乐
202512213Y1J6D,expense,5085.99,2025-12-21,补贴,交通
20250612XL6PEK,expense,9345.45,2025-06-12,生活费,房租
202503100WWTOU,expense,5084.47,2025-03-10,加班,其他
20250822P50CLO,expense,5949.83,2025-08-22,差旅,食物
20251121XI9RVM,expense,2318.73,2025-11-21,加班,食物
20250417J2BC6F,expense,382.47,2025-04-17,购物,食物
20251009NTGHHM,expense,114.25,2025-10-09,报销,娱乐
2025091529BSRS,expense,6698.70,2025-09-15,外卖,交通
20250923ZHJBLG,expense,959.47,2025-09-23,正常,交通
202507258NN1SI,expense,1368.25,2025-07-25,报销,交通
20250315BCU7TL,expense,9071.02,2025-03-15,娱乐,交通
20250911JRAAXE,expense,2554.17,2025-09-11,正常,其他
20250528FDS984,expense,9881.42,2025-05-28,外卖,娱乐
20250620RMZB8Y,expense,8799.22,2025-06-20,生活费,交通
20250918KSNBLQ,expense,6566.57,2025-09-18,生活费,交通
2025112699WIAL,expense,2143.91,2025-11-26,加班,食物
202507228I700A,expense,3259.59,2025-07-22,差旅,其他
20250726M132JA,expense,844.03,2025-07-26,正常,其他
202502121LZ704,expense,2311.78,2025-02-12,生活费,房租
20250612QG0NKM,expense,9177.01,2025-06-12,购物,交通
20250521X99S7O,expense,2146.66,2025-05-21,补贴,房租
20250507YYJR0H,expense,9650.14,2025-05-07,生活费,娱乐
20250721M697GL,expense,9433.83,2025-07-21,差旅,其他
20251121DB83NN,expense,2097.32,2025-11-21,娱乐,交通
20250911D7BL7P,expense,2817.26,2025-09-11,娱乐,娱乐
20251001QRUZY6,expense,4208.29,2025-10-01,学习,娱乐
20251015035WPU,expense,222.19,2025-10-15,生活费,食物
20250913V3SE3D,expense,5143.46,2025-09-13,加班,娱乐
20250114A5FC2D,expense,9703.71,2025-01-14,购物,其他
20250911OXR56H,expense,1948.09,2025-09-11,娱乐,交通
20251004RW99DZ,expense,3218.18,2025-10-04,差旅,食物
20250423JYQ36C,expense,6106.61,2025-04-23,差旅,交通
20251104GNBHQT,expense,8623.59,2025-11-04,学习,娱乐
202506205NM9CA,expense,4567.47,2025-06-20,娱乐,交通
20250308B8OA4L,expense,6810.32,2025-03-08,生活费,娱乐
20250325QRT7QN,expense,8927.83,2025-03-25,加班,食物
20250528B2WP14,expense,137.11,2025-05-28,差旅,交通
20250614PKDZ2E,expense,3231.71,2025-06-14,正常,房租
20250723HKP38K,expense,1911.38,2025-07-23,生活费,其他
20250724S9AY11,expense,6583.21,2025-07-24,购物,其他
20250713P8YYXN,expense,7860.43,2025-07-13,差旅,房租
20251218DK42QM,expense,5431.05,2025-12-18,学习,交通
20250324SA0F2F,expense,4179.79,2025-03-24,差旅,其他
20251015HLEJ5G,expense,9196.04,2025-10-15,报销,交通
20250925AOGT7E,expense,5703.98,2025-09-25,报销,交通
20250309J0LEQR,expense,5599.23,2025-03-09,报销,交通
20250510FA26Z3,expense,9650.37,2025-05-10,学习,娱乐
20250116LG0S0Q,expense,7362.28,2025-01-16,报销,房租
20250614HKHAAQ,expense,7234.08,2025-06-14,购物,食物
20250608RVAN0E,expense,3088.78,2025-06-08,差旅,食物
20250809EHK23U,expense,1537.79,2025-08-09,报销,娱乐
20251103VZ5VC3,expense,3449.09,2025-11-03,正常,娱乐
20250419JR9EWD,expense,2016.34,2025-04-19,生活费,娱乐
20251111S5UBSZ,expense,1087.09,2025-11-11,购物,食物
20250403LFPKQF,expense,1416.69,2025-04-03,差旅,其他
20251205LLZ0WQ,expense,2792.65,2025-12-05,生活费,房租
20251106N14174,expense,5415.59,2025-11-06,补贴,食物
202505086M4RSH,expense,3145.80,2025-05-08,学习,交通
20250806ELONZI,expense,731.28,2025-08-06,外卖,房租
20250805U35YXB,expense,8819.60,2025-08-05,生活费,食物
20250225JPOGUR,expense,8756.22,2025-02-25,加班,交通
20250416RC86BO,expense,7140.43,2025-04-16,学习,其他
20250204KKYG8H,expense,5267.84,2025-02-04,娱乐,娱乐
202506165PCKIQ,expense,2276.03,2025-06-16,娱乐,交通
20250116WVTW8F,expense,9618.93,2025-01-16,生活费,房租
20250415C2G3K9,expense,5315.02,2025-04-15,差旅,娱乐
20251117E10G9E,expense,2216.88,2025-11-17,学习,食物
20251005OFYKKT,expense,1956.30,2025-10-05,生活费,其他
202502208QQGTE,expense,3107.05,2025-02-20,购物,其他
20250119TIQM7L,expense,1008.76,2025-01-19,差旅,其他
20250123198BTW,expense,905.26,2025-01-23,娱乐,交通
20250807VGQ5H1,expense,8690.59,2025-08-07,加班,交通
20251201ILZR2O,expense,6067.48,2025-12-01,学习,其他
20250623249NWN,expense,978.44,2025-06-23,差旅,其他
20250411WCLT2A,expense,2192.16,2025-04-11,外卖,娱乐
20251120X0NETW,expense,1688.14,2025-11-20,补贴,交通
20250815YGMX2R,expense,1723.51,2025-08-15,学习,房租
20251015R8JX86,expense,119.83,2025-10-15,外卖,食物
20251015C6M7L9,expense,8977.53,2025-10-15,外卖,其他
20251219TUP830,expense,6220.22,2025-12-19,生活费,房租
20250810JA83W3,expense,2826.62,2025-08-10,报销,其他
20251117QKWML8,expense,9562.37,2025-11-17,生活费,其他
20251204D7273R,expense,2858.38,2025-12-04,学习,其他
20250412CMJX8Z,expense,6587.51,2025-04-12,差旅,其他
202511253MO2KL,expense,7292.32,2025-11-25,学习,食物
20251220MAOX6U,expense,4733.75,2025-12-20,外卖,食物
202511098K9C6P,expense,8563.91,2025-11-09,正常,娱乐
20250619ATMXF2,expense,14.19,2025-06-19,购物,食物
20251125E8KKBP,expense,2118.68,2025-11-25,补贴,交通
20250707DAAIEY,expense,7358.36,2025-07-07,加班,房租
20250321F6VDA4,expense,6719.76,2025-03-21,差旅,食物
202507205UD8DH,expense,1320.89,2025-07-20,购物,食物
20250202B5S4SD,expense,7.77,2025-02-02,正常,娱乐
20251217KCX95C,expense,7029.26,2025-12-17,加班,房租
20251211EUT2L2,expense,1752.81,2025-12-11,正常,食物
20250906P8REOW,expense,2997.63,2025-09-06,补贴,其他
20251117BKZ3W3,expense,2183.68,2025-11-17,学习,房租
2025040245KY2H,expense,3714.93,2025-04-02,生活费,房租
20250116CJY46U,expense,5877.91,2025-01-16,正常,娱乐
202509222MHCQN,expense,4811.27,2025-09-22,娱乐,食物
20250721D12IKE,expense,1962.89,2025-07-21,差旅,交通
20251127T5E8XA,expense,2066.00,2025-11-27,娱乐,娱乐
20250405W6MG9R,expense,3909.56,2025-04-05,学习,娱乐
20251004IVHOYD,expense,2171.06,2025-10-04,正常,其他
202508246FSDF0,expense,7868.23,2025-08-24,生活费,其他
20251104FMLAHY,expense,9338.96,2025-11-04,购物,房租
20250221MW7T2V,expense,5300.12,2025-02-21,补贴,交通
20251215K0M1Q0,expense,2255.17,2025-12-15,生活费,食物
20250205ZQPEVE,expense,9076.21,2025-02-05,报销,交通
20251224VPUE7X,expense,232.92,2025-12-24,学习,其他
20250412Q278JF,expense,932.51,2025-04-12,报销,娱乐
20251020JPAOWP,expense,2796.04,2025-10-20,生活费,交通
20250915DHMWHI,expense,5348.58,2025-09-15,购物,交通
20250617EFOZK5,expense,2536.75,2025-06-17,正常,交通
20251223SON4VI,expense,8611.41,2025-12-23,报销,娱乐
20250210LDSKC3,expense,9360.11,2025-02-10,外卖,其他
20250904JK9EU7,expense,3462.90,2025-09-04,娱乐,房租
20250328VMPK8G,expense,3035.78,2025-03-28,差旅,娱乐
20251005KHO6N5,expense,5914.95,2025-10-05,差旅,娱乐
20250310XV4CI4,expense,547.80,2025-03-10,生活费,交通
2025070102IZVW,expense,2944.15,2025-07-01,差旅,其他
20250302EWGMT8,expense,5232.44,2025-03-02,外卖,食物
20250414ACM8X2,expense,2362.16,2025-04-14,加班,其他
2025070761BK5J,expense,4697.11,2025-07-07,娱乐,其他
20250218DFDE64,expense,8751.82,2025-02-18,差旅,其他
202502028ZX0TR,expense,3550.61,2025-02-02,差旅,娱乐
2025110990L5VX,expense,9296.65,2025-11-09,报销,娱乐
20250317JAV3O1,expense,7661.89,2025-03-17,差旅,食物
20250418CVN89D,expense,2414.88,2025-04-18,加班,其他
20250204B76TZC,expense,3015.80,2025-02-04,娱乐,食物
20250817FGWGIT,expense,1873.21,2025-08-17,差旅,食物
20250505RFEYTJ,expense,229.91,2025-05-05,差旅,交通
202510222O7QSS,expense,3134.58,2025-10-22,购物,食物
20251118GMLJWI,expense,8981.97,2025-11-18,外卖,食物
20250427VZ9LF3,expense,2030.66,2025-04-27,生活费,房租
202507024TTDMT,expense,6627.32,2025-07-02,生活费,娱乐
20250821DJI8UP,expense,2766.18,2025-08-21,外卖,交通
20251024EC2XAS,expense,6270.04,2025-10-24,生活费,其他
202509059T92A7,expense,6671.35,2025-09-05,购物,房租
20250612LJK1Y6,expense,5841.75,2025-06-12,生活费,娱乐
20250317SADZFH,expense,4579.04,2025-03-17,学习,房租
20250304DTU0KD,expense,1042.00,2025-03-04,购物,食物
2025080673U45R,expense,1418.73,2025-08-06,正常,交通
20250118OGR4WQ,expense,3731.79,2025-01-18,生活费,交通
202506054P096A,expense,5616.66,2025-06-05,差旅,房租
20250422J497S8,expense,3210.06,2025-04-22,正常,房租
20250104G3I3OT,expense,2076.75,2025-01-04,学习,食物
20250326KIZ3TG,expense,9879.57,2025-03-26,外卖,其他
20250227249P5U,expense,2910.81,2025-02-27,正常,房租
20251207W4S4JM,expense,2634.53,2025-12-07,外卖,其他
20251119SEE75B,expense,60.94,2025-11-19,娱乐,房租
20250503KS3FB6,expense,1719.83,2025-05-03,补贴,其他
202506260TV88S,expense,2994.99,2025-06-26,正常,食物
202509241RL6IH,expense,7183.28,2025-09-24,学习,房租
20251018725OZ5,expense,1246.86,2025-10-18,正常,交通
20251001SIYJD9,expense,1476.76,2025-10-01,购物,房租
20250804KHOLLS,expense,1389.63,2025-08-04,购物,娱乐
20251006J6XYWE,expense,1984.67,2025-10-06,购物,房租
2025070571SIBC,expense,9244.08,2025-07-05,报销,娱乐
20250611KYLNRH,expense,2763.97,2025-06-11,外卖,交通
20250712Z94ZD7,expense,486.37,2025-07-12,外卖,其他
20250714C4K2I3,expense,9136.15,2025-07-14,正常,食物
20250802R02AO6,expense,1726.55,2025-08-02,娱乐,食物
202512189CNZFK,expense,6722.68,2025-12-18,学习,娱乐
2025041122BQRZ,expense,9729.00,2025-04-11,购物,房租
20250506NW6V14,expense,7128.22,2025-05-06,购物,交通
20250623TD0KCU,expense,1058.99,2025-06-23,报销,娱乐
20250913BOIL9Q,expense,1882.52,2025-09-13,娱乐,其他
20250206CG0KYS,expense,986.30,2025-02-06,加班,房租
20250724E2YC17,expense,4863.04,2025-07-24,加班,娱乐
20250112CORUC1,expense,1554.69,2025-01-12,生活费,房租
20250314A2JXCZ,expense,1565.95,2025-03-14,学习,食物
20250720POF2AO,expense,280.44,2025-07-20,差旅,其他
20250820QR6Q2U,expense,2101.53,2025-08-20,加班,娱乐
20251224R7NFWY,expense,4964.46,2025-12-24,正常,其他
2025121595K0OU,expense,4064.76,2025-12-15,娱乐,房租
20250511C4WV6V,expense,269.32,2025-05-11,正常,交通
20250714E17PBZ,expense,8786.02,2025-07-14,生活费,其他
20250411MYO76G,expense,9044.20,2025-04-11,报销,食物
202505048XJ6VI,expense,6401.06,2025-05-04,外卖,交通
202506034C57YE,expense,4931.18,2025-06-03,外卖,交通
202503060C3IF6,expense,2106.56,2025-03-06,外卖,其他
20250101171DCG,expense,5882.97,2025-01-01,正常,交通
20250725R3C45W,expense,5881.87,2025-07-25,娱乐,交通
20251223VSORMU,expense,5951.08,2025-12-23,补贴,交通
20250910QH6AX4,expense,427.04,2025-09-10,正常,交通
202508081QP9R7,expense,6633.56,2025-08-08,购物,娱乐
20250208ATRMT4,expense,7049.15,2025-02-08,加班,娱乐
20250606H5UWE5,expense,5088.58,2025-06-06,生活费,其他
20250926HEROEO,expense,43.06,2025-09-26,外卖,交通
20251228GXDDM9,expense,4044.86,2025-12-28,娱乐,房租
20250106D9EZWB,expense,8543.00,2025-01-06,加班,其他
20250602E41F8N,expense,3664.23,2025-06-02,补贴,食物
202509203Q18NT,expense,5965.02,2025-09-20,加班,交通
20250905QII4XP,expense,4058.59,2025-09-05,差旅,食物
20251220D0ULL2,expense,3249.11,2025-12-20,补贴,娱乐
20251006RSW9PS,expense,6112.23,2025-10-06,正常,交通
20250121GP5AFH,expense,7004.95,2025-01-21,报销,食物
20250421AP35U0,expense,81.95,2025-04-21,差旅,其他
20250703GU8DDX,expense,7983.50,2025-07-03,差旅,娱乐
202512037HJDEB,expense,8703.44,2025-12-03,补贴,其他
202510206O2HOW,expense,8525.45,2025-10-20,学习,交通
20251121HCWE5I,expense,1053.03,2025-11-21,娱乐,娱乐
20250906YYIJ5P,expense,8740.25,2025-09-06,补贴,食物
20250225WWVKFC,expense,4050.54,2025-02-25,加班,娱乐
20251212WHYNDE,expense,4720.62,2025-12-12,娱乐,食物
20251016HBC7SL,expense,5553.22,2025-10-16,补贴,房租
20250224S7ZNSH,expense,5748.36,2025-02-24,报销,娱乐
20251106TM4RYE,expense,9355.35,2025-11-06,外卖,娱乐
20250905ZXK4J7,expense,6798.41,2025-09-05,加班,交通
20250706T4C2G3,expense,2060.88,2025-07-06,外卖,娱乐
20251011GM8TBI,expense,7518.72,2025-10-11,差旅,其他
20250107XZO25Z,expense,4901.56,2025-01-07,学习,娱乐
20251217WP8TUJ,expense,6026.23,2025-12-17,购物,其他
20251224ARXUME,expense,2436.15,2025-12-24,加班,娱乐
20250922GYBJJ5,expense,2969.50,2025-09-22,学习,房租
202506050VEC7L,expense,229.78,2025-06-05,生活费,食物
20250311S3N8X4,expense,7363.05,2025-03-11,报销,其他
20251201GSSUWB,expense,2524.89,2025-12-01,学习,娱乐
20250908QEKZVT,expense,2970.04,2025-09-08,补贴,食物
20250317H5A77Y,expense,2825.46,2025-03-17,娱乐,交通
2025061896Q31E,expense,7870.25,2025-06-18,加班,房租
20251001XLZJLB,expense,1712.40,2025-10-01,娱乐,房租
202512185RECN0,expense,3963.20,2025-12-18,生活费,房租
20250413T6J5UN,expense,8459.51,2025-04-13,娱乐,娱乐
20251025WVS7VQ,expense,1439.42,2025-10-25,购物,其他
20250722OKJQ60,expense,8005.95,2025-07-22,生活费,食物
20250404TIA822,expense,8451.33,2025-04-04,购物,食物
202503136QRMRQ,expense,1662.35,2025-03-13,报销,交通
2025030381F9Y1,expense,2864.16,2025-03-03,加班,其他
20250810OUZ7KU,expense,2765.03,2025-08-10,购物,娱乐
20250918GHZF54,expense,4099.62,2025-09-18,外卖,娱乐
202501063RCG7Z,expense,670.55,2025-01-06,加班,食物
20250711EWPW7U,expense,4887.29,2025-07-11,加班,其他
20250118L31P6N,expense,4112.95,2025-01-18,购物,娱乐
20250719087F4K,expense,4742.37,2025-07-19,差旅,房租
20250926QW5GZS,expense,6370.16,2025-09-26,外卖,其他
20250608BA3AYZ,expense,2899.19,2025-06-08,差旅,食物
20250127G61AIV,expense,5667.01,2025-01-27,加班,娱乐
20251024AOHC3P,expense,3423.81,2025-10-24,学习,房租
202501011FHC03,expense,9292.51,2025-01-01,学习,食物
20250804WG7UJQ,expense,5774.76,2025-08-04,外卖,娱乐
20250415EJMJN3,expense,3811.07,2025-04-15,补贴,房租
202508125PWR4H,expense,8541.65,2025-08-12,娱乐,食物
20250705REAJKK,expense,4358.74,2025-07-05,加班,其他
202507152ZR6MK,expense,8187.98,2025-07-15,购物,食物
2025121951XSFL,expense,5161.79,2025-12-19,加班,房租
20251123IHY92C,expense,1401.64,2025-11-23,正常,娱乐
20251012673HEX,expense,2533.69,2025-10-12,生活费,娱乐
20251124Q1CYX3,expense,407.77,2025-11-24,差旅,房租
20250920302T37,expense,5622.97,2025-09-20,娱乐,娱乐
20250514GNCO0I,expense,9397.95,2025-05-14,外卖,食物
2025030811GN9E,expense,6632.07,2025-03-08,生活费,其他
20250425J0V580,expense,9898.57,2025-04-25,正常,房租
20251013G5D11L,expense,4855.36,2025-10-13,差旅,食物
202511246QKGP6,expense,1517.11,2025-11-24,外卖,交通
202502174XG375,expense,7225.83,2025-02-17,补贴,交通
20250922S2JJU6,expense,7366.49,2025-09-22,生活费,交通
20250622UOPYJI,expense,5648.89,2025-06-22,差旅,娱乐
202508225BIM1H,expense,3496.52,2025-08-22,学习,交通
20250228I0UCBN,expense,5289.05,2025-02-28,外卖,其他
20250709WG6FCY,expense,4982.97,2025-07-09,加班,娱乐
20251202UVHJE4,expense,7780.05,2025-12-02,补贴,娱乐
20250722GTQOEV,expense,5750.76,2025-07-22,购物,其他
20250112RN7UIR,expense,3622.42,2025-01-12,外卖,食物
202503181HCGGN,expense,7790.57,2025-03-18,购物,其他
20250105IZP7AB,expense,5946.99,2025-01-05,学习,交通
20250102U77VIW,expense,5554.59,2025-01-02,学习,交通
2025022026XG8W,expense,6392.92,2025-02-20,购物,食物
20250223JMDI16,expense,576.49,2025-02-23,差旅,交通
202501125D4RCG,expense,6231.07,2025-01-12,补贴,交通
20250521KRZAS7,expense,2992.85,2025-05-21,生活费,食物
20251017AUBE1V,expense,6862.00,2025-10-17,学习,其他
20250223GCQ7U3,expense,8691.00,2025-02-23,正常,交通
20251018YRZ79D,expense,6842.30,2025-10-18,差旅,其他
202502181URO9J,expense,815.48,2025-02-18,补贴,交通
202504233REB4S,expense,3748.46,2025-04-23,加班,娱乐
20250821PTY01B,expense,2076.29,2025-08-21,娱乐,食物
20250104INHZGK,expense,9001.15,2025-01-04,外卖,交通
20250515HB4LT2,expense,4215.59,2025-05-15,娱乐,娱乐
20251007LWJ29F,expense,1246.98,2025-10-07,外卖,食物
20250217FEIG5S,expense,2201.74,2025-02-17,外卖,房租
20250718MT7JWB,expense,104.28,2025-07-18,补贴,其他
20250506VDWR0A,expense,4682.04,2025-05-06,外卖,其他
20250208517NML,expense,8109.18,2025-02-08,补贴,交通
20250120F2QN6X,expense,5727.48,2025-01-20,正常,交通
202510081D0YC1,expense,8849.56,2025-10-08,差旅,交通
202502043KSAWI,expense,9445.27,2025-02-04,正常,交通
20250617ECQHWM,expense,8487.97,2025-06-17,差旅,房租
20251027U1X8OH,expense,1922.45,2025-10-27,加班,交通
20251101QHD1D8,expense,5355.71,2025-11-01,加班,房租
20251225PBZMC8,expense,2191.74,2025-12-25,外卖,娱乐
202505043WXFQ6,expense,5602.27,2025-05-04,娱乐,娱乐
202506074YPO6R,expense,7403.62,2025-06-07,娱乐,交通
202502121BM2CP,expense,1910.99,2025-02-12,报销,食物
20250113S6HTPZ,expense,3767.80,2025-01-13,正常,食物
20250804ZQLUN4,expense,8025.71,2025-08-04,报销,娱乐
20250405YKDZTD,expense,306.34,2025-04-05,外卖,其他
202501223O0640,expense,9964.89,2025-01-22,购物,房租
20250307L8XYFF,expense,6409.71,2025-03-07,生活费,娱乐
20251118UTFBYA,expense,5139.29,2025-11-18,正常,娱乐
202508252TX845,expense,1669.82,2025-08-25,报销,食物
202506040PISQ6,expense,7488.64,2025-06-04,差旅,其他
20250407H6KI9F,expense,5576.63,2025-04-07,生活费,房租
20250214HK8RHI,expense,7649.74,2025-02-14,生活费,娱乐
20250622DFM1DI,expense,9101.91,2025-06-22,生活费,交通
20250104CCHD3K,expense,3233.83,2025-01-04,娱乐,其他
202504157TX1CC,expense,867.68,2025-04-15,报销,房租
20250521VEK257,expense,7983.03,2025-05-21,娱乐,娱乐
20250819TIWWU7,expense,9438.57,2025-08-19,生活费,交通
2025121668GE3K,expense,3382.43,2025-12-16,补贴,其他
2025082829FTD1,expense,1795.68,2025-08-28,购物,交通
20250819ESOHFW,expense,7217.83,2025-08-19,加班,交通
20251005TYVHFJ,expense,374.30,2025-10-05,生活费,交通
202511118TA7FY,expense,5057.06,2025-11-11,娱乐,娱乐
2025092466T746,expense,3290.16,2025-09-24,加班,房租
202505098P2Y74,expense,790.41,2025-05-09,生活费,其他
20250427YFQ94U,expense,3804.23,2025-04-27,外卖,其他
20251221478O0T,expense,5391.87,2025-12-21,购物,交通
20250610F9AHFU,expense,260.26,2025-06-10,报销,其他
20250522X7PMZU,expense,9960.72,2025-05-22,差旅,房租
20250907DB2OWT,expense,9410.40,2025-09-07,外卖,食物
20250819452X9B,expense,6982.64,2025-08-19,正常,食物
20250802G63XIJ,expense,4713.62,2025-08-02,正常,食物
20250701BGYR0C,expense,9960.43,2025-07-01,补贴,其他
20250213CQCIA2,expense,8386.56,2025-02-13,报销,交通
20250509OF8UKM,expense,5956.43,2025-05-09,加班,交通
20250804YCNTC6,expense,4167.47,2025-08-04,学习,其他
20251028QDAIQ5,expense,2356.85,2025-10-28,生活费,娱乐
20251207RGTJS4,expense,5842.39,2025-12-07,学习,交通
20250714QDU08W,expense,725.79,2025-07-14,补贴,娱乐
20250113LJORQ3,expense,8618.70,2025-01-13,报销,食物
202503132ILY86,expense,7860.47,2025-03-13,购物,娱乐
2025122848J2LG,expense,1858.44,2025-12-28,娱乐,食物
20251207FGMQV1,expense,7116.61,2025-12-07,生活费,交通
20250323XH2L11,expense,4263.63,2025-03-23,补贴,房租
20250511ZSP7PC,expense,6327.01,2025-05-11,补贴,其他
202504122D7QWT,expense,875.59,2025-04-12,报销,食物
20250121F3YGPC,expense,5319.12,2025-01-21,外卖,食物
20251020Z7SXNH,expense,2363.95,2025-10-20,报销,食物
20250904TUXEQX,expense,4664.74,2025-09-04,学习,交通
202506083QP4SJ,expense,5409.88,2025-06-08,生活费,交通
20251110TF7URP,expense,7150.17,2025-11-10,娱乐,其他
202506102QA0NK,expense,8079.08,2025-06-10,正常,食物
2025100365CJSM,expense,4510.62,2025-10-03,学习,其他
20250917DUW5PP,expense,7825.35,2025-09-17,生活费,娱乐
20250311Q9V9FB,expense,8243.40,2025-03-11,娱乐,娱乐
20250111ITPUAQ,expense,8149.53,2025-01-11,加班,其他
20251014YOJTZ0,expense,4246.06,2025-10-14,补贴,房租
202506051X04PQ,expense,6834.43,2025-06-05,生活费,娱乐
20250309MGSKYT,expense,4257.81,2025-03-09,补贴,食物
202509092BQUN1,expense,2890.19,2025-09-09,加班,交通
202512129NYW00,expense,8810.04,2025-12-12,学习,房租
20250207PN22WY,expense,5526.44,2025-02-07,加班,其他
20251119WHKHU7,expense,688.96,2025-11-19,购物,交通
20251221EA8XML,expense,1429.88,2025-12-21,正常,交通
20250526J4J3GI,expense,108.36,2025-05-26,购物,食物
20250914NFTJK1,expense,3625.05,2025-09-14,补贴,其他
20250517UYYA2A,expense,2366.71,2025-05-17,补贴,交通
20250610Y7CM97,expense,3526.07,2025-06-10,正常,其他
2025120180P02G,expense,5738.28,2025-12-01,差旅,其他
20250913QV6N52,expense,8399.20,2025-09-13,购物,其他
2025101378GY33,expense,1334.12,2025-10-13,购物,房租
20251113K9V81N,expense,278.34,2025-11-13,学习,食物
20250613PJILMX,expense,9050.82,2025-06-13,外卖,房租
20251022UPQ2L4,expense,456.45,2025-10-22,差旅,房租
202504044OWIML,expense,6572.04,2025-04-04,学习,其他
20250309YNHS8N,expense,1644.89,2025-03-09,学习,交通
20250713O1YW0A,expense,7853.22,2025-07-13,生活费,房租
20250509MYJMWA,expense,1694.55,2025-05-09,娱乐,房租
20250212QK9PSQ,expense,6253.55,2025-02-12,生活费,交通
20250520NDZVUV,expense,5316.68,2025-05-20,差旅,娱乐
202507205ZOJS5,expense,1455.25,2025-07-20,正常,其他
20250921CIMC7Z,expense,7957.20,2025-09-21,报销,房租
20250811Y3A8ER,expense,7137.98,2025-08-11,娱乐,交通
20250927ODD4B4,expense,8616.09,2025-09-27,娱乐,房租
202503165UG3TF,expense,7476.57,2025-03-16,正常,房租
20250905TX8Q6O,expense,4712.72,2025-09-05,生活费,房租
20250509SIWFKM,expense,8187.80,2025-05-09,外卖,食物
20251004BHS00T,expense,4858.49,2025-10-04,正常,交通
20250728PX6EPH,expense,5563.59,2025-07-28,报销,其他
20250527DLLIZK,expense,4577.95,2025-05-27,补贴,交通
20251116JV6HV5,expense,7863.70,2025-11-16,加班,娱乐
20250909MH09JQ,expense,3975.91,2025-09-09,购物,交通
20250118XRZBQL,expense,141.37,2025-01-18,报销,娱乐
202501103ZHKYI,expense,5296.84,2025-01-10,购物,房租
20250326M5BUFM,expense,9370.16,2025-03-26,补贴,房租
20251213PSYD2U,expense,7508.88,2025-12-13,学习,娱乐
20250928MS4NVN,expense,2110.86,2025-09-28,报销,交通
20250214BXKYBG,expense,8512.07,2025-02-14,购物,房租
20250615GH49G1,expense,5667.58,2025-06-15,报销,房租
20250125AVUL6B,expense,7971.98,2025-01-25,正常,交通
20250418QQTT6G,expense,5929.25,2025-04-18,购物,食物
20250910A1MQH8,expense,6440.25,2025-09-10,差旅,交通
2025021498JQR9,expense,8223.96,2025-02-14,娱乐,娱乐
20250623DKVXSS,expense,1277.13,2025-06-23,差旅,房租
20250809R4LO8X,expense,4870.94,2025-08-09,差旅,房租
20251027H5ZSQT,expense,7655.07,2025-10-27,娱乐,房租
202504284W5WHR,expense,6447.95,2025-04-28,购物,其他
20251125RNLFZD,expense,280.61,2025-11-25,娱乐,娱乐
20250420ILZSVV,expense,534.07,2025-04-20,补贴,食物
20250711GAQC1P,expense,3670.51,2025-07-11,生活费,娱乐
20250906IANIR8,expense,3362.62,2025-09-06,报销,交通
2025071346Y5BA,expense,6225.64,2025-07-13,购物,食物
20250920Z8LUTG,expense,5188.21,2025-09-20,外卖,交通
202503257MJ58M,expense,5657.28,2025-03-25,差旅,交通
20250923SL462E,expense,3169.39,2025-09-23,正常,其他
20250701MIN127,expense,7793.81,2025-07-01,加班,房租
2025112222ZS77,expense,7924.18,2025-11-22,差旅,交通
20251212N8ZS4D,expense,556.81,2025-12-12,正常,食物
20250701GGOSEN,expense,5180.12,2025-07-01,购物,其他
20250210DMV0YK,expense,5050.42,2025-02-10,娱乐,房租
20251015EWRK0B,expense,6214.22,2025-10-15,娱乐,娱乐
20251004AH5CMV,expense,4728.14,2025-10-04,学习,交通
20251221HSLMSF,expense,9312.46,2025-12-21,购物,娱乐
20250928E2COM9,expense,4538.24,2025-09-28,报销,娱乐
202506015DLELB,expense,7331.03,2025-06-01,加班,房租
202507025NN5T4,expense,158.36,2025-07-02,娱乐,食物
202512152BCFH9,expense,9299.82,2025-12-15,学习,娱乐
20250507YT3W8X,expense,326.31,2025-05-07,娱乐,房租
202508271YNGKW,expense,7453.77,2025-08-27,学习,娱乐
20250503HK65K5,expense,1305.77,2025-05-03,生活费,房租
20250116RFGKH7,expense,5573.12,2025-01-16,学习,娱乐
20250814WMUAYN,expense,2142.23,2025-08-14,娱乐,房租
2025040479IUJQ,expense,5538.18,2025-04-04,差旅,娱乐
2025071551FSJU,expense,6735.78,2025-07-15,购物,其他
20250310MM6R2G,expense,7663.87,2025-03-10,外卖,房租
20250806SWUWQ0,expense,286.26,2025-08-06,学习,食物
20250122SD9IZI,expense,1752.79,2025-01-22,学习,其他
20250501IM02HT,expense,3631.21,2025-05-01,加班,娱乐
20251019XMLOT4,expense,4630.69,2025-10-19,娱乐,交通
20250222UKFEW7,expense,8410.63,2025-02-22,娱乐,其他
20250419F3FT3R,expense,800.66,2025-04-19,差旅,娱乐
20250807DP7Q29,expense,4066.27,2025-08-07,加班,房租
20250803OJ2SAI,expense,7015.32,2025-08-03,加班,交通
20251023WC8K9R,expense,8160.13,2025-10-23,加班,食物
20250217E0H0OA,expense,3766.51,2025-02-17,加班,其他
2025072214RAO2,expense,9085.64,2025-07-22,正常,食物
202508216XSY61,expense,6555.10,2025-08-21,报销,房租
20250208XJN88M,expense,4120.15,2025-02-08,学习,食物
20251016UFO2VD,expense,3070.08,2025-10-16,补贴,其他
20250103ZDPRB9,expense,2652.54,2025-01-03,加班,食物
202511050AU7HJ,expense,596.38,2025-11-05,加班,食物
202503142U8LH8,expense,6885.34,2025-03-14,生活费,交通
202509067C4BG7,expense,6183.74,2025-09-06,生活费,娱乐
20251025U9NKD7,expense,8360.22,2025-10-25,外卖,娱乐
20250213TO7WVI,expense,5133.10,2025-02-13,生活费,房租
20250808GVRTJ6,expense,2164.51,2025-08-08,报销,房租
202502216803DU,expense,6794.62,2025-02-21,正常,其他
202502121JO190,expense,6784.68,2025-02-12,外卖,娱乐
202510116J8OLZ,expense,8028.04,2025-10-11,购物,其他
20250126JBJKKD,expense,7786.99,2025-01-26,补贴,食物
20251102KC5I4S,expense,4810.81,2025-11-02,报销,其他
202506263HUNZO,expense,1794.99,2025-06-26,生活费,食物
20250804YH2T5F,expense,9233.61,2025-08-04,学习,房租
20251120B9M9OP,expense,6361.70,2025-11-20,生活费,娱乐
20251019VUU1XD,expense,8196.29,2025-10-19,加班,其他
20250728PSIJK8,expense,993.87,2025-07-28,加班,房租
20251013K9DYQW,expense,6839.41,2025-10-13,购物,娱乐
20250307477XZ3,expense,1722.17,2025-03-07,加班,娱乐
202510112YH4G9,expense,7935.02,2025-10-11,外卖,交通
2025012561T26N,expense,2207.39,2025-01-25,生活费,房租
20250908SCSMIN,expense,8080.94,2025-09-08,加班,房租
20251017TPOW0W,expense,9411.92,2025-10-17,补贴,食物
20251227A49RWJ,expense,1740.46,2025-12-27,购物,食物
202506127QXWAY,expense,5987.16,2025-06-12,购物,娱乐
202501101YDVL1,expense,4860.73,2025-01-10,购物,交通
20251215YA4YFS,expense,3665.49,2025-12-15,外卖,娱乐
20251019U4H3Y0,expense,5333.58,2025-10-19,差旅,交通
20250125NZWVPF,expense,4882.76,2025-01-25,娱乐,娱乐
20250422C0UFJE,expense,1522.69,2025-04-22,报销,房租
2025050921CA55,expense,8334.15,2025-05-09,加班,其他
202512235MKYD3,expense,8177.31,2025-12-23,差旅,其他
20250121L9O9QH,expense,4457.36,2025-01-21,加班,房租
20250419WQ2I9C,expense,4308.88,2025-04-19,外卖,食物
20250404XZR2VH,expense,2938.00,2025-04-04,外卖,其他
202511133A75TA,expense,3597.31,2025-11-13,报销,娱乐
202512063COUGJ,expense,8160.54,2025-12-06,学习,交通
20250528XILHMQ,expense,9741.28,2025-05-28,差旅,交通
20251221833P2A,expense,4084.05,2025-12-21,差旅,房租
202509214QE4NH,expense,2850.26,2025-09-21,购物,食物
20251211KRF381,expense,9639.45,2025-12-11,补贴,娱乐
20250113ZW1A73,expense,500.00,2025-01-13,补贴,娱乐
20250227TQR43B,expense,6609.86,2025-02-27,生活费,其他
20250518MSECST,expense,2020.98,2025-05-18,补贴,交通
20250518113FXH,expense,9947.53,2025-05-18,加班,其他
20250502MEO7YN,expense,3465.25,2025-05-02,生活费,食物
20250616YQLN5X,expense,8354.47,2025-06-16,加班,食物
2025082290AAC0,expense,3888.16,2025-08-22,差旅,娱乐
20250108XE87ET,expense,1537.32,2025-01-08,加班,娱乐
20250922SA0JFG,expense,422.15,2025-09-22,正常,房租
20250221CRPRII,expense,4433.34,2025-02-21,差旅,交通
202509174DFFN7,expense,5660.93,2025-09-17,外卖,交通
2025042299D2AO,expense,7191.73,2025-04-22,购物,房租
202504164M2VCV,expense,8223.86,2025-04-16,正常,食物
20250213AV3JRB,expense,9459.06,2025-02-13,生活费,交通
20250615H44ME4,expense,8761.03,2025-06-15,正常,交通
20250304M1SXA8,expense,2681.20,2025-03-04,差旅,房租
20251020D3SMBY,expense,625.61,2025-10-20,购物,其他
20250317ZQ88SG,expense,4789.98,2025-03-17,正常,交通
20250605TDP0IG,expense,3763.30,2025-06-05,加班,娱乐
20250601PI203F,expense,1672.84,2025-06-01,加班,房租
20250109OZQGA5,expense,5524.63,2025-01-09,加班,房租
20251208L84ATH,expense,8754.93,2025-12-08,加班,房租
202506197S7T9O,expense,5389.88,2025-06-19,娱乐,房租
20250211ZSO9VI,expense,5827.49,2025-02-11,补贴,其他
20251007UTYLMJ,expense,8539.89,2025-10-07,娱乐,食物
20250127IMJ7QP,expense,8058.12,2025-01-27,外卖,食物
20250422L228FZ,expense,1624.49,2025-04-22,娱乐,房租
202511228PJRLW,expense,8401.75,2025-11-22,生活费,交通
20250609W21D2S,expense,5409.98,2025-06-09,生活费,其他
20250912QJY5UW,expense,1179.84,2025-09-12,娱乐,房租
20251105BOR89R,expense,9852.84,2025-11-05,生活费,娱乐
2025041335A3JP,expense,8915.49,2025-04-13,正常,房租
20250927TZWM2V,expense,6893.24,2025-09-27,补贴,食物
20250706YV6LZX,expense,1531.50,2025-07-06,学习,娱乐
20250515R9VNY1,expense,620.04,2025-05-15,学习,交通
20250701ZR3Z8D,expense,9109.43,2025-07-01,学习,娱乐
20251019N16IZ7,expense,3293.29,2025-10-19,外卖,交通
20250506R17V1M,expense,1305.30,2025-05-06,加班,娱乐
202505220J3C56,expense,3301.61,2025-05-22,差旅,房租
20250208WRPFL0,expense,1517.70,2025-02-08,生活费,娱乐
20251002Y1749M,expense,6173.03,2025-10-02,加班,食物
20250417PWO34B,expense,8722.09,2025-04-17,购物,交通
20250420FPGSU0,expense,9118.50,2025-04-20,学习,交通
20250122M99FQI,expense,5161.03,2025-01-22,差旅,娱乐
20250510KT3IVW,expense,7248.29,2025-05-10,购物,房租
20250319EGTKCQ,expense,6921.67,2025-03-19,加班,交通
20251228VKVFMQ,expense,4536.89,2025-12-28,外卖,房租
20250228I5NGJP,expense,995.32,2025-02-28,正常,交通
2025010592TUSB,expense,1125.17,2025-01-05,加班,娱乐
202506213RTPO8,expense,6044.58,2025-06-21,生活费,娱乐
20250428J0CUJF,expense,6942.23,2025-04-28,加班,食物
2025082433R6P1,expense,7839.08,2025-08-24,加班,其他
20251203H4RQOA,expense,9666.12,2025-12-03,加班,交通
20251104C2UKX8,expense,261.65,2025-11-04,差旅,娱乐
20251023XDRTTR,expense,1844.69,2025-10-23,补贴,食物
202501098BU5XQ,expense,5113.03,2025-01-09,加班,食物
20250502KRFT43,expense,7098.33,2025-05-02,补贴,房租
20250516FYWPNS,expense,4485.47,2025-05-16,报销,食物
20250811SACI4G,expense,8042.84,2025-08-11,学习,其他
20250526AC0P2J,expense,4059.87,2025-05-26,加班,交通
20250317KETFC4,expense,5849.27,2025-03-17,正常,食物
202509177ZSKAD,expense,7353.86,2025-09-17,生活费,其他
2025012763F4FQ,expense,4280.82,2025-01-27,加班,其他
20250618VD1VYN,expense,3028.62,2025-06-18,报销,房租
20250322KCQ3E5,expense,1492.35,2025-03-22,外卖,其他
20250806I1XJYH,expense,3655.85,2025-08-06,补贴,食物
20250524ESDE48,expense,5058.16,2025-05-24,正常,其他
20250228QQZGRB,expense,1872.90,2025-02-28,娱乐,娱乐
20250122UHEDB1,expense,589.35,2025-01-22,娱乐,娱乐
202512018G6IL3,expense,8352.15,2025-12-01,差旅,娱乐
20250906TO5OZA,expense,7685.07,2025-09-06,补贴,娱乐
20250427ITA83W,expense,645.27,2025-04-27,生活费,房租
20251208K69LFN,expense,9692.67,2025-12-08,补贴,其他
20250815SY60DL,expense,3214.02,2025-08-15,学习,交通
20250107J2R74V,expense,5767.08,2025-01-07,加班,食物
202508020PKU47,expense,2675.54,2025-08-02,生活费,食物
2025111929I1CH,expense,6278.71,2025-11-19,购物,其他
20251103PBTS1V,expense,4550.58,2025-11-03,学习,交通
202505060QQWUW,expense,9193.88,2025-05-06,学习,交通
202507153AJNXS,expense,3858.29,2025-07-15,娱乐,房租
20250916ZNWKLG,expense,536.43,2025-09-16,差旅,房租
20250902WNKYOH,expense,9910.52,2025-09-02,差旅,其他
20250111PHHCTB,expense,6790.17,2025-01-11,差旅,娱乐
20250526JU039H,expense,3734.40,2025-05-26,差旅,娱乐
20251108OL459I,expense,4619.52,2025-11-08,差旅,食物
20250306X755DT,expense,6886.12,2025-03-06,正常,其他
202502128ERBW0,expense,1268.59,2025-02-12,加班,其他
20250710CQY309,expense,9340.52,2025-07-10,娱乐,娱乐
20250508EFHJ48,expense,3760.81,2025-05-08,正常,娱乐
20251118KNJSQR,expense,6938.23,2025-11-18,购物,其他
20250709D8OT1C,expense,1249.68,2025-07-09,正常,娱乐
20250901CNO0LC,expense,3549.19,2025-09-01,外卖,其他
2025022360LURN,expense,7060.83,2025-02-23,正常,交通
202501281FQBR8,expense,6301.54,2025-01-28,报销,其他
20250901SX3DPM,expense,7750.34,2025-09-01,学习,食物
20251015X9B5RK,expense,265.51,2025-10-15,外卖,娱乐
20250121JYRU7S,expense,3308.61,2025-01-21,学习,其他
20250928G6GIRG,expense,9590.02,2025-09-28,生活费,房租
20250414E43Y8M,expense,3638.29,2025-04-14,娱乐,娱乐
20251226SOZXU1,expense,6044.96,2025-12-26,娱乐,娱乐
20250528IDZNW2,expense,792.53,2025-05-28,正常,其他
20250822EIHWX1,expense,565.43,2025-08-22,学习,娱乐
202508243KMRMD,expense,1373.58,2025-08-24,补贴,娱乐
20250122CLHNZR,expense,9947.89,2025-01-22,娱乐,食物
20251001FU7MW6,expense,8194.30,2025-10-01,报销,房租
202503181ZUB0O,expense,9108.26,2025-03-18,差旅,交通
20250219HJJ2SY,expense,8676.15,2025-02-19,外卖,其他
202501138S7BV8,expense,7237.76,2025-01-13,差旅,其他
20250715QEW9IZ,expense,9839.13,2025-07-15,学习,房租
20250316IX1LS5,expense,4345.99,2025-03-16,学习,其他
20250524YF1IDH,expense,9787.28,2025-05-24,差旅,房租
202506262X6C2E,expense,3669.66,2025-06-26,正常,食物
20250222R8IRX4,expense,9227.37,2025-02-22,差旅,房租
20250824BJSNPT,expense,1490.88,2025-08-24,生活费,娱乐
20250628FI7P6J,expense,5724.08,2025-06-28,娱乐,交通
20250720SSI3G7,expense,8573.37,2025-07-20,外卖,娱乐
202504113JK8FN,expense,7328.87,2025-04-11,正常,房租
202502143CQ5ZD,expense,4503.20,2025-02-14,外卖,交通
20250125R97LMU,expense,8382.83,2025-01-25,娱乐,娱乐
20250603H7YYOC,expense,8124.90,2025-06-03,生活费,交通
2025112007TQYQ,expense,6974.15,2025-11-20,娱乐,食物
20250418F23CND,expense,6858.78,2025-04-18,正常,食物
20251011M9K10H,expense,5309.46,2025-10-11,娱乐,交通
20250312RH39LO,expense,7784.60,2025-03-12,加班,其他
20250224Z7M1AC,expense,35.46,2025-02-24,加班,食物
20250620K88Q5S,expense,4600.72,2025-06-20,学习,交通
20250923Z5F9MG,expense,8229.27,2025-09-23,娱乐,娱乐
2025082495VV1R,expense,7570.83,2025-08-24,正常,食物
20250902WFPV79,expense,4883.38,2025-09-02,正常,交通
20250727W0M1QX,expense,5271.21,2025-07-27,娱乐,房租
20251112QS2OBQ,expense,7671.38,2025-11-12,生活费,食物
20250320C3OHPI,expense,2344.63,2025-03-20,购物,房租
20250621BN2J3P,expense,2431.86,2025-06-21,差旅,娱乐
2025032438OTN5,expense,7864.84,2025-03-24,购物,娱乐
2025032548V9R6,expense,8064.06,2025-03-25,正常,交通
20251209KEFCHE,expense,1068.71,2025-12-09,差旅,其他
20250621UNC25Q,expense,7088.44,2025-06-21,报销,房租
202502234RDY1N,expense,7110.95,2025-02-23,学习,娱乐
20251012JI30SL,expense,4392.87,2025-10-12,外卖,房租
20250816GA3EW4,expense,4576.03,2025-08-16,娱乐,其他
20250321WDQO8L,expense,1260.81,2025-03-21,加班,其他
20250403367DKU,expense,5220.98,2025-04-03,学习,交通
20251203RJ2C1Z,expense,8671.06,2025-12-03,补贴,交通
20250721OSRAY4,expense,2141.39,2025-07-21,报销,娱乐
20250902T2QZON,expense,7966.89,2025-09-02,差旅,娱乐
20250421BY29V5,expense,2321.42,2025-04-21,加班,交通
20250208R8SENA,expense,9440.04,2025-02-08,补贴,食物
20250406TN5G4A,expense,1766.58,2025-04-06,娱乐,房租
202501255GJ2ON,expense,6865.01,2025-01-25,娱乐,娱乐
20250603123CBQ,expense,6997.03,2025-06-03,外卖,娱乐
20250219NKYKXU,expense,6913.88,2025-02-19,外卖,交通
202508045N2ONP,expense,5672.72,2025-08-04,补贴,交通
20250928ZQS4WM,expense,3716.52,2025-09-28,差旅,交通
20250104X6XR3Z,expense,3908.86,2025-01-04,差旅,其他
20250706DAXC76,expense,6848.73,2025-07-06,报销,其他
20250819LJ7ER6,expense,2971.21,2025-08-19,加班,交通
20250316I5BAJ5,expense,6133.80,2025-03-16,补贴,娱乐
20250217BNPOSA,expense,169.40,2025-02-17,报销,其他
202507150CD0PJ,expense,4869.05,2025-07-15,差旅,房租
2025081365PEMD,expense,2257.96,2025-08-13,加班,交通
20250210EH1ZO8,expense,8378.94,2025-02-10,补贴,其他
20251204EWCTF2,expense,4219.34,2025-12-04,生活费,交通
2025081947X2IT,expense,1541.13,2025-08-19,报销,食物
20250106U5NCTG,expense,1252.66,2025-01-06,差旅,交通
20251204273AIJ,expense,7553.58,2025-12-04,购物,食物
202511046DO665,expense,7882.32,2025-11-04,学习,娱乐
20250824YXD6I5,expense,4220.03,2025-08-24,加班,食物
20251227J6YW77,expense,7451.21,2025-12-27,报销,其他
20250728WL7T4D,expense,6518.17,2025-07-28,外卖,食物
202501059DWOVH,expense,1617.35,2025-01-05,外卖,房租
2025012557B1S2,expense,1569.00,2025-01-25,生活费,房租
20250227IH0470,expense,5892.46,2025-02-27,正常,房租
20250822BO3VFY,expense,9916.97,2025-08-22,补贴,食物
20250503CPQXPB,expense,6036.79,2025-05-03,学习,房租
20250210LFI4KH,expense,2084.08,2025-02-10,补贴,房租
20251107LG23C2,expense,8218.64,2025-11-07,正常,房租
202508099AZBPK,expense,6817.17,2025-08-09,购物,娱乐
20250719XBDCOE,expense,3202.82,2025-07-19,加班,娱乐
20250110LRDSGI,expense,6962.30,2025-01-10,购物,娱乐
202503044C8C1W,expense,3391.50,2025-03-04,差旅,交通
20250414H8ZPQ6,expense,6733.95,2025-04-14,补贴,房租
20250618PEIYPX,expense,7139.23,2025-06-18,补贴,娱乐
202503102YKMUC,expense,1230.30,2025-03-10,生活费,食物
20251220F396BZ,expense,177.78,2025-12-20,补贴,食物
20250909K9SKP2,expense,7778.81,2025-09-09,差旅,交通
20250719FHXFDD,expense,2857.13,2025-07-19,差旅,交通
20250813NMKXR4,expense,8263.28,2025-08-13,生活费,房租
20250202DMAYBB,expense,7847.90,2025-02-02,娱乐,其他
20250118EOAQ08,expense,667.65,2025-01-18,娱乐,房租
20250717IFS704,expense,8129.54,2025-07-17,加班,其他
202501062WI11M,expense,6456.00,2025-01-06,补贴,娱乐
20250313V0TSCI,expense,5316.13,2025-03-13,生活费,交通
20250812DVQC1E,expense,8912.78,2025-08-12,差旅,娱乐
20250903LHY7UR,expense,8594.65,2025-09-03,外卖,食物
202512231PUFRB,expense,4625.45,2025-12-23,差旅,食物
20250519PDWVPL,expense,9825.64,2025-05-19,外卖,其他
202508140H4TR8,expense,7535.97,2025-08-14,差旅,其他
20250214A1Z8CR,expense,2347.62,2025-02-14,学习,房租
20250111XQDLBC,expense,1634.06,2025-01-11,学习,娱乐
202503019MS853,expense,9110.27,2025-03-01,补贴,交通
20250217FENN52,expense,7875.85,2025-02-17,加班,交通
20250126P3EU8Z,expense,4072.13,2025-01-26,报销,交通
20251127OIR75G,expense,2415.66,2025-11-27,报销,娱乐
202509253N2EBO,expense,5201.84,2025-09-25,正常,房租
2025030229H8MM,expense,4800.20,2025-03-02,学习,房租
20250521U5MTI5,expense,7804.70,2025-05-21,差旅,娱乐
20250407KGNT03,expense,3051.12,2025-04-07,报销,房租
20251209BT7IGB,expense,7851.57,2025-12-09,报销,食物
20250827NYLFR0,expense,7523.12,2025-08-27,购物,房租
20250706XQ4I06,expense,4294.40,2025-07-06,娱乐,娱乐
2025072486IGF7,expense,8897.04,2025-07-24,正常,其他
20251221T9OKUU,expense,1000.55,2025-12-21,差旅,食物
20250817VNCXDW,expense,2421.11,2025-08-17,学习,房租
20250915O5W2OD,expense,2815.38,2025-09-15,娱乐,食物
20250809HHIMS6,expense,4420.13,2025-08-09,娱乐,娱乐
20251012KRBNTE,expense,3990.72,2025-10-12,娱乐,食物
20251025EIYCCN,expense,5447.45,2025-10-25,外卖,交通
202504087KNVFL,expense,553.58,2025-04-08,购物,其他
202504219E0TAH,expense,3749.89,2025-04-21,补贴,交通
202511044X557O,expense,6412.26,2025-11-04,学习,交通
20250403WD4B46,expense,4693.33,2025-04-03,报销,娱乐
20250402O8TYRH,expense,2032.95,2025-04-02,报销,其他
20250627N9GSNY,expense,6300.88,2025-06-27,购物,房租
202503016O8YS1,expense,9419.59,2025-03-01,生活费,娱乐
20251125BPOCS9,expense,7062.52,2025-11-25,购物,房租
2025072492SX10,expense,7515.15,2025-07-24,娱乐,娱乐
202512159LI6DJ,expense,4939.34,2025-12-15,正常,房租
20251112J09EKW,expense,3071.91,2025-11-12,购物,其他
20250407EZS9JA,expense,8041.87,2025-04-07,学习,其他
20250613LT2US5,expense,1418.49,2025-06-13,生活费,食物
2025120691UPBD,expense,2785.21,2025-12-06,正常,娱乐
2025051195KVSC,expense,1038.93,2025-05-11,报销,食物
20250120A62MDE,expense,8520.28,2025-01-20,学习,房租
202509230SPP5Y,expense,1673.53,2025-09-23,外卖,交通
20250525XQMY0K,expense,5044.62,2025-05-25,补贴,其他
2025031146VY8Y,expense,6518.44,2025-03-11,购物,交通
20250724CPA29G,expense,6295.86,2025-07-24,购物,交通
20250205RQFFO1,expense,2186.96,2025-02-05,外卖,其他
20251215469HD8,expense,1796.97,2025-12-15,购物,其他
20250403EQPLDS,expense,5633.90,2025-04-03,差旅,房租
20251023S5LTBV,expense,5989.26,2025-10-23,差旅,食物
20251023PB1ADK,expense,3421.53,2025-10-23,娱乐,交通
202508029HFFVM,expense,9309.68,2025-08-02,差旅,食物
20250322K8TRHL,expense,5571.12,2025-03-22,补贴,娱乐
20250115VEMJG0,expense,3768.11,2025-01-15,正常,交通
20250117S4GK7Y,expense,538.39,2025-01-17,加班,食物
20250701KG067U,expense,7156.09,2025-07-01,正常,食物
202510230L65M6,expense,248.87,2025-10-23,购物,房租
202508283GWAFF,expense,7507.04,2025-08-28,报销,娱乐
2025102391WLCQ,expense,163.81,2025-10-23,正常,娱乐
20250318TC276Z,expense,4328.19,2025-03-18,外卖,交通
20250909045UM7,expense,8873.96,2025-09-09,差旅,其他
20250410IPNDOU,expense,4067.85,2025-04-10,补贴,其他
20250912BLNLO9,expense,597.33,2025-09-12,差旅,其他
20250204ZOUA6Q,expense,7921.54,2025-02-04,外卖,食物
20250608FU1NVU,expense,4184.96,2025-06-08,学习,房租
20251112RMTGY2,expense,6732.06,2025-11-12,报销,房租
20250510XMJ1GK,expense,4407.38,2025-05-10,加班,房租
202511083K3ZP6,expense,8291.25,2025-11-08,生活费,交通
20250301VBJN70,expense,2590.42,2025-03-01,差旅,食物
20250622P65T12,expense,5838.20,2025-06-22,外卖,房租
20250202ZRCDYV,expense,2712.12,2025-02-02,购物,其他
202503076ESBR1,expense,9690.90,2025-03-07,学习,食物
20250824ANBGFA,expense,6162.64,2025-08-24,购物,房租
20250518OSSX6A,expense,2005.67,2025-05-18,正常,房租
202508038QAPNS,expense,5252.63,2025-08-03,补贴,交通
20250516OW7A6R,expense,8494.70,2025-05-16,生活费,娱乐
20250308S60VH5,expense,6675.87,2025-03-08,购物,娱乐
20250405LQAY8D,expense,1571.87,2025-04-05,娱乐,食物
20250715CC7K6Y,expense,926.43,2025-07-15,外卖,交通
20251213BC7KQO,expense,4110.55,2025-12-13,差旅,房租
20250916LDX7O8,expense,5451.04,2025-09-16,外卖,房租
20250926HYYPBD,expense,8374.95,2025-09-26,生活费,其他
20251014FBJLEG,expense,9878.03,2025-10-14,正常,其他
20250805UXPRNF,expense,6744.81,2025-08-05,报销,食物
202504145XD44Y,expense,3773.98,2025-04-14,学习,交通
20250723G9IDM2,expense,7047.66,2025-07-23,差旅,娱乐
202505135Z1A7B,expense,8099.38,2025-05-13,正常,食物
20250126T3GA52,expense,9358.74,2025-01-26,娱乐,娱乐
202509229T0DEF,expense,9463.09,2025-09-22,报销,房租
20250702ANOCT3,expense,8504.98,2025-07-02,报销,食物
20250411YZL9X6,expense,3496.14,2025-04-11,差旅,食物
20250907UFJ2YN,expense,7457.10,2025-09-07,学习,娱乐
20250223LBUOU5,expense,8911.21,2025-02-23,外卖,食物
20250108LY4ZQR,expense,228.55,2025-01-08,差旅,交通
20250616H3T8J8,expense,7121.58,2025-06-16,差旅,交通
202509220RYCOM,expense,824.08,2025-09-22,购物,房租
20250715KYAMLL,expense,456.05,2025-07-15,学习,房租
20250411585OBO,expense,4881.19,2025-04-11,补贴,房租
202507253UEGZ1,expense,7142.68,2025-07-25,生活费,交通
20250822NA8R88,expense,3880.08,2025-08-22,生活费,食物
20251009N6UT8N,expense,6125.94,2025-10-09,补贴,食物
20250923OZEKIT,expense,3695.77,2025-09-23,正常,其他
202507132DREIY,expense,3941.44,2025-07-13,娱乐,交通
20250127EXL416,expense,7437.96,2025-01-27,购物,其他
20250117FEFN5L,expense,6515.78,2025-01-17,差旅,房租
202507190LJCWW,expense,3673.44,2025-07-19,报销,娱乐
202508248XQJP5,expense,9818.07,2025-08-24,外卖,其他
2025010477CHFH,expense,5149.40,2025-01-04,购物,其他
20250425UU3ZUZ,expense,2570.38,2025-04-25,报销,食物
20250208RKZL2X,expense,9121.83,2025-02-08,加班,房租
202509026OVK11,expense,4426.89,2025-09-02,学习,房租
20250727G2CXAO,expense,8058.30,2025-07-27,生活费,交通
202505057M5RTZ,expense,6651.73,2025-05-05,补贴,交通
20250119B3M144,expense,6215.20,2025-01-19,生活费,食物
20250227E2PD2D,expense,2674.96,2025-02-27,正常,房租
20250317C6UYWU,expense,2384.35,2025-03-17,报销,食物
20251222EI5KUQ,expense,217.51,2025-12-22,差旅,食物
20250210ROB7KR,expense,4562.00,2025-02-10,外卖,房租
202502061SV2JQ,expense,3547.20,2025-02-06,娱乐,娱乐
2025072736WD6T,expense,3713.40,2025-07-27,报销,房租
20250109FTUR5Z,expense,674.36,2025-01-09,加班,交通
202503264ML5KE,expense,2324.83,2025-03-26,娱乐,其他
20250225F7EVPW,expense,1655.73,2025-02-25,生活费,其他
20250601ZQAKTE,expense,4831.07,2025-06-01,生活费,交通
20250111787G3E,expense,9150.02,2025-01-11,生活费,其他
2025040964W0JH,expense,264.41,2025-04-09,正常,交通
20250706G6M6GU,expense,8036.93,2025-07-06,购物,房租
202504045M7PKY,expense,7185.36,2025-04-04,购物,其他
20250205H3U8O3,expense,6462.11,2025-02-05,娱乐,其他
20250715BFESIK,expense,4870.51,2025-07-15,差旅,娱乐
20250118W7F10O,expense,5447.20,2025-01-18,生活费,房租
20250912IXIWC6,expense,2443.41,2025-09-12,补贴,其他
20251017JMR4QS,expense,4381.01,2025-10-17,差旅,食物
20250812C1T581,expense,4428.96,2025-08-12,娱乐,食物
20250721S8VZQN,expense,1872.30,2025-07-21,娱乐,交通
20250213NSJAQ4,expense,2153.71,2025-02-13,加班,娱乐
202505182OBV3W,expense,9777.33,2025-05-18,报销,食物
2025020351FAIG,expense,820.61,2025-02-03,生活费,交通
2025122714ZNJE,expense,7899.21,2025-12-27,购物,交通
20251204FSPNK5,expense,9346.99,2025-12-04,娱乐,食物
20250422NLTIWH,expense,265.97,2025-04-22,补贴,房租
20250506IFGJU8,expense,452.46,2025-05-06,外卖,食物
20250602A5VRYU,expense,5692.81,2025-06-02,学习,食物
202504019DV47M,expense,7000.58,2025-04-01,购物,房租
20251121I95S4X,expense,6510.11,2025-11-21,补贴,食物
20250615ODM79J,expense,9880.43,2025-06-15,生活费,交通
202506256WDJ61,expense,8864.23,2025-06-25,差旅,房租
202510225X884S,expense,2901.22,2025-10-22,外卖,房租
20250506E9C3H4,expense,6133.84,2025-05-06,生活费,娱乐
20251124P0AG5P,expense,7736.81,2025-11-24,娱乐,娱乐
20250601S4K72W,expense,1425.51,2025-06-01,学习,交通
20250705552WSC,expense,7278.52,2025-07-05,购物,其他
2025120349EZ0L,expense,6218.34,2025-12-03,差旅,其他
20251225QHK2JO,expense,5175.63,2025-12-25,娱乐,房租
202508258MVPBQ,expense,5538.47,2025-08-25,报销,房租
20251024DIV7BF,expense,7459.68,2025-10-24,购物,交通
20250228SLH6TD,expense,2949.00,2025-02-28,正常,食物
20250428ELFDKP,expense,1280.50,2025-04-28,生活费,娱乐
202501262GENMV,expense,7789.42,2025-01-26,生活费,娱乐
20250115UCMOPY,expense,6619.41,2025-01-15,学习,房租
20250716DCF1U5,expense,2152.77,2025-07-16,正常,其他
20251023K79WIS,expense,2602.82,2025-10-23,外卖,交通
20251101I4QXVW,expense,1931.90,2025-11-01,学习,娱乐
20250127NHAB5L,expense,6379.22,2025-01-27,加班,娱乐
20250504B0LIYE,expense,9693.61,2025-05-04,娱乐,房租
202505236NUG4B,expense,6804.43,2025-05-23,差旅,房租
20250315G8BKFV,expense,2202.22,2025-03-15,生活费,其他
20251003S6HJBM,expense,9071.47,2025-10-03,差旅,食物
20251010B9X89C,expense,6859.40,2025-10-10,报销,其他
2025022581NKA1,expense,8360.17,2025-02-25,报销,房租
20250107O1PBXH,expense,1911.06,2025-01-07,差旅,食物
20250101JXKKO7,expense,4317.91,2025-01-01,加班,其他
202502182767XY,expense,7712.33,2025-02-18,外卖,其他
20250519G0WZL5,expense,1034.05,2025-05-19,外卖,其他
202507041IZSEF,expense,8852.35,2025-07-04,娱乐,房租
2025090906NAS5,expense,6231.28,2025-09-09,加班,其他
20250325NSRAZY,expense,2823.97,2025-03-25,生活费,食物
20250818RNWKS9,expense,920.10,2025-08-18,补贴,房租
20251016VZ3C29,expense,8209.60,2025-10-16,娱乐,其他
20250427WH9PGS,expense,5976.66,2025-04-27,补贴,食物
20250501IC3QLM,expense,8034.46,2025-05-01,报销,食物
20250812CZJBRP,expense,5706.65,2025-08-12,差旅,房租
20250222BKOJBH,expense,871.16,2025-02-22,学习,其他
20250323S8ZWX6,expense,9525.40,2025-03-23,正常,其他
202504132UIFV2,expense,1055.77,2025-04-13,加班,交通
202510186P6586,expense,290.54,2025-10-18,差旅,食物
20250210BR7KJM,expense,4662.70,2025-02-10,正常,房租
20250127NECA9W,expense,3405.66,2025-01-27,加班,其他
20250516F5JWZ6,expense,8997.73,2025-05-16,学习,食物
20251210UU2MM2,expense,8636.98,2025-12-10,正常,交通
20250607UZREQH,expense,7341.53,2025-06-07,正常,食物
20250615LLZKD4,expense,8344.63,2025-06-15,补贴,房租
202510149G32GC,expense,3527.15,2025-10-14,学习,房租
20251109FYMBZ6,expense,6158.76,2025-11-09,补贴,食物
20250910OUEYY0,expense,6721.78,2025-09-10,生活费,食物
202501226XL6PP,expense,7961.29,2025-01-22,差旅,娱乐
202501272QBBWJ,expense,1022.76,2025-01-27,外卖,食物
20250705SFRTD6,expense,3176.53,2025-07-05,购物,食物
20250422BFLK5R,expense,5875.61,2025-04-22,正常,房租
20250618U4YK58,expense,2318.20,2025-06-18,正常,房租
20250626QQA2VT,expense,2978.23,2025-06-26,娱乐,房租
20251009SX0T4F,expense,803.84,2025-10-09,学习,交通
20250921DUBTD1,expense,1085.08,2025-09-21,外卖,其他
2025061169Z3HX,expense,7213.60,2025-06-11,生活费,娱乐
20250706YNV3G8,expense,5680.20,2025-07-06,正常,其他
20251014BU9SE7,expense,7460.62,2025-10-14,正常,食物
202501126IO26J,expense,6819.55,2025-01-12,学习,娱乐
20250509UGZ33Y,expense,6888.46,2025-05-09,差旅,其他
20250217JK9WK3,expense,6308.11,2025-02-17,外卖,房租
20251111OLQLSG,expense,56.79,2025-11-11,差旅,食物
20251110ZSOUQ0,expense,2389.59,2025-11-10,生活费,食物
20250409RZN7O2,expense,3081.23,2025-04-09,娱乐,食物
20251120CQX952,expense,8095.91,2025-11-20,外卖,娱乐
20250327N3QPHB,expense,4824.21,2025-03-27,报销,娱乐
20250316H21V1O,expense,3674.56,2025-03-16,生活费,房租
202510225IVC8C,expense,357.86,2025-10-22,外卖,房租
20250307ANLA5D,expense,3008.28,2025-03-07,加班,娱乐
202510269V8VBM,expense,2597.01,2025-10-26,购物,食物
20250420N04K0P,expense,438.48,2025-04-20,正常,交通
20251207CMP2B0,expense,6572.74,2025-12-07,娱乐,娱乐
20250328JVEKSK,expense,8574.31,2025-03-28,购物,食物
20251003GUM506,expense,380.45,2025-10-03,正常,食物
20251221PDRHQD,expense,51.26,2025-12-21,外卖,其他
202505031CSQW0,expense,5061.50,2025-05-03,购物,房租
20250303Y60DFK,expense,3274.45,2025-03-03,报销,房租
20250522ZZ84FK,expense,1058.45,2025-05-22,娱乐,食物
20250724AP21FT,expense,1258.16,2025-07-24,正常,食物
2025112230LCD7,expense,341.73,2025-11-22,生活费,其他
20250406UQZCL4,expense,8912.44,2025-04-06,正常,食物
20251121ETSMT6,expense,2615.53,2025-11-21,差旅,交通
20251211HZ2V21,expense,9834.30,2025-12-11,购物,房租
2025122564XQDQ,expense,7511.26,2025-12-25,加班,交通
20250405XYHKHL,expense,9765.62,2025-04-05,补贴,房租
20250917OPBXTW,expense,2453.70,2025-09-17,购物,其他
20250916VBBA24,expense,3901.57,2025-09-16,外卖,房租
20251021XYJLYP,expense,4227.14,2025-10-21,差旅,房租
202509107VK0VG,expense,3241.60,2025-09-10,生活费,食物
20250116PD752I,expense,4689.23,2025-01-16,加班,交通
20250706UQXO75,expense,5273.49,2025-07-06,补贴,房租
20250921BP1EMH,expense,9947.78,2025-09-21,正常,食物
20250220ZTYMS1,expense,1365.93,2025-02-20,差旅,其他
202511153SYWAK,expense,5944.04,2025-11-15,购物,娱乐
20250321RCCY7V,expense,5131.64,2025-03-21,报销,房租
20250807IIMCXT,expense,8584.90,2025-08-07,差旅,房租
20251118VYGEY8,expense,3821.29,2025-11-18,补贴,娱乐
202507099MVNVS,expense,8129.03,2025-07-09,购物,房租
20251228WC90F8,expense,9613.62,2025-12-28,补贴,娱乐
20250414SDQ2II,expense,1743.09,2025-04-14,补贴,交通
20250412YNEOMF,expense,3918.43,2025-04-12,购物,食物
20250309RXQIRO,expense,784.98,2025-03-09,差旅,娱乐
202503134VYUN5,expense,3984.03,2025-03-13,加班,房租
20250628X6RYXW,expense,1681.35,2025-06-28,生活费,食物
20251019SNS444,expense,79.57,2025-10-19,外卖,娱乐
20250918JDA33C,expense,5423.11,2025-09-18,差旅,食物
20250922O96ZPS,expense,6465.01,2025-09-22,差旅,交通
202508162G2GXU,expense,6948.54,2025-08-16,差旅,交通
20251120V2B1F7,expense,5154.87,2025-11-20,学习,食物
20250725CWB7LO,expense,2661.89,2025-07-25,学习,房租
20250216S98PFP,expense,4758.72,2025-02-16,购物,娱乐
20250815I8VAPR,expense,4878.62,2025-08-15,娱乐,房租
20250908SCUSYI,expense,8786.44,2025-09-08,报销,食物
202503246BP6T8,expense,4962.13,2025-03-24,差旅,房租
20250122L07VOR,expense,6928.08,2025-01-22,购物,交通
20251013E3SZMX,expense,4314.94,2025-10-13,生活费,交通
20250428MUILBF,expense,1813.49,2025-04-28,娱乐,其他
20250403WQPMSV,expense,3920.11,2025-04-03,补贴,房租
202510259GN8W4,expense,9545.00,2025-10-25,加班,娱乐
20250624H9B2D5,expense,143.89,2025-06-24,外卖,其他
20250217K27OBJ,expense,8635.96,2025-02-17,学习,其他
20251213MNTR32,expense,9618.71,2025-12-13,娱乐,其他
20250421JEWJMG,expense,9318.69,2025-04-21,娱乐,房租
202503180NR7S7,expense,63.82,2025-03-18,报销,娱乐
20250119AIWNUS,expense,5852.83,2025-01-19,娱乐,交通
2025092678C4DK,expense,5799.12,2025-09-26,外卖,食物
202512134AMB1D,expense,5956.44,2025-12-13,差旅,其他
202511143V32ZO,expense,7188.21,2025-11-14,学习,娱乐
20250912HCIY67,expense,5660.63,2025-09-12,正常,食物
20250321R5LC7B,expense,326.45,2025-03-21,外卖,娱乐
202509022B05OJ,expense,8222.94,2025-09-02,报销,交通
202501101D4YEU,expense,2147.13,2025-01-10,加班,房租
202507250ROYKU,expense,7112.90,2025-07-25,正常,娱乐
2025082226FAXH,expense,3794.91,2025-08-22,差旅,房租
2025102343V3WF,expense,6756.21,2025-10-23,外卖,其他
2025021335MZSA,expense,283.37,2025-02-13,加班,交通
2025042602ZORX,expense,3657.83,2025-04-26,外卖,其他
20250212U4S4T6,expense,9798.21,2025-02-12,购物,房租
20250704YJHR4Z,expense,9316.42,2025-07-04,差旅,食物
202510091RJ0FB,expense,69.67,2025-10-09,学习,交通
20250417AA9PGB,expense,1054.45,2025-04-17,生活费,其他
20250411YD83CM,expense,7720.33,2025-04-11,娱乐,娱乐
20250501UG75GK,expense,8884.91,2025-05-01,补贴,娱乐
20250912YL57OH,expense,8437.32,2025-09-12,外卖,食物
20250414V19ZRZ,expense,5845.00,2025-04-14,外卖,食物
20250413QZ9217,expense,3081.69,2025-04-13,差旅,娱乐
20250226JH2LX8,expense,9428.49,2025-02-26,生活费,房租
20251014D1UFRY,expense,3558.82,2025-10-14,正常,娱乐
20250211U0WFQJ,expense,9666.60,2025-02-11,购物,食物
20250423LIPWWC,expense,6834.63,2025-04-23,差旅,交通
20250220Z5YQR6,expense,271.81,2025-02-20,差旅,交通
20251203SOI4XO,expense,7040.81,2025-12-03,生活费,食物
20250812NI0PMH,expense,9285.08,2025-08-12,加班,交通
202509201ERM74,expense,7446.30,2025-09-20,差旅,娱乐
20250614BBH6D8,expense,3881.60,2025-06-14,报销,食物
202501243G38BW,expense,4100.24,2025-01-24,加班,娱乐
202509102LBI9L,expense,7174.25,2025-09-10,加班,房租
20250315FA7I1A,expense,1525.67,2025-03-15,生活费,其他
20251223YTSIW7,expense,4832.13,2025-12-23,补贴,食物
20250914VRHDFT,expense,6621.66,2025-09-14,娱乐,食物
20250926C9JY2B,expense,7547.69,2025-09-26,补贴,交通
20250528W2SSA2,expense,22.09,2025-05-28,补贴,其他
20251005RRV73S,expense,7710.68,2025-10-05,娱乐,交通
20250219HHRBFP,expense,5392.02,2025-02-19,差旅,其他
20251201DDKZLA,expense,1327.30,2025-12-01,外卖,交通
202503223GB62Z,expense,123.31,2025-03-22,报销,娱乐
2025082295IXD4,expense,196.73,2025-08-22,正常,其他
20251007H9XF67,expense,395.96,2025-10-07,差旅,房租
20250713IQR15G,expense,5659.33,2025-07-13,学习,交通
20250705UGUIID,expense,304.25,2025-07-05,生活费,交通
20250915L8HAPD,expense,143.50,2025-09-15,报销,房租
20251127V49UHA,expense,4888.57,2025-11-27,学习,娱乐
20250405A8D0NX,expense,720.19,2025-04-05,差旅,食物
202509237DRR6V,expense,491.92,2025-09-23,娱乐,交通
20251104BIDD6X,expense,9685.83,2025-11-04,学习,其他
20250926QXXWTS,expense,8073.83,2025-09-26,外卖,其他
20250616YWX8SU,expense,5593.52,2025-06-16,生活费,交通
202503173RUX9H,expense,6843.03,2025-03-17,报销,其他
202507280SKTXN,expense,1703.08,2025-07-28,生活费,娱乐
20251015HRUHMN,expense,4332.12,2025-10-15,学习,交通
20251013362QB5,expense,2779.91,2025-10-13,娱乐,食物
202502074K8LQG,expense,1371.23,2025-02-07,生活费,交通
202511096LXOD6,expense,1167.96,2025-11-09,报销,娱乐
20250515GSS5RV,expense,2151.39,2025-05-15,学习,娱乐
20250518RZWCQJ,expense,967.04,2025-05-18,外卖,娱乐
20250326A60ZJV,expense,5183.24,2025-03-26,报销,食物
20251208OQN1N6,expense,3138.21,2025-12-08,生活费,交通
20250910BWIGXG,expense,8684.43,2025-09-10,正常,食物
20250408PG2RI5,expense,5782.83,2025-04-08,娱乐,其他
2025071968APG6,expense,8516.77,2025-07-19,报销,交通
2025010341XEOR,expense,8686.53,2025-01-03,娱乐,房租
20251122L3RLPG,expense,2309.16,2025-11-22,加班,其他
20250327ZEKYGU,expense,2827.59,2025-03-27,加班,娱乐
20250501EHIHTL,expense,7347.09,2025-05-01,生活费,交通
20251121E0YIY1,expense,3964.76,2025-11-21,购物,交通
20250101JH0JHC,expense,6919.92,2025-01-01,娱乐,交通
20250309LW1E9A,expense,6355.93,2025-03-09,学习,食物
20250325WECNIA,expense,3437.86,2025-03-25,差旅,其他
20251108G3FI00,expense,9934.44,2025-11-08,生活费,娱乐
20250105A7CTZP,expense,7857.08,2025-01-05,正常,娱乐
20250923BGELB8,expense,1446.75,2025-09-23,正常,交通
20250924VQJJ20,expense,9886.97,2025-09-24,差旅,交通
202507205KHD1R,expense,1520.28,2025-07-20,补贴,食物
20250314TUAFAW,expense,3804.69,2025-03-14,报销,娱乐
20250621DB8VTC,expense,629.70,2025-06-21,娱乐,食物
20251111O4YVHP,expense,7869.85,2025-11-11,加班,娱乐
20250609PNLTW7,expense,7736.82,2025-06-09,学习,交通
20250701GOGDYK,expense,8267.88,2025-07-01,生活费,交通
202505016QJY8K,expense,6093.84,2025-05-01,差旅,交通
20251128643LIQ,expense,857.00,2025-11-28,补贴,食物
20250828FQFS72,expense,25.86,2025-08-28,报销,食物
20250925G8MNUH,expense,5628.91,2025-09-25,外卖,房租
20250427KV4Q1R,expense,7041.07,2025-04-27,生活费,其他
202504160POLBE,expense,6316.89,2025-04-16,生活费,食物
20251215XO09MF,expense,7867.37,2025-12-15,补贴,其他
20250228OU9KBX,expense,1908.70,2025-02-28,报销,房租
20250420E22K2L,expense,3171.32,2025-04-20,补贴,娱乐
20251006JSRXSP,expense,7130.93,2025-10-06,差旅,房租
202507204OUZCF,expense,4499.75,2025-07-20,加班,食物
20250917985RMW,expense,5957.83,2025-09-17,娱乐,其他
20250121DIUA13,expense,5786.02,2025-01-21,差旅,其他
20251210GJDNKP,expense,4418.27,2025-12-10,外卖,其他
20250217XMUQDE,expense,7887.10,2025-02-17,补贴,其他
202511158IQD2A,expense,7418.59,2025-11-15,报销,交通
20250316020TBH,expense,5547.74,2025-03-16,娱乐,房租
20250913WVA5W8,expense,5306.32,2025-09-13,娱乐,交通
20251204B90YBS,expense,4121.58,2025-12-04,娱乐,娱乐
202503077QU99F,expense,8119.11,2025-03-07,补贴,其他
202505018UAWHF,expense,4195.01,2025-05-01,报销,交通
20251214C4TU0C,expense,9094.76,2025-12-14,加班,其他
20251018S6UQCR,expense,914.68,2025-10-18,生活费,食物
20251216DIRHTI,expense,8732.05,2025-12-16,娱乐,房租
202505256DGKV4,expense,6266.93,2025-05-25,差旅,娱乐
202509175EA3FD,expense,7568.36,2025-09-17,补贴,其他
20250619ZCBP1W,expense,87.11,2025-06-19,报销,房租
2025020946W960,expense,7842.86,2025-02-09,差旅,其他
20250617M1A50R,expense,5680.04,2025-06-17,正常,娱乐
2025101278944K,expense,3679.30,2025-10-12,正常,娱乐
20250919A2O8UO,expense,3663.19,2025-09-19,差旅,其他
20250916HVU1C7,expense,4731.45,2025-09-16,生活费,娱乐
202506229TPIHK,expense,2082.20,2025-06-22,报销,房租
20250326CATYKX,expense,274.49,2025-03-26,差旅,食物
202510056QD4QD,expense,8009.45,2025-10-05,学习,房租
20250707BTI52O,expense,9845.47,2025-07-07,学习,食物
20250512X3LY1T,expense,1316.42,2025-05-12,外卖,娱乐
20251205X9B9ML,expense,9349.63,2025-12-05,学习,房租
20250510543I2G,expense,9072.36,2025-05-10,购物,其他
2025101762TFZY,expense,6214.05,2025-10-17,购物,食物
202501228KTSBK,expense,6439.57,2025-01-22,补贴,娱乐
20250209Z2RGL9,expense,3866.97,2025-02-09,娱乐,食物
20250518BEJR1W,expense,3497.68,2025-05-18,正常,房租
20250809MK1WJD,expense,8367.44,2025-08-09,外卖,娱乐
20250427LH8FWW,expense,2035.05,2025-04-27,正常,房租
20251003TJ4RLB,expense,5296.55,2025-10-03,生活费,其他
202503049RM3OT,expense,6339.30,2025-03-04,学习,交通
202510284S1GUW,expense,3820.55,2025-10-28,差旅,其他
20251017AJQ7UA,expense,6444.36,2025-10-17,差旅,房租
20251024Z1J920,expense,3822.82,2025-10-24,加班,交通
20250124AS2AU6,expense,1860.50,2025-01-24,补贴,其他
20250106AOC28G,expense,7121.36,2025-01-06,加班,交通
20251204TSDXZA,expense,4768.12,2025-12-04,生活费,房租
202503021OHA9A,expense,9830.13,2025-03-02,加班,其他
20250115WUBFAC,expense,9777.90,2025-01-15,加班,房租
2025012855JVPT,expense,3437.91,2025-01-28,正常,娱乐
20250719Q1YMAY,expense,1638.64,2025-07-19,外卖,娱乐
202509107RZDDR,expense,3893.93,2025-09-10,补贴,房租
202504124RAYW6,expense,9669.57,2025-04-12,差旅,其他
20250517RHVN8T,expense,8713.59,2025-05-17,购物,其他
20251212PMNDB0,expense,6111.63,2025-12-12,生活费,其他
20251125Y3G2EH,expense,6576.26,2025-11-25,正常,交通
20250423ISZR9K,expense,1047.97,2025-04-23,生活费,娱乐
20250208ARGYT8,expense,4409.68,2025-02-08,补贴,其他
20250206MEP5V0,expense,9047.37,2025-02-06,报销,其他
20250510J3N4I2,expense,3048.72,2025-05-10,补贴,其他
20250712DHTHK8,expense,8248.22,2025-07-12,购物,其他
20250903RZ9BS1,expense,2616.92,2025-09-03,娱乐,交通
20250301WEY2WZ,expense,5027.34,2025-03-01,补贴,其他
20250928RVF0BV,expense,9877.84,2025-09-28,加班,交通
20251028ROC9SF,expense,3393.78,2025-10-28,正常,食物
202505151GMEFC,expense,7966.86,2025-05-15,外卖,食物
20250419LQBXYK,expense,5091.37,2025-04-19,差旅,娱乐
202503275OFQH8,expense,4957.01,2025-03-27,报销,交通
20250725G01BQO,expense,2311.99,2025-07-25,生活费,娱乐
202502259RZCB7,expense,7196.31,2025-02-25,学习,娱乐
20250124T9WL3D,expense,1744.91,2025-01-24,补贴,交通
20250911MQMW90,expense,2573.23,2025-09-11,生活费,娱乐
20250105KMIU4Y,expense,7081.88,2025-01-05,娱乐,其他
20250118F4N5NZ,expense,8556.68,2025-01-18,娱乐,食物
20251009OJ8YJB,expense,654.67,2025-10-09,外卖,娱乐
20250106ZHUUXR,expense,1965.31,2025-01-06,外卖,交通
2025110618WC4G,expense,5503.77,2025-11-06,生活费,食物
20250609ANRLSP,expense,2245.54,2025-06-09,补贴,其他
20250211FLL7SL,expense,4298.20,2025-02-11,补贴,交通
20250628Z0M11H,expense,9518.06,2025-06-28,报销,娱乐
20250401F4M3OE,expense,5451.79,2025-04-01,生活费,其他
20250108RULYJC,expense,6372.19,2025-01-08,外卖,交通
202507208HAHJP,expense,9003.46,2025-07-20,差旅,娱乐
20251113TBKVJR,expense,1742.42,2025-11-13,外卖,其他
202507226VPONG,expense,9770.05,2025-07-22,购物,娱乐
20250622S8OVOL,expense,7330.90,2025-06-22,加班,食物
20250815TFZFIW,expense,7363.86,2025-08-15,购物,其他
20250516TTDQKG,expense,6161.65,2025-05-16,生活费,其他
20251204YQJMYP,expense,3779.42,2025-12-04,购物,其他
20250712QSHSDY,expense,8275.72,2025-07-12,正常,交通
20251222SZU449,expense,9165.77,2025-12-22,正常,食物
20250416OJJYKT,expense,3096.43,2025-04-16,学习,食物
20250825UAXGSA,expense,8629.18,2025-08-25,学习,食物
20250918QXS8WG,expense,3540.38,2025-09-18,加班,其他
20250822E573C4,expense,2879.94,2025-08-22,补贴,食物
20250314VPSQWQ,expense,5613.95,2025-03-14,正常,娱乐
20250803HMTFYQ,expense,9100.69,2025-08-03,加班,房租
202511148F87DC,expense,9963.04,2025-11-14,生活费,交通
202509048RYXLI,expense,8152.34,2025-09-04,报销,食物
20250615SM0I3E,expense,708.99,2025-06-15,加班,娱乐
20250210NOAY2A,expense,3771.00,2025-02-10,报销,房租
20250718BZD9WR,expense,3753.30,2025-07-18,正常,其他
202512215DPGZW,expense,7858.02,2025-12-21,差旅,房租
20250921S99RT1,expense,6426.66,2025-09-21,正常,其他
20250627SYG0IZ,expense,4210.44,2025-06-27,学习,其他
202511178IS7VA,expense,4730.15,2025-11-17,正常,交通
20250513PW6UY8,expense,7280.53,2025-05-13,学习,娱乐
20250801WZJAZE,expense,2871.40,2025-08-01,正常,食物
202504139MTHL8,expense,9719.25,2025-04-13,娱乐,房租
202510255TFGRC,expense,6370.40,2025-10-25,报销,交通
20250226USYH3R,expense,2848.24,2025-02-26,报销,房租
20250313ZMDLDL,expense,7022.81,2025-03-13,学习,交通
20250401V45T54,expense,655.01,2025-04-01,学习,房租
20250109F75MAE,expense,928.39,2025-01-09,加班,娱乐
20251021OVFN3N,expense,632.93,2025-10-21,购物,食物
20250210NRPMY0,expense,890.39,2025-02-10,加班,食物
20250505JLNFUV,expense,9574.43,2025-05-05,差旅,交通
20251107BZ2VBL,expense,8637.94,2025-11-07,学习,交通
20250609KAXG6J,expense,2603.65,2025-06-09,正常,房租
20250714AMYSNR,expense,818.56,2025-07-14,加班,食物
20250720EFENXS,expense,9841.06,2025-07-20,学习,其他
20250217OD81E2,expense,5052.25,2025-02-17,报销,房租
20250718RB7IKS,expense,7204.34,2025-07-18,生活费,交通
20250505JNMLJ4,expense,4261.13,2025-05-05,报销,食物
20251011QL2N27,expense,3089.40,2025-10-11,差旅,其他
20251227XKJ1TP,expense,1482.69,2025-12-27,学习,娱乐
20251106JAJMDL,expense,6024.18,2025-11-06,外卖,食物
20251018O6FLT1,expense,1821.23,2025-10-18,外卖,房租
202501239V3UEV,expense,9138.75,2025-01-23,购物,食物
20251205FYQY07,expense,9086.56,2025-12-05,娱乐,房租
202512133UGIJK,expense,2950.15,2025-12-13,购物,其他
20250514WQAUQO,expense,5758.77,2025-05-14,加班,其他
20250928UNY80S,expense,1702.47,2025-09-28,差旅,房租
202507205V6R03,expense,3257.83,2025-07-20,正常,食物
20250605PL3K25,expense,6153.37,2025-06-05,差旅,娱乐
202511103TJWFZ,expense,8198.23,2025-11-10,学习,房租
20250715O86DB2,expense,301.58,2025-07-15,报销,房租
20250408TMLQ2F,expense,1686.14,2025-04-08,购物,交通
202506211H5T89,expense,1635.44,2025-06-21,购物,其他
20250924YBT5MJ,expense,4157.27,2025-09-24,生活费,娱乐
20251002N5V3KL,expense,8159.12,2025-10-02,购物,娱乐
20250510NYAFQO,expense,457.40,2025-05-10,外卖,其他
20250424GH5Y46,expense,8179.48,2025-04-24,外卖,娱乐
202508097TRSAX,expense,1782.04,2025-08-09,购物,交通
202507224EX821,expense,5134.70,2025-07-22,补贴,房租
20251122Y5HOPU,expense,1890.25,2025-11-22,娱乐,食物
202510058PSBUP,expense,4158.04,2025-10-05,加班,其他
20250607QI0XGH,expense,2411.02,2025-06-07,学习,其他
20250823FM4IZ5,expense,9208.88,2025-08-23,生活费,其他
20250313T6U425,expense,6409.43,2025-03-13,差旅,交通
20251111D350GN,expense,3336.92,2025-11-11,娱乐,交通
20251106QV6MPO,expense,242.57,2025-11-06,购物,交通
202503289U5K99,expense,7778.83,2025-03-28,生活费,食物
202504039OQUYM,expense,8530.59,2025-04-03,正常,娱乐
20250909ESJGDK,expense,3691.03,2025-09-09,加班,娱乐
20251001AA9LJT,expense,2589.86,2025-10-01,购物,娱乐
20250422G40F5K,expense,2460.59,2025-04-22,娱乐,其他
20250708YRJIU9,expense,778.89,2025-07-08,娱乐,房租
202504028YY384,expense,9549.86,2025-04-02,加班,房租
20250221IOK576,expense,2420.53,2025-02-21,差旅,食物
20250717C3N24G,expense,3650.19,2025-07-17,娱乐,食物
20250805V6WRPT,expense,3143.60,2025-08-05,学习,房租
20250613H0NFLB,expense,2461.32,2025-06-13,外卖,交通
202510209CODXO,expense,6300.66,2025-10-20,正常,食物
20250308I4U0F5,expense,4871.05,2025-03-08,娱乐,娱乐
202510104XWBZG,expense,6090.92,2025-10-10,差旅,其他
20250913T6HWAQ,expense,1364.48,2025-09-13,外卖,房租
20250106YNSX30,expense,8322.28,2025-01-06,正常,交通
20250920GYHS1X,expense,9211.63,2025-09-20,外卖,食物
20250420MU3ENV,expense,431.75,2025-04-20,娱乐,食物
202501126GZQUF,expense,279.51,2025-01-12,差旅,娱乐
20251121HRSZR5,expense,191.22,2025-11-21,生活费,其他
202512163SACSN,expense,9685.33,2025-12-16,娱乐,房租
20250307QLMSM4,expense,7849.13,2025-03-07,购物,房租
2025122671LIDN,expense,4162.48,2025-12-26,正常,娱乐
202511273YU41Y,expense,3141.33,2025-11-27,报销,其他
20250305TC0RKW,expense,872.93,2025-03-05,报销,娱乐
20250121N1J4CM,expense,5913.80,2025-01-21,学习,其他
20251217MAR8M4,expense,3549.75,2025-12-17,生活费,房租
20250702PR11WW,expense,9646.16,2025-07-02,娱乐,娱乐
20251122IIMGZ7,expense,977.70,2025-11-22,购物,其他
202506032YJT7E,expense,4503.18,2025-06-03,补贴,其他
20250525TTZJBE,expense,4698.95,2025-05-25,购物,交通
20250409IDVROI,expense,1458.65,2025-04-09,购物,交通
2025060325ACGH,expense,1365.98,2025-06-03,购物,其他
20251021S791Q4,expense,9462.06,2025-10-21,补贴,其他
2025050844U7YA,expense,7235.76,2025-05-08,报销,交通
20250408BL195G,expense,7649.74,2025-04-08,生活费,娱乐
2025020449BDPE,expense,3398.37,2025-02-04,差旅,食物
2025010922PCQ2,expense,4707.23,2025-01-09,补贴,食物
20250714QOFFEU,expense,2766.82,2025-07-14,报销,其他
20250303QNOCS9,expense,4707.34,2025-03-03,学习,交通
20250821HSHPJ4,expense,9517.85,2025-08-21,差旅,房租
20250309XYOKLG,expense,3221.41,2025-03-09,正常,其他
20251013KJ267S,expense,9788.49,2025-10-13,报销,交通
20250724D6NJDW,expense,1854.78,2025-07-24,差旅,食物
20250626VZZD6Y,expense,3743.68,2025-06-26,娱乐,娱乐
20250113N7SR6O,expense,797.19,2025-01-13,正常,娱乐
20251120O9Y12P,expense,3284.88,2025-11-20,生活费,房租
2025010419VG2U,expense,8798.60,2025-01-04,生活费,交通
202511289QU203,expense,2620.97,2025-11-28,外卖,其他
20250705W5B35L,expense,6453.60,2025-07-05,外卖,房租
202506262K6RKJ,expense,9675.10,2025-06-26,加班,食物
20250213XP9FZR,expense,5149.56,2025-02-13,外卖,其他
202502081JPQP0,expense,3770.56,2025-02-08,补贴,娱乐
20251205NUN8GW,expense,563.55,2025-12-05,学习,娱乐
20250611Y6V4VH,expense,110.89,2025-06-11,外卖,娱乐
202507089MVE1R,expense,7755.66,2025-07-08,购物,娱乐
20250722VK2TY5,expense,6204.94,2025-07-22,学习,交通
2025101153C8NC,expense,7510.32,2025-10-11,差旅,房租
202501050SBQGX,expense,4516.70,2025-01-05,生活费,食物
20251027RQ34FX,expense,4438.30,2025-10-27,正常,其他
20251002C2YMH2,expense,6096.55,2025-10-02,生活费,娱乐
20250402NXLYLR,expense,775.17,2025-04-02,生活费,交通
202502265VYW0F,expense,9776.38,2025-02-26,补贴,食物
20251115SJIO8J,expense,9522.33,2025-11-15,正常,娱乐
20251015Z8A98M,expense,7899.00,2025-10-15,购物,其他
20251128NPFA0S,expense,4712.34,2025-11-28,差旅,食物
20250815BXUAH7,expense,6811.73,2025-08-15,学习,房租
202508171WODBZ,expense,3808.02,2025-08-17,差旅,娱乐
20250415ZJSXRL,expense,4702.49,2025-04-15,补贴,交通
20250928OPFJQM,expense,2582.34,2025-09-28,加班,食物
20250825A9F971,expense,6637.39,2025-08-25,购物,房租
20251007X6I3EW,expense,1337.94,2025-10-07,报销,娱乐
20250619VRPVB5,expense,114.53,2025-06-19,生活费,食物
20250210KS97W0,expense,6953.72,2025-02-10,生活费,食物
20251104B5S1DY,expense,7331.02,2025-11-04,外卖,其他
20250219XI0JT0,expense,659.77,2025-02-19,购物,其他
20250525O3IC55,expense,7198.82,2025-05-25,生活费,交通
20250624WQ2OLR,expense,1633.07,2025-06-24,外卖,食物
20250715LIIGV1,expense,249.67,2025-07-15,加班,其他
202506054R2K8B,expense,3754.12,2025-06-05,娱乐,房租
202512167GJ6U4,expense,1007.14,2025-12-16,差旅,房租
20250118I7DP7E,expense,7098.51,2025-01-18,娱乐,食物
20250609JV27GE,expense,7520.09,2025-06-09,外卖,交通
20250616VC844B,expense,3462.88,2025-06-16,外卖,交通
20251210F2HNCY,expense,317.97,2025-12-10,学习,交通
20250824HQE2QW,expense,2711.06,2025-08-24,差旅,其他
20250228SS4L9X,expense,3719.37,2025-02-28,娱乐,食物
20251224G067QP,expense,6154.58,2025-12-24,正常,其他
2025102874FH7B,expense,9211.33,2025-10-28,加班,娱乐
20251023GI6076,expense,3241.85,2025-10-23,差旅,娱乐
20250808NEKX3E,expense,9076.41,2025-08-08,报销,食物
20250123GS121E,expense,3441.26,2025-01-23,学习,其他
20250108QI21YJ,expense,1398.97,2025-01-08,外卖,娱乐
20250118K9BFKT,expense,7320.89,2025-01-18,购物,其他
20250515C8EM26,expense,3899.02,2025-05-15,娱乐,食物
20250211N8MVZN,expense,1713.84,2025-02-11,加班,交通
20250216A1BVF2,expense,1987.12,2025-02-16,生活费,娱乐
20250224NOD1R9,expense,23.47,2025-02-24,外卖,房租
20250405WLF8AJ,expense,9429.70,2025-04-05,报销,娱乐
202509136I7OJR,expense,667.76,2025-09-13,购物,其他
20250623O8LLUG,expense,5364.43,2025-06-23,学习,娱乐
202509181KXTP5,expense,5987.01,2025-09-18,正常,房租
20250804ZGW741,expense,3176.23,2025-08-04,加班,房租
20250118CX2SZ7,expense,520.54,2025-01-18,补贴,交通
20251202GXMWHH,expense,5859.67,2025-12-02,补贴,房租
202503287TXV9O,expense,4451.28,2025-03-28,购物,娱乐
20250311WS6AS0,expense,388.47,2025-03-11,加班,房租
202510083SYAUW,expense,3276.03,2025-10-08,差旅,交通
20250114CSA7P2,expense,5571.57,2025-01-14,生活费,食物
20250716TF7SBI,expense,4327.68,2025-07-16,补贴,其他
20250418SEID72,expense,706.91,2025-04-18,补贴,娱乐
20250308FHMH7V,expense,5637.58,2025-03-08,补贴,房租
20251019JE7ED8,expense,7429.93,2025-10-19,差旅,食物
202510209D4BV1,expense,668.95,2025-10-20,正常,娱乐
20251111GFPL4I,expense,6869.21,2025-11-11,购物,娱乐
20250325AC6EU8,expense,235.80,2025-03-25,正常,娱乐
20251006D2C96R,expense,4175.28,2025-10-06,补贴,交通
20250823DYSLCF,expense,2133.99,2025-08-23,学习,房租
20250917XGYHE6,expense,3164.17,2025-09-17,外卖,其他
202506103FQHHC,expense,1967.05,2025-06-10,外卖,娱乐
202510242Y0V8C,expense,4597.06,2025-10-24,补贴,交通
20250107HC8V1D,expense,3041.79,2025-01-07,差旅,食物
20250923P9MLTW,expense,1021.88,2025-09-23,购物,其他
20250214VJ8I2V,expense,9951.10,2025-02-14,补贴,房租
20250808X02U3J,expense,9650.74,2025-08-08,学习,房租
20250106YCJJXK,expense,8107.63,2025-01-06,娱乐,娱乐
20250224DYFK82,expense,2666.57,2025-02-24,报销,交通
20250226I2Z7SU,expense,6416.42,2025-02-26,差旅,其他
20251024IHSKEL,expense,2015.09,2025-10-24,正常,其他
20250520633LGG,expense,2884.02,2025-05-20,购物,食物
202502232NR5M6,expense,8830.48,2025-02-23,生活费,娱乐
20251011TSJJ81,expense,9809.82,2025-10-11,外卖,房租
20250825UIQ96D,expense,3529.88,2025-08-25,娱乐,娱乐
20250810HSXU1D,expense,6745.18,2025-08-10,正常,其他
20250115N3A2LZ,expense,8351.56,2025-01-15,外卖,其他
20250203MHOTIL,expense,2525.65,2025-02-03,外卖,其他
20250210NKJUTL,expense,9310.47,2025-02-10,加班,食物
20250406WMMWWD,expense,9746.04,2025-04-06,娱乐,食物
20250106EX6GB8,expense,9901.44,2025-01-06,生活费,娱乐
20251108MIFNJQ,expense,6152.52,2025-11-08,外卖,其他
20250421ZFKIYG,expense,1903.63,2025-04-21,正常,其他
202507010WY1G1,expense,9103.18,2025-07-01,学习,房租
202512056XX86R,expense,2992.30,2025-12-05,购物,交通
20250226FB08PT,expense,9359.47,2025-02-26,差旅,娱乐
20250807OOFBO1,expense,2205.09,2025-08-07,报销,房租
20250307016VER,expense,4683.80,2025-03-07,购物,其他
202510164XC7II,expense,235.68,2025-10-16,加班,其他
20250220W3GO2V,expense,7979.79,2025-02-20,补贴,交通
20251203SXIBVI,expense,3136.94,2025-12-03,学习,房租
20251123FELG90,expense,2124.44,2025-11-23,正常,交通
2025010582JIG8,expense,926.22,2025-01-05,生活费,娱乐
20250102M0HQ8B,expense,8557.84,2025-01-02,报销,交通
20250705CQL43A,expense,7017.46,2025-07-05,正常,其他
20251203Y0S54S,expense,8127.15,2025-12-03,正常,食物
2025040159U5JA,expense,5950.36,2025-04-01,购物,其他
20251111YVL4IJ,expense,1106.89,2025-11-11,正常,房租
202512220YWQ19,expense,3622.33,2025-12-22,购物,食物
20250915ORDZBI,expense,8335.10,2025-09-15,正常,其他
20250920NRPJ91,expense,6174.57,2025-09-20,娱乐,房租
20250811PFKY16,expense,6430.87,2025-08-11,学习,交通
20251021DUV068,expense,1164.93,2025-10-21,外卖,娱乐
202503280Y2511,expense,1582.38,2025-03-28,外卖,房租
20250320MLGE7M,expense,6873.93,2025-03-20,购物,房租
202505086JLPTJ,expense,707.14,2025-05-08,外卖,交通
20251101CBF8B8,expense,4605.42,2025-11-01,加班,房租
20250322KSQS5W,expense,8633.36,2025-03-22,学习,交通
20250905V4FSJ8,expense,5076.21,2025-09-05,学习,交通
20251215U3FGJZ,expense,9003.18,2025-12-15,学习,交通
20250401UMSBOB,expense,4835.94,2025-04-01,加班,交通
202504218ARZ47,expense,438.02,2025-04-21,补贴,其他
20250920K77EUH,expense,8830.86,2025-09-20,补贴,其他
202510273KM45S,expense,4344.93,2025-10-27,外卖,食物
20250705SN6PG1,expense,5986.75,2025-07-05,娱乐,娱乐
20250614N85TI4,expense,3672.90,2025-06-14,报销,交通
20250323VFL1SR,expense,2370.86,2025-03-23,购物,食物
20251111K8G4OQ,expense,3961.64,2025-11-11,正常,其他
20250301FSAW7B,expense,3928.28,2025-03-01,正常,交通
20250722EQSV85,expense,5992.14,2025-07-22,学习,其他
20250414PEYY6V,expense,946.75,2025-04-14,正常,其他
202509112J648T,expense,5207.38,2025-09-11,娱乐,其他
2025071792I63C,expense,1567.37,2025-07-17,生活费,交通
202504156OT317,expense,3004.51,2025-04-15,生活费,娱乐
202504170FDNAE,expense,4060.39,2025-04-17,报销,房租
20250602N4I0Q0,expense,8178.09,2025-06-02,正常,房租
2025030491FSY4,expense,4376.87,2025-03-04,正常,其他
202509210PDCZP,expense,1443.35,2025-09-21,报销,交通
20250107UI2RFJ,expense,328.31,2025-01-07,外卖,其他
20250211AMT7EV,expense,5047.47,2025-02-11,生活费,交通
202511134CBXN6,expense,9040.90,2025-11-13,学习,其他
20250321LKJ3XZ,expense,7413.94,2025-03-21,加班,交通
20250212XT7LTV,expense,9815.49,2025-02-12,生活费,房租
2025031185E413,expense,5084.03,2025-03-11,购物,其他
20250627OP0JOR,expense,5709.43,2025-06-27,学习,娱乐
20250906QY3A0L,expense,9894.14,2025-09-06,差旅,娱乐
20250213BWU4PW,expense,3924.23,2025-02-13,报销,交通
20250908R46KEZ,expense,7409.02,2025-09-08,正常,房租
20250927ZUDY73,expense,2048.03,2025-09-27,补贴,其他
202508191G4006,expense,9874.88,2025-08-19,购物,食物
20251011JEE1AP,expense,3460.09,2025-10-11,差旅,交通
20250710LW8MGD,expense,4960.43,2025-07-10,生活费,房租
20251020VWXCDP,expense,1075.58,2025-10-20,差旅,娱乐
20250721G1NXV8,expense,1777.13,2025-07-21,外卖,娱乐
20250722UFIJY4,expense,8488.00,2025-07-22,购物,交通
20250120T7BZG8,expense,2316.60,2025-01-20,生活费,交通
202511113VSJP2,expense,5547.81,2025-11-11,正常,交通
20251212QVCVKS,expense,5379.02,2025-12-12,差旅,娱乐
20250712UXCPWR,expense,6281.46,2025-07-12,生活费,交通
20251215XL0R35,expense,2227.76,2025-12-15,生活费,其他
20250928QVDF8T,expense,1382.58,2025-09-28,补贴,交通
2025011709ZR6Y,expense,1667.86,2025-01-17,差旅,交通
20250403VOABSV,expense,9066.95,2025-04-03,加班,娱乐
20251020TPAQPM,expense,3230.59,2025-10-20,报销,交通
20250106IB2O6I,expense,1997.35,2025-01-06,学习,房租
20250916XUFAE7,expense,9319.47,2025-09-16,报销,食物
20250513Q6JG5S,expense,9848.00,2025-05-13,报销,食物
20250308URNHBF,expense,3135.93,2025-03-08,娱乐,其他
20251101G4B2X8,expense,2033.95,2025-11-01,娱乐,交通
2025012703OEV6,expense,1852.37,2025-01-27,学习,娱乐
20251213O5HZV5,expense,2395.47,2025-12-13,购物,其他
202510269S7C4C,expense,6433.48,2025-10-26,娱乐,其他
20250717ISRXCB,expense,1424.53,2025-07-17,加班,娱乐
20250927HXJ72T,expense,2029.59,2025-09-27,购物,食物
2025010889IOPP,expense,324.89,2025-01-08,正常,食物
20250202DO9O5P,expense,9610.54,2025-02-02,加班,房租
2025072313I665,expense,6096.15,2025-07-23,生活费,房租
20250520FSMIXJ,expense,2556.12,2025-05-20,正常,娱乐
20251126URNRNI,expense,3951.65,2025-11-26,娱乐,食物
20250314PU2QKG,expense,9915.17,2025-03-14,加班,食物
20250422RG06MB,expense,1.81,2025-04-22,购物,房租
202508164VR3GX,expense,7621.16,2025-08-16,外卖,交通
20251016GJDJUV,expense,98.14,2025-10-16,购物,交通
202503238JGKKK,expense,4364.35,2025-03-23,正常,其他
202501189CGDBV,expense,5950.29,2025-01-18,生活费,娱乐
20250117XT70F2,expense,5425.86,2025-01-17,外卖,食物
20250428UF3JRR,expense,2267.57,2025-04-28,外卖,娱乐
20250512UEZSQ3,expense,4835.43,2025-05-12,补贴,房租
20250227E79SCC,expense,4827.13,2025-02-27,正常,其他
202505271IEVFB,expense,9663.92,2025-05-27,外卖,房租
202501269GE1IN,expense,7797.02,2025-01-26,加班,食物
20250621DOVBIH,expense,9581.22,2025-06-21,外卖,娱乐
20250709HXAGGJ,expense,966.97,2025-07-09,差旅,食物
20251126HT59G1,expense,4588.50,2025-11-26,差旅,食物
20250227TE0E70,expense,1874.55,2025-02-27,购物,娱乐
202508155N2BWY,expense,1986.95,2025-08-15,购物,交通
20251215RD21TO,expense,569.55,2025-12-15,购物,房租
20250118VT5CLW,expense,9578.11,2025-01-18,购物,食物
20250308Q9TEZO,expense,1535.21,2025-03-08,娱乐,食物
20250213JJPWBJ,expense,2307.89,2025-02-13,生活费,其他
2025122385A0Y6,expense,1573.09,2025-12-23,外卖,娱乐
2025012199EABW,expense,3707.68,2025-01-21,差旅,交通
20251019WVJ1PA,expense,8582.47,2025-10-19,报销,娱乐
20250703QIOYKS,expense,830.24,2025-07-03,正常,其他
20250616ML93TO,expense,871.50,2025-06-16,补贴,食物
20250218UQCLRL,expense,5542.09,2025-02-18,差旅,其他
20250711M4SCO8,expense,166.21,2025-07-11,生活费,食物
20250723FDWV30,expense,6247.65,2025-07-23,学习,其他
20251121M6H9DN,expense,2470.70,2025-11-21,补贴,其他
202504194QL37Q,expense,7183.03,2025-04-19,加班,交通
20251002JFU7NN,expense,6748.54,2025-10-02,购物,交通
20250919XO1YLI,expense,928.67,2025-09-19,正常,其他
20251115SSB9SP,expense,4961.78,2025-11-15,外卖,交通
202512266KLWCE,expense,386.09,2025-12-26,正常,房租
20250409L2R6NF,expense,6492.36,2025-04-09,购物,娱乐
20250811M9YBV3,expense,4896.47,2025-08-11,娱乐,娱乐
20250713AJHVAB,expense,8243.34,2025-07-13,购物,娱乐
20250218P590U2,expense,9959.27,2025-02-18,生活费,交通
20250205XWK65E,expense,1911.43,2025-02-05,购物,食物
20250315228V5N,expense,7838.69,2025-03-15,生活费,房租
20250216NIHXU4,expense,5825.28,2025-02-16,学习,交通
202506149II0QK,expense,5789.10,2025-06-14,学习,交通
20250219JW8BJL,expense,9861.02,2025-02-19,正常,娱乐
20250201OXN65O,expense,118.00,2025-02-01,补贴,娱乐
20250219OEIZ71,expense,1385.82,2025-02-19,外卖,娱乐
20251219EOPGS1,expense,3458.20,2025-12-19,生活费,食物
202510116Z3JY6,expense,3370.55,2025-10-11,外卖,食物
20250725AEVTHR,expense,1361.75,2025-07-25,加班,房租
20250711DE2KA6,expense,8692.68,2025-07-11,报销,娱乐
2025122418M695,expense,5288.25,2025-12-24,学习,娱乐
20250415LYHI7Q,expense,8516.30,2025-04-15,生活费,交通
202506048SJIB8,expense,8591.72,2025-06-04,正常,食物
20251219RM0TQB,expense,9540.88,2025-12-19,补贴,食物
20251204RFWEH5,expense,6511.63,2025-12-04,正常,其他
20250512LCW8HO,expense,8954.63,2025-05-12,购物,交通
20250123HZJ1GW,expense,7455.24,2025-01-23,生活费,交通
20251023D1T3VV,expense,9765.18,2025-10-23,加班,交通
20250214GBV20P,expense,5457.64,2025-02-14,报销,食物
2025060933B3CV,expense,941.29,2025-06-09,娱乐,食物
20250519E1VF9V,expense,980.66,2025-05-19,购物,食物
20250408CLOWID,expense,5694.46,2025-04-08,差旅,娱乐
20250326WJP5D6,expense,7920.23,2025-03-26,补贴,食物
202511145OSERI,expense,9305.96,2025-11-14,娱乐,娱乐
202504155MFA10,expense,816.92,2025-04-15,正常,娱乐
20250509JS1OD4,expense,1183.93,2025-05-09,加班,其他
20251105JFPWXV,expense,5288.68,2025-11-05,差旅,其他
20251218O4NSB3,expense,2051.57,2025-12-18,差旅,交通
20251002ETUQJA,expense,9020.29,2025-10-02,正常,房租
20250622GJFS6T,expense,5379.89,2025-06-22,外卖,房租
202506078AX7VE,expense,5922.05,2025-06-07,差旅,交通
202507223LDDTJ,expense,9419.01,2025-07-22,生活费,房租
202510127SA2S7,expense,2909.02,2025-10-12,补贴,其他
20251015CF0WGA,expense,4110.12,2025-10-15,生活费,房租
20250114CZF1VT,expense,781.78,2025-01-14,生活费,其他
20251223WKAX72,expense,7866.90,2025-12-23,学习,娱乐
20250224G2ZO03,expense,9087.18,2025-02-24,购物,娱乐
20250128KEUR4E,expense,63.58,2025-01-28,学习,房租
20250420SFDDSH,expense,9269.42,2025-04-20,报销,其他
20250415S4CJKH,expense,7523.75,2025-04-15,正常,娱乐
20250714A8RMC9,expense,6139.62,2025-07-14,加班,交通
20251020JRD93B,expense,2078.76,2025-10-20,补贴,娱乐
202507278LJ016,expense,5215.76,2025-07-27,正常,食物
20250817CMERD3,expense,2949.39,2025-08-17,差旅,其他
20250314V0WLKK,expense,7251.94,2025-03-14,加班,其他
202501016G5MEA,expense,5325.94,2025-01-01,生活费,食物
20250608K1B8S1,expense,2666.24,2025-06-08,外卖,娱乐
20250324DN0J10,expense,7206.43,2025-03-24,差旅,房租
20250817FZUN0D,expense,931.54,2025-08-17,生活费,娱乐
202506055RVU28,expense,3977.63,2025-06-05,购物,食物
20250510WONA26,expense,1118.76,2025-05-10,生活费,其他
20250804ENIYBY,expense,408.34,2025-08-04,报销,娱乐
20250926I5BBHX,expense,9169.55,2025-09-26,加班,其他
2025090531LIB4,expense,1177.61,2025-09-05,外卖,交通
20251210OYUSWC,expense,2830.13,2025-12-10,报销,房租
202506184OZIAL,expense,8102.74,2025-06-18,正常,交通
202501216FV5MQ,expense,2541.20,2025-01-21,娱乐,房租
20250517NIPOAW,expense,1468.66,2025-05-17,娱乐,交通
202501040WP6M5,expense,2312.55,2025-01-04,差旅,房租
20250326ALCP9W,expense,8806.74,2025-03-26,外卖,房租
20250615Y19X2J,expense,4208.94,2025-06-15,差旅,食物
20250928NAC6KK,expense,2238.82,2025-09-28,报销,房租
20250622BK4TCN,expense,8147.73,2025-06-22,正常,食物
202510067TGZ23,expense,6087.23,2025-10-06,购物,其他
20250624E12YZJ,expense,6319.06,2025-06-24,补贴,娱乐
2025061568CC8L,expense,7298.35,2025-06-15,学习,房租
2025041409T3P0,expense,6974.51,2025-04-14,差旅,交通
202501071AEQGE,expense,3955.15,2025-01-07,外卖,交通
20250822VD228Z,expense,8983.02,2025-08-22,娱乐,交通
202511170IOH5B,expense,599.39,2025-11-17,正常,其他
20250411SOJP88,expense,4439.42,2025-04-11,正常,其他
2025122269QGPF,expense,6893.63,2025-12-22,补贴,食物
20251206ZTO1Z8,expense,2801.68,2025-12-06,学习,娱乐
20250907X1HTVA,expense,3270.55,2025-09-07,报销,食物
20251211OPG6IR,expense,9888.93,2025-12-11,娱乐,房租
20250511IFXRTW,expense,3651.29,2025-05-11,加班,房租
20250902PQ0GJ8,expense,3422.63,2025-09-02,学习,房租
20250604D2B7OX,expense,785.03,2025-06-04,生活费,房租
20250716YYUE89,expense,4361.75,2025-07-16,差旅,交通
20250313B9OKO4,expense,4283.51,2025-03-13,生活费,交通
20250915CT73CZ,expense,315.68,2025-09-15,生活费,房租
202502288LKAXO,expense,6868.79,2025-02-28,学习,交通
20251102RXTR9D,expense,5708.94,2025-11-02,购物,交通
20250418BND9GN,expense,2312.62,2025-04-18,差旅,交通
202501190TLEZA,expense,3517.62,2025-01-19,加班,房租
20250524LE530R,expense,6182.13,2025-05-24,生活费,食物
20250902BEWMMX,expense,6666.71,2025-09-02,娱乐,其他
20251125KMR2CO,expense,9604.41,2025-11-25,报销,娱乐
20250317IHW9BJ,expense,1140.96,2025-03-17,外卖,房租
2025122695AWZF,expense,7912.13,2025-12-26,外卖,房租
202501046H5I4Y,expense,2434.40,2025-01-04,补贴,交通
20251102AHVW5F,expense,3526.52,2025-11-02,外卖,房租
20250619ST0F82,expense,6651.43,2025-06-19,学习,交通
20250424N6ZEW9,expense,8051.53,2025-04-24,外卖,交通
20250420T74RG5,expense,873.86,2025-04-20,正常,交通
20251127G6I4PU,expense,1645.10,2025-11-27,正常,交通
202506187THW1E,expense,8981.25,2025-06-18,补贴,娱乐
202506012N1VAH,expense,8220.31,2025-06-01,差旅,娱乐
202502159MS6O5,expense,2369.61,2025-02-15,加班,交通
202504153NTA3U,expense,5889.19,2025-04-15,加班,其他
20250727TAXDL9,expense,4671.85,2025-07-27,补贴,其他
20250221X6IHPB,expense,4658.67,2025-02-21,生活费,其他
20250601EMJX2B,expense,149.35,2025-06-01,补贴,其他
20250717LZ660C,expense,1224.15,2025-07-17,娱乐,娱乐
20251012X4VV5P,expense,4403.33,2025-10-12,差旅,交通
202508236IECL2,expense,4397.43,2025-08-23,差旅,房租
20250911XEY8QM,expense,1338.18,2025-09-11,学习,娱乐
202508013YYZ5Z,expense,9949.14,2025-08-01,差旅,交通
20251202F2GJ0U,expense,3105.55,2025-12-02,学习,交通
20250313CB21EZ,expense,6303.01,2025-03-13,加班,交通
20251109X0P6ZW,expense,5039.14,2025-11-09,补贴,娱乐
202501206VRQVR,expense,5737.87,2025-01-20,正常,娱乐
20251002MOVZZT,expense,2679.33,2025-10-02,补贴,食物
20251113P08KEE,expense,6902.25,2025-11-13,娱乐,娱乐
20250816I3HAAL,expense,2940.65,2025-08-16,差旅,房租
20251027F7DDN2,expense,4284.35,2025-10-27,差旅,交通
20250627YNYO9A,expense,6473.41,2025-06-27,正常,其他
20250208M5VTF2,expense,1830.08,2025-02-08,加班,交通
20250516FO3HP6,expense,8196.23,2025-05-16,娱乐,房租
20251108XWRTH8,expense,8835.11,2025-11-08,正常,娱乐
20250905ISIHUK,expense,9672.50,2025-09-05,正常,食物
20251122I3CKY1,expense,3698.51,2025-11-22,差旅,交通
202506083YV35I,expense,1941.30,2025-06-08,补贴,食物
20250925OIM7WU,expense,1555.17,2025-09-25,生活费,交通
20251206HKR53E,expense,5198.98,2025-12-06,生活费,交通
202511181P0DKC,expense,8803.42,2025-11-18,差旅,娱乐
20250224TV7UAP,expense,949.59,2025-02-24,加班,其他
20251006VLJDKZ,expense,9707.52,2025-10-06,报销,娱乐
20250119L1OAB7,expense,958.11,2025-01-19,购物,食物
202507056AE4N0,expense,6989.30,2025-07-05,补贴,交通
202510139K1F3T,expense,7174.04,2025-10-13,补贴,娱乐
20250914VCUOW9,expense,4116.12,2025-09-14,生活费,食物
20251126KFV7W9,expense,5895.35,2025-11-26,补贴,食物
20250914WF2Z71,expense,7600.85,2025-09-14,购物,娱乐
20251105SQIZEY,expense,7314.45,2025-11-05,学习,其他
202503086T7112,expense,4371.32,2025-03-08,正常,食物
2025011348SAP5,expense,7440.17,2025-01-13,生活费,其他
202508211X623V,expense,6931.77,2025-08-21,购物,食物
202512243YDIL4,expense,4830.61,2025-12-24,生活费,其他
202502261LBSVG,expense,9156.00,2025-02-26,补贴,其他
20250423Y14GRN,expense,7084.26,2025-04-23,差旅,交通
202512129R7M0R,expense,3177.93,2025-12-12,购物,房租
20251011IU12F9,expense,6218.50,2025-10-11,差旅,娱乐
20250128HPF0X1,expense,2575.12,2025-01-28,娱乐,娱乐
20250913BIN5I3,expense,2198.28,2025-09-13,外卖,食物
20250311C48UK9,expense,3470.65,2025-03-11,正常,交通
202505224XWRQZ,expense,8301.24,2025-05-22,差旅,其他
20251001BR2YAF,expense,3141.03,2025-10-01,购物,娱乐
202509011LIIPM,expense,6373.03,2025-09-01,生活费,娱乐
20251214KQLVCB,expense,3177.29,2025-12-14,生活费,食物
20251205TR8L7Y,expense,4795.87,2025-12-05,报销,娱乐
20250406ECT09V,expense,8995.69,2025-04-06,购物,交通
2025050322GMJ3,expense,391.20,2025-05-03,正常,其他
20251006I3KRVZ,expense,2027.98,2025-10-06,加班,食物
202505063RP7RN,expense,8610.29,2025-05-06,正常,食物
20250208N08U6H,expense,2508.95,2025-02-08,补贴,食物
20251127OTI8ZN,expense,536.53,2025-11-27,补贴,交通
20250609DV60TL,expense,7837.98,2025-06-09,购物,交通
202511205GXFAV,expense,2887.14,2025-11-20,学习,其他
20251114Z7DY0N,expense,6849.59,2025-11-14,正常,交通
20250419CCK9SF,expense,9595.33,2025-04-19,生活费,房租
20250706APQZGR,expense,2341.63,2025-07-06,正常,交通
20250203O17PSH,expense,4220.01,2025-02-03,外卖,交通
202508098PGF49,expense,1516.25,2025-08-09,差旅,食物
20250424YOWY48,expense,8814.13,2025-04-24,加班,娱乐
20250921NVLCK8,expense,8544.85,2025-09-21,外卖,其他
20250817OYU1I1,expense,9388.41,2025-08-17,报销,房租
20251018VR680N,expense,2830.24,2025-10-18,购物,食物
20250604AVQ5RE,expense,7609.00,2025-06-04,外卖,交通
20250725VAW66N,expense,1671.02,2025-07-25,正常,食物
20250325QWWON9,expense,4076.12,2025-03-25,购物,食物
20250215IV3S9A,expense,1431.14,2025-02-15,报销,其他
202509288PZHK7,expense,94.96,2025-09-28,学习,房租
20250904KR0F6Y,expense,556.68,2025-09-04,差旅,房租
20250121X8M92B,expense,7130.36,2025-01-21,购物,食物
20250715Z8CGLN,expense,4910.44,2025-07-15,差旅,房租
20250922TM6AJ2,expense,3673.99,2025-09-22,补贴,房租
20251128KO9QO5,expense,2685.79,2025-11-28,生活费,食物
202508084ELXKI,expense,1088.69,2025-08-08,补贴,其他
20250805CR1PK4,expense,1907.08,2025-08-05,生活费,食物
202505188AYZTU,expense,8016.37,2025-05-18,生活费,娱乐
20250910LUGO55,expense,2095.40,2025-09-10,购物,房租
2025102425ZDP5,expense,784.33,2025-10-24,购物,交通
202508127GP5KX,expense,8211.92,2025-08-12,加班,交通
20250624ULD27B,expense,7106.89,2025-06-24,报销,食物
20250601HVFK7L,expense,1490.72,2025-06-01,外卖,其他
20251103XLUU1L,expense,5272.01,2025-11-03,正常,交通
20250907XY9BW5,expense,3234.37,2025-09-07,外卖,食物
202507147KATFO,expense,8122.83,2025-07-14,购物,房租
20250522BZNJBC,expense,5490.99,2025-05-22,差旅,食物
2025112491WBCF,expense,9423.06,2025-11-24,学习,交通
20250621NL20W2,expense,832.57,2025-06-21,娱乐,食物
202508130EMT7R,expense,3964.37,2025-08-13,购物,房租
20251221E4M7IY,expense,6467.62,2025-12-21,报销,交通
20250210JBMTAL,expense,980.66,2025-02-10,补贴,娱乐
202509163M7OR1,expense,5944.26,2025-09-16,购物,娱乐
20251016BUEZ3R,expense,3861.82,2025-10-16,娱乐,食物
202512091UMINS,expense,7826.43,2025-12-09,补贴,娱乐
20251222BTOYC8,expense,4212.81,2025-12-22,加班,食物
20251128S7XIXI,expense,4491.49,2025-11-28,正常,房租
202503144PBX83,expense,1198.54,2025-03-14,生活费,娱乐
20250318769GMS,expense,3162.20,2025-03-18,加班,其他
202501071P0KA2,expense,4787.57,2025-01-07,报销,交通
20250720K0U8C6,expense,7192.92,2025-07-20,购物,食物
20250415LAW9XU,expense,5624.38,2025-04-15,外卖,交通
20251017ES8C27,expense,6011.20,2025-10-17,报销,交通
202506123EY8JP,expense,2560.06,2025-06-12,购物,房租
20250718G7YT7J,expense,3813.13,2025-07-18,补贴,娱乐
2025062149SCO0,expense,9791.34,2025-06-21,外卖,房租
20250817OZH4WD,expense,3138.31,2025-08-17,补贴,房租
202503154IGNGG,expense,7477.75,2025-03-15,外卖,娱乐
20251214R6DR3M,expense,4101.49,2025-12-14,生活费,其他
20250106ETNA81,expense,9690.65,2025-01-06,购物,交通
20250607F8A1WU,expense,6471.93,2025-06-07,学习,食物
20251203NBD3IR,expense,3715.64,2025-12-03,差旅,娱乐
20250614EBZPWB,expense,1923.27,2025-06-14,报销,其他
20250923YLDNW6,expense,2776.65,2025-09-23,娱乐,食物
202506014ZISLZ,expense,7769.83,2025-06-01,学习,娱乐
20250518IE9MYD,expense,8632.55,2025-05-18,娱乐,其他
202505262YWCZ6,expense,1684.67,2025-05-26,生活费,其他
202508256U4JOY,expense,8372.16,2025-08-25,娱乐,房租
20250101ATGD6F,expense,6930.47,2025-01-01,外卖,食物
20251025DS16QW,expense,1100.35,2025-10-25,购物,交通
20250319CG4ZW5,expense,1496.56,2025-03-19,学习,房租
20250210YWMWNF,expense,6704.17,2025-02-10,补贴,娱乐
2025080514KWNS,expense,3592.48,2025-08-05,差旅,其他
20250409K2BIJ1,expense,2622.37,2025-04-09,正常,交通
20250518FCLEQC,expense,5448.91,2025-05-18,娱乐,娱乐
20251011RVXFVR,expense,44.94,2025-10-11,补贴,娱乐
20251103D4BW19,expense,7944.99,2025-11-03,补贴,娱乐
202507032ZL4CQ,expense,5945.74,2025-07-03,正常,食物
202501172SIEQ9,expense,2632.46,2025-01-17,购物,其他
202510067GGXW7,expense,7262.60,2025-10-06,正常,交通
2025020547HX62,expense,1371.85,2025-02-05,生活费,交通
2025100237N7HA,expense,1716.23,2025-10-02,报销,房租
20250728JECXYU,expense,3796.86,2025-07-28,购物,娱乐
202512204GLEV3,expense,5145.38,2025-12-20,报销,房租
202508250GQ64Z,expense,4292.99,2025-08-25,报销,食物
202507040B33T3,expense,524.10,2025-07-04,外卖,其他
20250608CVAK9H,expense,5845.22,2025-06-08,补贴,房租
20250828AQ6D68,expense,4714.35,2025-08-28,学习,房租
202501130OXOZS,expense,2702.41,2025-01-13,加班,房租
20250515807HD0,expense,2619.94,2025-05-15,生活费,交通
202503186NFLKU,expense,5420.14,2025-03-18,外卖,食物
202511089S7G7V,expense,165.92,2025-11-08,娱乐,交通
20250802DFDAS5,expense,6673.92,2025-08-02,报销,房租
20251223PAOT8U,expense,5475.96,2025-12-23,学习,食物
20250227SJZKUB,expense,516.90,2025-02-27,购物,娱乐
20250817EZFUIP,expense,7210.20,2025-08-17,外卖,交通
202509115AW6YQ,expense,9885.89,2025-09-11,娱乐,其他
202501255W8NWA,expense,4658.29,2025-01-25,生活费,房租
20250816AO3UAF,expense,4403.45,2025-08-16,加班,娱乐
20250206F91UFU,expense,3173.76,2025-02-06,外卖,其他
20251205YZ9Y8X,expense,9148.53,2025-12-05,正常,食物
202512272LFVD4,expense,414.70,2025-12-27,正常,交通
20251117UBG5O7,expense,6217.15,2025-11-17,差旅,交通
2025122210E0KW,expense,7592.60,2025-12-22,补贴,食物
20250507B5JPVX,expense,275.07,2025-05-07,正常,其他
20250517RPW1U9,expense,1385.72,2025-05-17,学习,其他
202502120KORDJ,expense,1693.92,2025-02-12,娱乐,食物
202510134JG1Q3,expense,162.17,2025-10-13,购物,房租
20250319MRE1C9,expense,128.69,2025-03-19,补贴,房租
20250117LP30WH,expense,8733.49,2025-01-17,学习,房租
20251027APO4P3,expense,9205.83,2025-10-27,差旅,其他
20251006BL55MF,expense,2602.60,2025-10-06,娱乐,其他
20250206U0L9R5,expense,6171.76,2025-02-06,报销,房租
20250205JFPDVY,expense,3087.62,2025-02-05,外卖,房租
20250916BLR8KZ,expense,8430.28,2025-09-16,补贴,其他
20250413SOL30R,expense,2850.50,2025-04-13,补贴,房租
2025021471Y29O,expense,7015.56,2025-02-14,正常,食物
20251120FFY1VC,expense,174.15,2025-11-20,加班,其他
202510060TNPXA,expense,3086.35,2025-10-06,购物,交通
20250320QDZ2XF,expense,4919.19,2025-03-20,差旅,娱乐
20250621VBB6M5,expense,7873.85,2025-06-21,正常,交通
20250108DKR1SO,expense,3651.43,2025-01-08,报销,食物
20250718P423RE,expense,2552.23,2025-07-18,娱乐,食物
202510256EWY5M,expense,6591.43,2025-10-25,加班,娱乐
20250910Y650C8,expense,7519.78,2025-09-10,差旅,交通
20250827SG8QHN,expense,1345.77,2025-08-27,加班,交通
20250820E998MX,expense,8934.69,2025-08-20,生活费,交通
202512254DQ9AB,expense,2024.78,2025-12-25,娱乐,娱乐
20250118Z6Y7U4,expense,1025.65,2025-01-18,差旅,房租
20250908ANN6GS,expense,2869.49,2025-09-08,生活费,房租
20250605L6AEWR,expense,6815.31,2025-06-05,报销,食物
202506255MNZIY,expense,5198.24,2025-06-25,补贴,交通
20250811TNDA6G,expense,5089.01,2025-08-11,差旅,娱乐
20251010XEYIOC,expense,1463.69,2025-10-10,外卖,房租
20250803NLK9GM,expense,7218.82,2025-08-03,加班,房租
20251224TE99OE,expense,3428.90,2025-12-24,外卖,房租
20251011C68Z1N,expense,5813.96,2025-10-11,补贴,其他
20251002PAPGN2,expense,6869.57,2025-10-02,正常,交通
20250602ZRCIRG,expense,6999.97,2025-06-02,报销,交通
20251225XTJD28,expense,3159.91,2025-12-25,购物,房租
20251124XXVDDT,expense,762.90,2025-11-24,娱乐,交通
20251012PT6SQ3,expense,5869.37,2025-10-12,生活费,娱乐
20250619RYISV7,expense,660.28,2025-06-19,报销,娱乐
2025072361F1L7,expense,353.56,2025-07-23,学习,食物
2025021299B2YS,expense,8138.65,2025-02-12,补贴,交通
20250525SXZKO4,expense,403.26,2025-05-25,购物,房租
202509199CJ5O3,expense,5668.06,2025-09-19,加班,娱乐
202506169E5JMU,expense,4003.49,2025-06-16,娱乐,娱乐
2025071255P12G,expense,8662.71,2025-07-12,差旅,其他
20250209601LMG,expense,2245.05,2025-02-09,学习,食物
20250924M0QW8F,expense,5839.60,2025-09-24,正常,娱乐
20251124EW6GUH,expense,8265.23,2025-11-24,加班,房租
202503169IJ0KW,expense,8747.04,2025-03-16,报销,娱乐
202501210MH117,expense,7260.80,2025-01-21,报销,食物
20251017VPEK1H,expense,3848.33,2025-10-17,差旅,食物
20251005NO9FCV,expense,3320.20,2025-10-05,外卖,交通
20251112XFLP8N,expense,6559.21,2025-11-12,娱乐,其他
20251024T2GN0X,expense,8333.87,2025-10-24,加班,其他
20250805FDIJ9B,expense,8025.52,2025-08-05,差旅,交通
202502086LYDBP,expense,9217.83,2025-02-08,外卖,房租
20250115LTL9HK,expense,6611.95,2025-01-15,报销,交通
20250813D7EDNU,expense,6258.45,2025-08-13,正常,其他
20250506ZM8ACJ,expense,4296.26,2025-05-06,生活费,交通
20250620KYBE8S,expense,5294.74,2025-06-20,差旅,交通
20250818161K6T,expense,7057.27,2025-08-18,正常,食物
20250225YJE5OB,expense,7668.82,2025-02-25,学习,娱乐
20251201W4JJCG,expense,4259.93,2025-12-01,差旅,其他
20250105FC87J5,expense,9907.83,2025-01-05,报销,交通
20251124T3JVQN,expense,9774.00,2025-11-24,生活费,其他
202505283OBWHI,expense,8180.27,2025-05-28,正常,其他
202512156SO9QH,expense,3238.86,2025-12-15,差旅,食物
202502125ZRUVX,expense,2109.44,2025-02-12,学习,交通
202507119MY29X,expense,5192.20,2025-07-11,正常,交通
20250211MXWLGA,expense,8940.73,2025-02-11,差旅,娱乐
20250308Z2R64C,expense,5746.69,2025-03-08,学习,交通
20250912087XZ7,expense,1252.27,2025-09-12,生活费,交通
20251020EXD8YL,expense,5671.64,2025-10-20,购物,房租
20250810K8UM3B,expense,7408.31,2025-08-10,娱乐,房租
20251202J0Y8IA,expense,422.05,2025-12-02,外卖,食物
202501254WZHEH,expense,555.43,2025-01-25,加班,食物
20250125B9P0WG,expense,4431.64,2025-01-25,正常,食物
202508266ICAP9,expense,6897.32,2025-08-26,学习,房租
20250221APEFFX,expense,841.09,2025-02-21,学习,娱乐
20250122WW4M6B,expense,5710.69,2025-01-22,娱乐,食物
20250816EY9PEA,expense,7483.09,2025-08-16,娱乐,其他
20250903CIX568,expense,1816.70,2025-09-03,报销,食物
20251128GXOCKD,expense,9149.58,2025-11-28,报销,交通
20251211XLHGKB,expense,1633.21,2025-12-11,娱乐,娱乐
20250912BIDXJG,expense,6929.79,2025-09-12,生活费,娱乐
20250825JYOOAQ,expense,2406.27,2025-08-25,补贴,娱乐
20250205AV07VJ,expense,4092.03,2025-02-05,加班,房租
20250918ZFF6TW,expense,7958.67,2025-09-18,购物,其他
20250902V517BL,expense,8707.59,2025-09-02,娱乐,交通
20251017KVXQFS,expense,4697.79,2025-10-17,补贴,食物
20250627O5NQRI,expense,7933.12,2025-06-27,娱乐,房租
20250808F06MQG,expense,7270.64,2025-08-08,娱乐,其他
20250419N1XC4D,expense,5371.43,2025-04-19,加班,食物
20250208QNVO2P,expense,4200.47,2025-02-08,差旅,食物
20250618MACVR3,expense,3774.80,2025-06-18,外卖,娱乐
20250712HFJDC5,expense,8742.43,2025-07-12,补贴,房租
20251223N0Y2OM,expense,6109.06,2025-12-23,外卖,食物
202504183LYFOL,expense,500.42,2025-04-18,生活费,其他
20250704XY61DP,expense,3401.16,2025-07-04,补贴,娱乐
20250605Y1UCT5,expense,3922.24,2025-06-05,正常,食物
202510273IH6UZ,expense,9608.97,2025-10-27,差旅,房租
202509158ELF3O,expense,2455.95,2025-09-15,娱乐,食物
202506289OJT7V,expense,5058.54,2025-06-28,娱乐,交通
2025122793YTXJ,expense,2291.01,2025-12-27,差旅,其他
20250217RLFRDW,expense,5859.25,2025-02-17,报销,娱乐
202509275T3AN7,expense,7128.45,2025-09-27,娱乐,娱乐
20250405R75ACG,expense,1798.15,2025-04-05,补贴,房租
202509254KGZVV,expense,9563.08,2025-09-25,正常,食物
20251126G6JEJQ,expense,6306.03,2025-11-26,娱乐,房租
20250524NXA2DT,expense,9636.20,2025-05-24,正常,房租
20250502UP68Z0,expense,9436.18,2025-05-02,差旅,其他
20250715YHDLBM,expense,6790.99,2025-07-15,外卖,交通
20250102EW3KSK,expense,513.71,2025-01-02,娱乐,交通
20251101CSN6O2,expense,2164.34,2025-11-01,学习,交通
2025060738T6HE,expense,9574.52,2025-06-07,正常,房租
202506206T8HGK,expense,5786.81,2025-06-20,加班,房租
202511219D2NRL,expense,4758.19,2025-11-21,报销,房租
20250903Q0B3TJ,expense,2301.43,2025-09-03,学习,交通
20251113FLFDXB,expense,3008.58,2025-11-13,娱乐,娱乐
20250903A0MV5Y,expense,4039.83,2025-09-03,生活费,娱乐
20250206C4UBLR,expense,515.94,2025-02-06,生活费,房租
20250727ABU9N1,expense,9385.86,2025-07-27,购物,其他
20250208E235Z9,expense,7422.75,2025-02-08,外卖,房租
20251008AA5HQ8,expense,4406.40,2025-10-08,购物,房租
20250826F592VC,expense,2656.97,2025-08-26,学习,娱乐
20250801AQ141Q,expense,3873.66,2025-08-01,差旅,其他
202506226TIKRC,expense,673.48,2025-06-22,报销,交通
20250222HTCIS7,expense,7708.86,2025-02-22,生活费,房租
20250604KJNI67,expense,4275.41,2025-06-04,差旅,房租
20250224PHFCJN,expense,3653.86,2025-02-24,报销,交通
20250528MWTSUO,expense,5025.18,2025-05-28,购物,娱乐
202503181UZN47,expense,6326.24,2025-03-18,外卖,房租
202507176QQ0I5,expense,6682.72,2025-07-17,加班,其他
20250803DAPK1F,expense,1169.79,2025-08-03,差旅,交通
202512158ORZ9T,expense,7826.00,2025-12-15,购物,交通
20250921D1507C,expense,6157.54,2025-09-21,外卖,交通
202511285CE743,expense,3422.05,2025-11-28,正常,交通
20250209R4PO18,expense,7241.85,2025-02-09,正常,其他
202511278LOEYV,expense,2450.86,2025-11-27,娱乐,其他
20250720O932TV,expense,2387.28,2025-07-20,补贴,食物
20250902LU4WJC,expense,848.53,2025-09-02,差旅,其他
20250107PZAA46,expense,3676.94,2025-01-07,差旅,房租
202502274HOTZU,expense,7607.20,2025-02-27,补贴,其他
20251114BL1BCT,expense,5875.20,2025-11-14,加班,食物
20251021ELW70I,expense,9774.12,2025-10-21,外卖,食物
20250820HCORLT,expense,883.39,2025-08-20,学习,交通
20250325ZUNPWM,expense,5396.98,2025-03-25,娱乐,食物
202502199P6XW4,expense,99.08,2025-02-19,生活费,房租
20250924RTXP1H,expense,2894.93,2025-09-24,正常,交通
20250518FNAGBC,expense,2225.05,2025-05-18,报销,食物
202505161NAJLA,expense,1588.34,2025-05-16,学习,房租
2025092649Z7D8,expense,9427.06,2025-09-26,差旅,其他
20250620SQOHSB,expense,1648.14,2025-06-20,报销,食物
20250725H188GF,expense,7139.30,2025-07-25,差旅,交通
20251120YYHLJS,expense,7708.05,2025-11-20,外卖,食物
20250606OB31KK,expense,6877.16,2025-06-06,正常,其他
20250418PLDTGX,expense,1615.70,2025-04-18,正常,交通
20250210CY8BOF,expense,448.86,2025-02-10,娱乐,娱乐
20251227UELUHW,expense,4716.55,2025-12-27,学习,房租
202502151BZFQV,expense,5942.49,2025-02-15,购物,娱乐
20250314RB6EMN,expense,4223.75,2025-03-14,加班,食物
202503209VOZ3L,expense,7801.28,2025-03-20,生活费,娱乐
20251012OU0UDZ,expense,4525.43,2025-10-12,补贴,其他
20250128QLFCTW,expense,9403.94,2025-01-28,娱乐,其他
20251125QGWHX7,expense,5631.89,2025-11-25,加班,房租
20250520LPBI19,expense,9240.07,2025-05-20,外卖,交通
202503038UFGPW,expense,579.41,2025-03-03,补贴,交通
20250213UZ1SHI,expense,771.62,2025-02-13,正常,房租
20250313JNFLEU,expense,5159.86,2025-03-13,正常,房租
20251003VPX0HE,expense,6243.77,2025-10-03,正常,食物
20251113WWJYKX,expense,6026.17,2025-11-13,加班,食物
20250126UC0R66,expense,7634.52,2025-01-26,报销,房租
20251115GHNMWS,expense,4377.32,2025-11-15,加班,交通
20250826RL3WG9,expense,5929.64,2025-08-26,补贴,交通
202501116EQ22H,expense,5035.85,2025-01-11,报销,房租
202508164BSGGH,expense,4866.08,2025-08-16,补贴,其他
20251215F7P349,expense,9442.07,2025-12-15,娱乐,娱乐
20250920PB3MAN,expense,1251.65,2025-09-20,加班,其他
20250219PBYEI8,expense,6839.15,2025-02-19,差旅,房租
20251021QYLRXU,expense,3995.98,2025-10-21,差旅,交通
20250716AEVDLM,expense,3785.89,2025-07-16,生活费,娱乐
202508107KLMVK,expense,9251.40,2025-08-10,正常,房租
202510272YT2YW,expense,8937.45,2025-10-27,补贴,交通
202508274TV02F,expense,3547.87,2025-08-27,补贴,其他
202511279QYX92,expense,5405.01,2025-11-27,生活费,娱乐
20251008A1B2PI,expense,1254.19,2025-10-08,正常,交通
20251124M30WMI,expense,8295.52,2025-11-24,学习,交通
202507118FFMXK,expense,8332.15,2025-07-11,娱乐,其他
20251204YD6415,expense,1145.04,2025-12-04,生活费,食物
20251123C7MLBF,expense,3652.35,2025-11-23,正常,食物
20250803CHY9O8,expense,5088.15,2025-08-03,购物,食物
20251110IOJNLB,expense,3108.38,2025-11-10,生活费,交通
20250522O9CME9,expense,8531.19,2025-05-22,外卖,其他
20250324DRWLI8,expense,4637.82,2025-03-24,生活费,交通
20251224TSIUMW,expense,8798.25,2025-12-24,娱乐,食物
202505180YXCAR,expense,8975.08,2025-05-18,购物,娱乐
20251126FF0TMY,expense,8727.88,2025-11-26,娱乐,房租
20251018MZUR4N,expense,3021.24,2025-10-18,报销,交通
20250121Y5REUB,expense,6708.71,2025-01-21,娱乐,交通
202505167O5LDG,expense,4197.13,2025-05-16,生活费,食物
20250427Y7Z007,expense,5311.78,2025-04-27,学习,食物
20250518PXUD8W,expense,7816.83,2025-05-18,正常,食物
20250611N0UQ9Y,expense,2943.88,2025-06-11,娱乐,房租
20250522K54VHG,expense,6777.54,2025-05-22,报销,交通
20251002EIOPKS,expense,1644.54,2025-10-02,补贴,娱乐
20250326MNI9HX,expense,9309.28,2025-03-26,加班,房租
202506078EDKPR,expense,7896.35,2025-06-07,差旅,食物
20250225CMK63D,expense,9526.27,2025-02-25,报销,交通
20251025IOO1CI,expense,8989.60,2025-10-25,报销,其他
20250104UCPE5C,expense,5733.36,2025-01-04,娱乐,交通
20250728GALGRK,expense,7422.33,2025-07-28,加班,食物
20250422ZH8H3U,expense,5506.55,2025-04-22,补贴,房租
20251022A4UOEX,expense,1382.31,2025-10-22,外卖,食物
202507063U9R0P,expense,6083.36,2025-07-06,购物,其他
20250122FBU0S3,expense,9647.49,2025-01-22,报销,其他
20251112814K33,expense,9118.32,2025-11-12,报销,交通
20250704IAL386,expense,3976.89,2025-07-04,正常,房租
202501078LSM9J,expense,3971.33,2025-01-07,补贴,食物
202501035ADGWD,expense,4415.55,2025-01-03,加班,食物
20250506PWOT53,expense,9731.13,2025-05-06,外卖,食物
20250112DTYOJN,expense,5934.93,2025-01-12,补贴,交通
202503011EA341,expense,3358.29,2025-03-01,生活费,食物
20250718NHOXFJ,expense,7645.06,2025-07-18,娱乐,食物
20250616KXC8ON,expense,5573.19,2025-06-16,加班,房租
202502244TMEVD,expense,2732.18,2025-02-24,外卖,交通
20250216TOZP3J,expense,452.02,2025-02-16,补贴,其他
20250819QHDQK8,expense,7732.03,2025-08-19,学习,房租
20250106AFL05R,expense,5378.77,2025-01-06,购物,食物
202512015YAVNZ,expense,5073.73,2025-12-01,学习,食物
20250208QGFKZ9,expense,2047.47,2025-02-08,生活费,交通
20250508OZOXTU,expense,6006.25,2025-05-08,正常,食物
20250918TOHV4Z,expense,6002.88,2025-09-18,差旅,交通
20250911ZCRRJQ,expense,885.07,2025-09-11,外卖,房租
20250702TD6KFO,expense,3398.26,2025-07-02,娱乐,食物
20250304F7XH7X,expense,9649.19,2025-03-04,报销,娱乐
20250112102RQP,expense,7975.28,2025-01-12,外卖,娱乐
20250426DM71OF,expense,3786.62,2025-04-26,正常,娱乐
20250102WM8SL2,expense,1477.32,2025-01-02,外卖,其他
2025100262YL3I,expense,1501.49,2025-10-02,报销,房租
20250512KIW0J9,expense,5757.09,2025-05-12,补贴,房租
202507130BEK8K,expense,798.72,2025-07-13,生活费,其他
20250701FO9BN7,expense,2664.00,2025-07-01,报销,其他
20250301TYYYXR,expense,3754.11,2025-03-01,补贴,房租
202507019Q70LQ,expense,9082.16,2025-07-01,外卖,交通
20250414VUXSLR,expense,3141.03,2025-04-14,差旅,娱乐
2025042286400L,expense,2032.65,2025-04-22,差旅,其他
20250216WJT33D,expense,4261.69,2025-02-16,报销,食物
20251126NV06DY,expense,8093.80,2025-11-26,娱乐,食物
20250823KELU2V,expense,8482.80,2025-08-23,加班,交通
20250623GP5KRV,expense,3626.73,2025-06-23,娱乐,食物
20250118J1TVQ5,expense,9923.14,2025-01-18,补贴,房租
20250812SUNL6I,expense,1265.62,2025-08-12,外卖,房租
20250121FPDU31,expense,6157.20,2025-01-21,生活费,食物
20250312D5R66T,expense,7374.49,2025-03-12,学习,娱乐
2025030975MH8O,expense,371.46,2025-03-09,学习,娱乐
20250621F77KG3,expense,7402.43,2025-06-21,学习,食物
20250403XR5H8V,expense,4813.22,2025-04-03,报销,娱乐
202512099BPDR9,expense,908.10,2025-12-09,差旅,房租
2025031890Z4PE,expense,9390.09,2025-03-18,报销,娱乐
20251128BG7HCJ,expense,5973.05,2025-11-28,正常,食物
202504220XGUXW,expense,7054.81,2025-04-22,娱乐,食物
20250919I9VTMD,expense,9055.78,2025-09-19,购物,食物
202503104BZG8X,expense,8761.26,2025-03-10,购物,食物
20250610PV7IWT,expense,6699.46,2025-06-10,购物,娱乐
202501282TMFI2,expense,8842.43,2025-01-28,购物,交通
202512221XZCY6,expense,2973.98,2025-12-22,生活费,房租
20251013AKPHF9,expense,688.26,2025-10-13,差旅,食物
202503188VRJH3,expense,813.12,2025-03-18,正常,食物
20250320MOC9I4,expense,5171.83,2025-03-20,差旅,房租
20250915PYB5J4,expense,7092.42,2025-09-15,差旅,娱乐
20250705NAOGX5,expense,5867.03,2025-07-05,购物,交通
20250926Q52SQF,expense,7752.55,2025-09-26,娱乐,房租
2025010311UH1D,expense,9637.41,2025-01-03,学习,房租
20250506ADRAMH,expense,1965.41,2025-05-06,娱乐,其他
20251206EMVMH5,expense,3531.94,2025-12-06,加班,娱乐
20251123DMBV84,expense,7137.55,2025-11-23,补贴,其他
20250308ANHCA1,expense,9160.82,2025-03-08,购物,交通
20250128MWXKG0,expense,1259.99,2025-01-28,娱乐,交通
20250518BJ0HVJ,expense,7948.73,2025-05-18,生活费,交通
20251204OA2LUU,expense,6488.08,2025-12-04,差旅,房租
202501198A0KEQ,expense,9658.13,2025-01-19,学习,房租
202503209NGRUJ,expense,4474.49,2025-03-20,生活费,食物
202511050SAQBY,expense,8532.54,2025-11-05,加班,交通
202505013DDJUT,expense,8967.95,2025-05-01,外卖,其他
20251016M7AX7X,expense,7143.73,2025-10-16,报销,其他
20250520RAWCWV,expense,6499.61,2025-05-20,差旅,食物
20250220UI5GJF,expense,5281.26,2025-02-20,外卖,娱乐
20250604NYK9HO,expense,9299.06,2025-06-04,学习,食物
20251004B3WZFA,expense,5476.92,2025-10-04,生活费,其他
20250623F9VVTX,expense,5926.72,2025-06-23,差旅,交通
202511130EINSP,expense,8941.28,2025-11-13,学习,房租
20250906RZ7H1P,expense,4792.76,2025-09-06,正常,其他
20250516HUA01N,expense,5934.74,2025-05-16,差旅,房租
20251115TA9PIM,expense,3741.99,2025-11-15,外卖,房租
20250304FYDGCG,expense,764.61,2025-03-04,外卖,房租
202504097HWHMB,expense,7280.38,2025-04-09,加班,房租
20250624BMEDBJ,expense,542.65,2025-06-24,补贴,娱乐
20250807C1EGUT,expense,286.71,2025-08-07,外卖,食物
20250313XIBQE7,expense,1675.65,2025-03-13,生活费,食物
20250621F8X59V,expense,3707.08,2025-06-21,补贴,娱乐
20251028EJDATP,expense,8582.47,2025-10-28,差旅,食物
20250517WYQVJK,expense,3912.89,2025-05-17,生活费,其他
202511080ZQK9I,expense,6529.05,2025-11-08,加班,其他
20250610BAVZA1,expense,7046.79,2025-06-10,娱乐,食物
20250703PG6V03,expense,7508.21,2025-07-03,外卖,其他
20251020V8B28H,expense,9059.32,2025-10-20,加班,房租
20250806STE4SB,expense,5264.12,2025-08-06,生活费,食物
202512200GQAUB,expense,7111.90,2025-12-20,补贴,娱乐
20251015V6BVSN,expense,5053.78,2025-10-15,学习,交通
20250426X2KR8R,expense,9219.10,2025-04-26,报销,其他
202502231T5Z5T,expense,900.29,2025-02-23,加班,其他
20251116D06KV8,expense,6734.30,2025-11-16,报销,其他
20251005U1P6WE,expense,1473.44,2025-10-05,娱乐,交通
20250313Q6VPQ1,expense,5668.67,2025-03-13,补贴,娱乐
20251103BEGWYW,expense,7585.61,2025-11-03,正常,房租
202506083X09GU,expense,5749.82,2025-06-08,购物,其他
20250724CQ5TV5,expense,2652.64,2025-07-24,加班,交通
20250608WZZFJ5,expense,7790.15,2025-06-08,外卖,房租
202502116XJP93,expense,9223.59,2025-02-11,正常,房租
2025042607RV0R,expense,2239.04,2025-04-26,加班,娱乐
20250822EP1KBL,expense,402.61,2025-08-22,学习,其他
20250717MRUIE8,expense,9937.51,2025-07-17,生活费,其他
20250219CUXJYY,expense,256.38,2025-02-19,报销,娱乐
202509256BJKTK,expense,522.30,2025-09-25,外卖,房租
20251016RRZF63,expense,3776.86,2025-10-16,加班,交通
20250407P3IJLV,expense,4600.57,2025-04-07,购物,娱乐
20250901QF5SK2,expense,6528.91,2025-09-01,生活费,食物
20250706E02Z8J,expense,8720.66,2025-07-06,学习,娱乐
20250704V51KRZ,expense,5216.09,2025-07-04,外卖,食物
20251101K44S2C,expense,9097.09,2025-11-01,补贴,娱乐
2025061334GTLR,expense,5890.09,2025-06-13,正常,食物
202502129U68IX,expense,7760.91,2025-02-12,报销,其他
2025121760KUSQ,expense,8484.62,2025-12-17,补贴,房租
20250824GBF8E8,expense,8626.05,2025-08-24,学习,其他
202501103NP1DV,expense,8288.99,2025-01-10,娱乐,交通
20250401509D2S,expense,5192.91,2025-04-01,正常,食物
202505089DY4L8,expense,8585.78,2025-05-08,娱乐,其他
20251103GIYBHH,expense,4299.11,2025-11-03,补贴,食物
2025101894L5VV,expense,810.50,2025-10-18,报销,娱乐
20250703ZFCMPL,expense,5662.48,2025-07-03,差旅,娱乐
20250115SMBFLM,expense,5748.93,2025-01-15,报销,其他
20250720SL7X8C,expense,1785.62,2025-07-20,差旅,其他
2025092132OGC3,expense,6124.45,2025-09-21,正常,食物
20251107LAOM54,expense,1632.75,2025-11-07,娱乐,交通
20251101IIS8JG,expense,4583.53,2025-11-01,差旅,食物
20251019MNRXQL,expense,7368.90,2025-10-19,加班,其他
2025050542OZRU,expense,4763.33,2025-05-05,补贴,交通
20250126WP17RX,expense,2538.60,2025-01-26,加班,其他
20250302REKKYZ,expense,955.21,2025-03-02,购物,房租
20251105A15ODF,expense,6847.97,2025-11-05,生活费,交通
20250521V2B1ZP,expense,3959.91,2025-05-21,补贴,食物
202503188JAE6A,expense,127.61,2025-03-18,加班,交通
202510222C0TSU,expense,5046.56,2025-10-22,购物,房租
20250220TDM0A9,expense,2238.51,2025-02-20,生活费,其他
20251125SN8Q32,expense,3833.09,2025-11-25,正常,其他
2025061202W0J3,expense,7980.83,2025-06-12,报销,娱乐
20251105416991,expense,869.91,2025-11-05,差旅,其他
202509209TSQ54,expense,6273.80,2025-09-20,购物,其他
20250210W2C8Q9,expense,1524.09,2025-02-10,正常,交通
202511063QWC5P,expense,4155.61,2025-11-06,生活费,食物
20250907Z3AV68,expense,8129.16,2025-09-07,生活费,娱乐
20250211O4SW7O,expense,5757.65,2025-02-11,生活费,娱乐
20250801LA1VXE,expense,1783.48,2025-08-01,报销,食物
20251113XTSN7O,expense,9645.89,2025-11-13,正常,交通
20250324BBF6NU,expense,3437.06,2025-03-24,加班,食物
20250607NLGOS4,expense,1137.99,2025-06-07,学习,房租
20250924381ZDI,expense,7848.89,2025-09-24,学习,交通
20250411WOY01A,expense,6398.18,2025-04-11,学习,房租
20251107VVK2TL,expense,4948.82,2025-11-07,外卖,娱乐
20250614OXOZB7,expense,1413.80,2025-06-14,报销,其他
20250218RIR975,expense,5160.25,2025-02-18,正常,食物
20250205L0ZTCL,expense,3891.05,2025-02-05,报销,其他
20251217YJ3A9E,expense,7358.38,2025-12-17,补贴,交通
2025050797I7XG,expense,4461.40,2025-05-07,差旅,食物
20250309WBZWM4,expense,8965.18,2025-03-09,娱乐,房租
20250424Z1P5AD,expense,8398.76,2025-04-24,加班,交通
20250818TVNW7D,expense,827.84,2025-08-18,差旅,其他
20250809U44BX8,expense,5189.42,2025-08-09,正常,房租
20251006J5H1UF,expense,34.28,2025-10-06,学习,其他
2025051832BEWA,expense,3847.14,2025-05-18,加班,娱乐
20250802L2LU7X,expense,2645.24,2025-08-02,外卖,食物
20250710U5Z9ZY,expense,7493.53,2025-07-10,差旅,交通
20251019EF11WS,expense,5263.23,2025-10-19,购物,娱乐
20250317060CXW,expense,1602.69,2025-03-17,购物,交通
202501150L6VED,expense,1425.85,2025-01-15,加班,食物
20250128HLJ7XT,expense,7181.04,2025-01-28,报销,娱乐
202502023NJDW3,expense,213.75,2025-02-02,娱乐,其他
20250805PAIDHS,expense,6974.68,2025-08-05,报销,其他
20251228XVBP2G,expense,2172.23,2025-12-28,报销,娱乐
20250422ERV4CB,expense,8744.44,2025-04-22,购物,食物
20251227PWOHFM,expense,7225.71,2025-12-27,报销,食物
20250809H4QXMI,expense,4803.75,2025-08-09,生活费,其他
20250615IQL2M2,expense,8577.00,2025-06-15,加班,房租
20251114WVW3TV,expense,3515.69,2025-11-14,正常,房租
20250728PUF119,expense,7736.20,2025-07-28,正常,娱乐
2025011397TD10,expense,9986.83,2025-01-13,学习,其他
20250712XMBD80,expense,7536.80,2025-07-12,报销,其他
20250826LU8FPK,expense,6806.69,2025-08-26,学习,娱乐
20250721XPDVNE,expense,1144.60,2025-07-21,购物,交通
202505046PYU7Q,expense,3911.99,2025-05-04,正常,其他
20250627TAJLQC,expense,7943.96,2025-06-27,生活费,房租
20251206GTJMC4,expense,6865.97,2025-12-06,娱乐,食物
202504097MKLQH,expense,9852.40,2025-04-09,外卖,其他
20250721NOF82W,expense,4313.77,2025-07-21,外卖,其他
20250301LFARAP,expense,6443.68,2025-03-01,生活费,交通
20250203YN37Z1,expense,1438.59,2025-02-03,正常,交通
20251026PD3QIB,expense,4830.26,2025-10-26,购物,食物
20250508MWPM98,expense,8215.55,2025-05-08,报销,娱乐
2025060100IWUW,expense,6750.34,2025-06-01,报销,其他
20250525OWKOP0,expense,3676.55,2025-05-25,购物,房租
20250427ZXPYG6,expense,5941.52,2025-04-27,外卖,娱乐
20250501A5U5T4,expense,8027.75,2025-05-01,正常,其他
202510192ECLJ7,expense,3002.26,2025-10-19,差旅,交通
20250628OHW15Z,expense,8593.62,2025-06-28,正常,娱乐
20250512X332K1,expense,8351.52,2025-05-12,补贴,交通
20251211P0OYUN,expense,9929.85,2025-12-11,加班,房租
2025031146C7M3,expense,2978.88,2025-03-11,外卖,娱乐
202507129J9FEL,expense,7293.35,2025-07-12,娱乐,交通
202511034LBO5S,expense,1623.38,2025-11-03,差旅,食物
20250313JAU4BV,expense,2895.31,2025-03-13,外卖,房租
202501219MIUQZ,expense,2919.69,2025-01-21,差旅,食物
20251104JEWF4N,expense,3676.61,2025-11-04,补贴,房租
20250127999S5O,expense,1519.30,2025-01-27,差旅,娱乐
202511221XCN06,expense,3014.32,2025-11-22,娱乐,其他
20251124XNHEE4,expense,2575.18,2025-11-24,补贴,娱乐
202512097EK1OW,expense,2451.47,2025-12-09,娱乐,交通
202509232ZDDLL,expense,2341.80,2025-09-23,差旅,其他
20250907AVASAF,expense,8062.95,2025-09-07,购物,其他
20251026JG4SZ3,expense,6542.29,2025-10-26,补贴,其他
20251206BPSXWI,expense,9729.00,2025-12-06,学习,房租
20250310VWC4S9,expense,6993.26,2025-03-10,购物,交通
20250619G9Q4ID,expense,3540.00,2025-06-19,差旅,房租
20250425BMOZC1,expense,2079.76,2025-04-25,加班,交通
20251011178VC6,expense,8366.88,2025-10-11,学习,交通
20251224Q4LK1K,expense,9987.27,2025-12-24,外卖,房租
202512167CWISL,expense,606.76,2025-12-16,正常,娱乐
20250211H1LIT8,expense,8299.78,2025-02-11,购物,其他
20250220JWAXVQ,expense,4877.74,2025-02-20,差旅,食物
20250402N7FG7M,expense,2424.67,2025-04-02,加班,娱乐
20250127F9LFP4,expense,220.46,2025-01-27,差旅,娱乐
20250717YJK8RR,expense,7087.25,2025-07-17,差旅,食物
202501049BS6UQ,expense,6092.89,2025-01-04,购物,其他
202505163T83CH,expense,565.28,2025-05-16,学习,交通
202503272MB4BD,expense,7367.87,2025-03-27,补贴,食物
20250706GG7UEF,expense,8105.69,2025-07-06,学习,其他
20250314SF7CY5,expense,1906.84,2025-03-14,正常,娱乐
202507011N4HKH,expense,8808.08,2025-07-01,正常,娱乐
20250319B6U152,expense,276.43,2025-03-19,加班,娱乐
20250624FHYFWN,expense,1290.45,2025-06-24,购物,房租
202512174TP35P,expense,2591.70,2025-12-17,补贴,房租
20250628RRKMF3,expense,9917.33,2025-06-28,学习,娱乐
2025031965F5WX,expense,112.62,2025-03-19,学习,其他
2025062323XJR7,expense,6883.17,2025-06-23,外卖,房租
20250906BZNQFV,expense,30.23,2025-09-06,购物,房租
20250815HE5VVI,expense,6517.45,2025-08-15,外卖,其他
20251110QMC6I0,expense,7316.53,2025-11-10,生活费,其他
20250520GH13YF,expense,9036.19,2025-05-20,加班,娱乐
20250421S7MJ9B,expense,1956.37,2025-04-21,外卖,其他
20250510PPXUAC,expense,47.80,2025-05-10,加班,娱乐
20250112HI91UK,expense,3778.79,2025-01-12,补贴,食物
20250126P5Z9HV,expense,5606.63,2025-01-26,生活费,房租
20250803CODJML,expense,6929.09,2025-08-03,报销,交通
20250103TB112J,expense,4354.81,2025-01-03,生活费,娱乐
202505287U3J1T,expense,7268.25,2025-05-28,差旅,娱乐
20250313BSFZIU,expense,5391.94,2025-03-13,报销,交通
20250616CC8JYM,expense,9708.80,2025-06-16,生活费,食物
20250210EUQV48,expense,5008.74,2025-02-10,加班,娱乐
20251110ULZSXV,expense,9107.90,2025-11-10,娱乐,娱乐
20250902PURWVX,expense,9805.01,2025-09-02,报销,娱乐
20250205NPCC27,expense,4842.19,2025-02-05,差旅,其他
2025081066NH4L,expense,2355.27,2025-08-10,购物,其他
20250520SP2ERX,expense,1932.56,2025-05-20,补贴,娱乐
20250519J1OY2A,expense,8352.55,2025-05-19,外卖,房租
20250521TGKZIU,expense,663.60,2025-05-21,报销,交通
20250821F2ZHYF,expense,1393.00,2025-08-21,报销,娱乐
202506270L2QHF,expense,2874.22,2025-06-27,差旅,交通
20251215QAY5XZ,expense,786.71,2025-12-15,外卖,食物
20250118XEEO90,expense,7081.15,2025-01-18,购物,食物
20250201PDX9VN,expense,4426.29,2025-02-01,补贴,其他
20250218C5E5HW,expense,8722.85,2025-02-18,加班,食物
20250806R7EWOS,expense,2777.56,2025-08-06,加班,娱乐
20250807E56CEV,expense,7282.31,2025-08-07,购物,娱乐
20251220YW4HJ8,expense,855.96,2025-12-20,外卖,房租
202508047EYXUM,expense,8033.52,2025-08-04,生活费,房租
202504232GEQXV,expense,1107.20,2025-04-23,正常,食物
20250618G9HAAY,expense,5869.11,2025-06-18,正常,娱乐
20250902XG65A4,expense,9852.27,2025-09-02,学习,食物
202503256M0SGB,expense,3647.68,2025-03-25,正常,交通
202507054MMG1O,expense,1575.42,2025-07-05,正常,其他
20250726PIHQMH,expense,4255.81,2025-07-26,正常,交通
2025031293UTTT,expense,5958.96,2025-03-12,学习,其他
20251104QK9Z68,expense,3373.81,2025-11-04,外卖,其他
20250923JRFGSZ,expense,9929.08,2025-09-23,生活费,房租
20251021ZKX8QB,expense,3335.47,2025-10-21,学习,其他
202509206U6F5K,expense,7804.68,2025-09-20,补贴,房租
2025092881CLB6,expense,7785.92,2025-09-28,差旅,房租
20251022PHSSX8,expense,5285.22,2025-10-22,学习,房租
20251002J1H5K1,expense,1917.89,2025-10-02,外卖,食物
20251128MCRHQJ,expense,8352.05,2025-11-28,外卖,食物
20250322SC5UA7,expense,1335.51,2025-03-22,差旅,交通
202509114H8KF4,expense,2241.86,2025-09-11,正常,食物
20250418ZDWX2Z,expense,9460.25,2025-04-18,生活费,食物
20250209QUK0ZG,expense,3950.84,2025-02-09,正常,房租
20251004XSF7G8,expense,6008.57,2025-10-04,差旅,交通
202511118M2U01,expense,4142.55,2025-11-11,报销,交通
20250722K3MN7B,expense,9482.81,2025-07-22,加班,交通
20250925702LVO,expense,5514.40,2025-09-25,购物,食物
202507142BP8QU,expense,4438.76,2025-07-14,报销,交通
202506051ILT54,expense,3975.71,2025-06-05,正常,娱乐
20250925OOH5XG,expense,7686.56,2025-09-25,学习,娱乐
20250802F57C20,expense,7013.70,2025-08-02,学习,交通
202511074R5WVA,expense,6772.90,2025-11-07,娱乐,食物
20250718TJEKWF,expense,8175.17,2025-07-18,学习,食物
20251225G2YNCD,expense,4551.20,2025-12-25,报销,其他
202503083POAFV,expense,3063.59,2025-03-08,差旅,房租
202507281RD8JT,expense,9025.89,2025-07-28,正常,其他
20250909NRX6FU,expense,8693.16,2025-09-09,正常,娱乐
20251010PG8DUF,expense,7562.63,2025-10-10,外卖,娱乐
20250413OTTRZ7,expense,3364.98,2025-04-13,生活费,房租
20250126QGAHW9,expense,1268.75,2025-01-26,娱乐,食物
20250511ZPUBJM,expense,9217.23,2025-05-11,外卖,娱乐
20250123SI0IZO,expense,7892.66,2025-01-23,报销,其他
20250702TRNZKC,expense,4249.68,2025-07-02,生活费,食物
202506221FQS6S,expense,1328.91,2025-06-22,购物,房租
202512220F64VV,expense,9847.47,2025-12-22,差旅,食物
20250407U18XXO,expense,9682.42,2025-04-07,生活费,房租
202504044QGLV1,expense,6623.59,2025-04-04,娱乐,娱乐
20251119QXOKFL,expense,3792.90,2025-11-19,外卖,交通
202509139W4RCY,expense,8834.13,2025-09-13,购物,娱乐
20250108B7CJYY,expense,5439.60,2025-01-08,外卖,娱乐
20250502UMU708,expense,7350.20,2025-05-02,报销,食物
20250813ZDBBNH,expense,2715.48,2025-08-13,补贴,娱乐
2025081397X5VT,expense,4201.81,2025-08-13,加班,交通
20251013SRZ98Y,expense,2220.48,2025-10-13,娱乐,交通
20250208NA64MJ,expense,7578.61,2025-02-08,购物,娱乐
20250919436ZS3,expense,6144.29,2025-09-19,报销,食物
20250521QBGGAF,expense,3260.05,2025-05-21,报销,其他
202509231SGLQP,expense,9288.66,2025-09-23,学习,娱乐
2025082450L940,expense,3552.72,2025-08-24,生活费,交通
202504240DXKPK,expense,1897.61,2025-04-24,购物,房租
20251204ASU7AX,expense,3062.93,2025-12-04,正常,房租
20250814I227MX,expense,8968.37,2025-08-14,学习,其他
20250321VNKO9Q,expense,2408.51,2025-03-21,外卖,交通
20250124LZCUBD,expense,5834.30,2025-01-24,学习,交通
20251004CD25JQ,expense,107.33,2025-10-04,购物,其他
20250216ERT3WX,expense,5086.39,2025-02-16,购物,娱乐
20250915XBCI8I,expense,9531.46,2025-09-15,补贴,房租
20251106JT7G9F,expense,3601.69,2025-11-06,生活费,娱乐
20251112JX7J5D,expense,4409.78,2025-11-12,正常,房租
20250922TL37DO,expense,8005.17,2025-09-22,娱乐,交通
202509201WHU52,expense,4460.89,2025-09-20,生活费,其他
20250826RAYUSS,expense,6774.28,2025-08-26,学习,交通
20250707TLCK2J,expense,6378.38,2025-07-07,正常,食物
20251109X5ZXOX,expense,6594.88,2025-11-09,娱乐,房租
202505031205G8,expense,6554.96,2025-05-03,娱乐,其他
20250603IOYTY1,expense,603.44,2025-06-03,报销,交通
202512073P025D,expense,8719.48,2025-12-07,差旅,其他
20250118KQUH0D,expense,8371.70,2025-01-18,购物,娱乐
20250923P5QK9D,expense,8442.90,2025-09-23,学习,食物
20250109MB3BNU,expense,1900.84,2025-01-09,学习,交通
202508029ZXS97,expense,453.17,2025-08-02,娱乐,交通
20251107AECUOW,expense,8530.43,2025-11-07,娱乐,交通
2025062804GU4A,expense,9296.55,2025-06-28,正常,其他
20251011L9SZKZ,expense,6926.68,2025-10-11,正常,其他
20250801Z6OQC6,expense,2579.67,2025-08-01,娱乐,娱乐
20251027O4250O,expense,8418.65,2025-10-27,报销,食物
20250410IRSBOZ,expense,5990.98,2025-04-10,娱乐,交通
20250408Q3UYTQ,expense,3763.21,2025-04-08,报销,其他
20251115R767DO,expense,5896.81,2025-11-15,补贴,食物
2025020630DNQ8,expense,1247.49,2025-02-06,差旅,房租
20250903IIEHN3,expense,8034.56,2025-09-03,外卖,娱乐
202510081DC4SA,expense,4323.14,2025-10-08,补贴,娱乐
20250914SCL2XA,expense,1071.65,2025-09-14,娱乐,食物
20250307U2BK2S,expense,1120.72,2025-03-07,正常,房租
202501015JXMTU,expense,7763.96,2025-01-01,外卖,交通
20250318Q9L0KH,expense,3555.81,2025-03-18,外卖,交通
20250107BPE50G,expense,7101.66,2025-01-07,加班,其他
20250415JV19WD,expense,3687.43,2025-04-15,购物,交通
20250915SX9K0R,expense,8403.34,2025-09-15,加班,房租
2025032342KO3I,expense,1920.44,2025-03-23,加班,食物
2025092596KZDZ,expense,6609.55,2025-09-25,加班,交通
20250328WFM2R6,expense,3053.44,2025-03-28,生活费,食物
20251222E0VBDZ,expense,4741.29,2025-12-22,购物,食物
20251228YQ8LXL,expense,883.61,2025-12-28,外卖,房租
202505252DBM3I,expense,6337.31,2025-05-25,加班,房租
20250708JBMCFK,expense,5530.24,2025-07-08,差旅,食物
20250920PZ2G0D,expense,7734.25,2025-09-20,补贴,食物
2025110723NKF1,expense,1901.88,2025-11-07,购物,其他
202508132ASLMF,expense,1602.35,2025-08-13,学习,其他
20250909KDZB5M,expense,5898.15,2025-09-09,娱乐,食物
20250406QN06D7,expense,6510.77,2025-04-06,补贴,房租
20250401NZ3ONY,expense,6459.68,2025-04-01,正常,其他
20250316POGIQ1,expense,4015.44,2025-03-16,生活费,食物
20250427HU4PHG,expense,3975.64,2025-04-27,正常,其他
20250105MRT08D,expense,7631.99,2025-01-05,外卖,房租
20250211EDU8Y0,expense,3746.78,2025-02-11,差旅,其他
20250411XDPTJR,expense,8127.23,2025-04-11,正常,娱乐
20251007KIUXXZ,expense,6981.10,2025-10-07,补贴,房租
20250913NWRAWM,expense,6580.80,2025-09-13,学习,房租
20250524JSFATH,expense,9394.19,2025-05-24,正常,交通
20250920ZMA4SY,expense,866.83,2025-09-20,购物,娱乐
20251012EVZA83,expense,7199.57,2025-10-12,报销,其他
20250922OEYO0T,expense,913.81,2025-09-22,正常,其他
20250623FNK4MW,expense,6565.29,2025-06-23,生活费,交通
20250713QDIZWR,expense,4611.59,2025-07-13,报销,娱乐
202512250MDIUZ,expense,8861.03,2025-12-25,加班,其他
202505123VY0UF,expense,6088.01,2025-05-12,外卖,房租
2025030454YFM4,expense,128.51,2025-03-04,外卖,交通
20250404L2EVA1,expense,279.66,2025-04-04,差旅,房租
202505113D0SKQ,expense,2320.36,2025-05-11,生活费,娱乐
20250609V6OZRF,expense,6304.77,2025-06-09,外卖,房租
20250923KMASAP,expense,5391.66,2025-09-23,加班,娱乐
20250303GBZ8ZQ,expense,1002.86,2025-03-03,正常,交通
202512067BFJJ7,expense,2515.68,2025-12-06,报销,其他
20250208AUHA4C,expense,7774.76,2025-02-08,生活费,娱乐
20250625IWWF40,expense,4268.65,2025-06-25,购物,娱乐
202507286N52KL,expense,215.14,2025-07-28,外卖,房租
20250223XK8VIV,expense,9291.64,2025-02-23,差旅,交通
20250805RT10Z4,expense,6912.89,2025-08-05,外卖,娱乐
202505057ENM0M,expense,2903.71,2025-05-05,补贴,食物
20250825XMBR5E,expense,9552.32,2025-08-25,补贴,房租
2025080983CZG4,expense,8774.25,2025-08-09,娱乐,其他
202504131ERFFK,expense,6107.25,2025-04-13,购物,其他
202501203F9W67,expense,2333.16,2025-01-20,外卖,娱乐
2025100850G2W0,expense,7760.45,2025-10-08,补贴,食物
202509197XJLRY,expense,1182.65,2025-09-19,外卖,交通
202506134P30DR,expense,3491.74,2025-06-13,娱乐,娱乐
20250606DI578W,expense,7925.56,2025-06-06,补贴,交通
202508220AIQAT,expense,158.92,2025-08-22,报销,交通
20250515DA944H,expense,629.13,2025-05-15,生活费,房租
2025110667UEO8,expense,3729.93,2025-11-06,加班,房租
2025032251S62X,expense,364.92,2025-03-22,娱乐,交通
20250318PH53O0,expense,1868.07,2025-03-18,购物,娱乐
20250924ZXBGBC,expense,4921.62,2025-09-24,补贴,食物
20250209AO8A3X,expense,5645.26,2025-02-09,学习,其他
20250725HDF0WL,expense,3055.84,2025-07-25,补贴,交通
20250918MKR0VD,expense,1810.27,2025-09-18,生活费,房租
20250527F5CNSS,expense,6529.24,2025-05-27,加班,娱乐
20250707Q4TMHR,expense,2645.99,2025-07-07,补贴,交通
20250816BTA147,expense,8208.12,2025-08-16,娱乐,交通
20250411B7I1IT,expense,9191.60,2025-04-11,购物,房租
202508203MGFZT,expense,5852.58,2025-08-20,加班,食物
202506207MM5QE,expense,6354.53,2025-06-20,报销,房租
20251217W98GC2,expense,5406.12,2025-12-17,补贴,其他
20250115VWLUSE,expense,759.27,2025-01-15,正常,交通
20250928WZOPNB,expense,3815.81,2025-09-28,外卖,交通
20250526H7TVTA,expense,8600.27,2025-05-26,娱乐,食物
202512095D88P5,expense,6176.28,2025-12-09,学习,娱乐
202509214UZ00G,expense,8748.95,2025-09-21,补贴,其他
20250927VWKZJL,expense,6326.69,2025-09-27,报销,娱乐
20250805XYPJUZ,expense,5061.42,2025-08-05,生活费,食物
20250414IRKJN9,expense,3001.17,2025-04-14,差旅,食物
20250819G1YCZ0,expense,4712.20,2025-08-19,补贴,娱乐
20251014OGM5GI,expense,2248.84,2025-10-14,学习,食物
20250708SOGMWH,expense,2688.08,2025-07-08,补贴,其他
202510010WAQOQ,expense,7508.67,2025-10-01,报销,房租
20250921D06LPJ,expense,6471.51,2025-09-21,差旅,娱乐
202504284DPVTU,expense,5543.00,2025-04-28,购物,其他
20250121V6F1HX,expense,4651.78,2025-01-21,正常,食物
202512277Y4ZNX,expense,8855.29,2025-12-27,正常,交通
20251203AP1I7X,expense,4864.68,2025-12-03,生活费,娱乐
20250704UHD0VK,expense,8580.52,2025-07-04,生活费,娱乐
20250404Z8WGRD,expense,4656.70,2025-04-04,加班,房租
20250607FZJ1W8,expense,2931.25,2025-06-07,生活费,其他
20250918SAN9XU,expense,9108.10,2025-09-18,报销,食物
202511249IC5Z2,expense,6189.76,2025-11-24,报销,房租
20251007S0K6YB,expense,4645.82,2025-10-07,补贴,食物
20250921Z9N5MY,expense,2528.50,2025-09-21,娱乐,娱乐
20250712LSGC67,expense,6444.78,2025-07-12,正常,其他
20250106EIS5RC,expense,3129.14,2025-01-06,娱乐,交通
20250709GTIWHR,expense,3082.04,2025-07-09,购物,其他
202503275XL4G4,expense,2932.57,2025-03-27,差旅,交通
20251107HW5FP1,expense,3037.92,2025-11-07,外卖,房租
20251109QR3CKP,expense,8681.46,2025-11-09,购物,娱乐
20250922R01DQA,expense,5208.49,2025-09-22,学习,娱乐
20250805TSFPXZ,expense,412.88,2025-08-05,报销,房租
202511179GLN03,expense,3046.89,2025-11-17,正常,房租
2025042795I86B,expense,4808.83,2025-04-27,补贴,其他
20251127ORLI7I,expense,6979.23,2025-11-27,加班,房租
20250315XLR8Q1,expense,2080.39,2025-03-15,外卖,娱乐
202504241MMDY0,expense,1199.91,2025-04-24,补贴,其他
2025032379OI7K,expense,4155.20,2025-03-23,外卖,交通
2025072155S33S,expense,7048.75,2025-07-21,外卖,娱乐
20251201RDAV2L,expense,2594.98,2025-12-01,娱乐,其他
20250806PA82MF,expense,2666.45,2025-08-06,购物,交通
20250411QMO1UH,expense,5344.09,2025-04-11,正常,食物
20250514D3BHC6,expense,9182.64,2025-05-14,生活费,其他
20250909NG8A5U,expense,9438.25,2025-09-09,生活费,房租
202509206IK3HP,expense,917.44,2025-09-20,外卖,其他
20250718AI6BUC,expense,6001.04,2025-07-18,生活费,交通
20251001VHCBEZ,expense,1607.46,2025-10-01,购物,其他
20251015JB108H,expense,9385.93,2025-10-15,补贴,交通
20250509FTPYHF,expense,9013.34,2025-05-09,学习,其他
20250821FYXBBZ,expense,288.65,2025-08-21,生活费,房租
20250609O5DXLJ,expense,8991.16,2025-06-09,外卖,交通
20251027S2GKE7,expense,980.37,2025-10-27,外卖,交通
20250428FXQUOJ,expense,6570.42,2025-04-28,正常,娱乐
20250805VARWO4,expense,5627.15,2025-08-05,加班,食物
202507135J6CIQ,expense,3194.87,2025-07-13,生活费,其他
20251111FEQ4L2,expense,7305.87,2025-11-11,购物,食物
20251004BZJVK9,expense,6752.82,2025-10-04,外卖,其他
20250813ZS26LN,expense,5608.21,2025-08-13,生活费,其他
20250119FVYLOO,expense,2600.54,2025-01-19,正常,食物
20250612WVIBTG,expense,2716.00,2025-06-12,购物,其他
20251125KUD1EO,expense,4682.42,2025-11-25,加班,其他
20251019JFICV1,expense,6888.50,2025-10-19,娱乐,娱乐
202501071L0556,expense,4659.33,2025-01-07,娱乐,食物
20251013KMP7O0,expense,7418.56,2025-10-13,正常,其他
20250508NSU0FU,expense,9064.43,2025-05-08,报销,食物
20250319PLXAK2,expense,6567.66,2025-03-19,报销,娱乐
20251024XBQRAQ,expense,7775.26,2025-10-24,购物,食物
20250804YDEVE0,expense,4124.00,2025-08-04,学习,房租
20250604J25T9Q,expense,5313.72,2025-06-04,差旅,食物
20250428ER2B7H,expense,2921.48,2025-04-28,生活费,其他
20250805S3WWCJ,expense,3623.08,2025-08-05,学习,娱乐
20250627BCJNWM,expense,5059.43,2025-06-27,正常,娱乐
20250818YJZPAM,expense,8536.53,2025-08-18,报销,其他
20251213TLVXYK,expense,8701.39,2025-12-13,生活费,其他
20250808DBQYHB,expense,6901.99,2025-08-08,外卖,食物
20250528G2QFWQ,expense,7723.94,2025-05-28,外卖,娱乐
20250821DLMP3Q,expense,4553.48,2025-08-21,补贴,交通
20251204FMNVBI,expense,828.17,2025-12-04,外卖,娱乐
20250113IGAX7A,expense,6457.58,2025-01-13,加班,娱乐
202510184EOMSJ,expense,7435.25,2025-10-18,加班,其他
20250918LOA5BI,expense,92.18,2025-09-18,正常,房租
20250903TZC0LB,expense,1865.35,2025-09-03,差旅,娱乐
20251125YW55VD,expense,5630.90,2025-11-25,报销,食物
20251125LJPPH4,expense,6338.00,2025-11-25,娱乐,食物
20251123HBG7C1,expense,9119.01,2025-11-23,加班,娱乐
20250110OYEHGX,expense,1538.43,2025-01-10,正常,娱乐
20250310B0N93R,expense,3307.24,2025-03-10,加班,房租
20250413MEYXDV,expense,6186.83,2025-04-13,差旅,其他
20251213QBVEX1,expense,3279.21,2025-12-13,差旅,食物
20251002GRE1UB,expense,7484.29,2025-10-02,学习,房租
202505178QA8VY,expense,9551.72,2025-05-17,学习,其他
20251108TCJT8A,expense,2855.23,2025-11-08,生活费,娱乐
20251009PGVE6D,expense,3694.50,2025-10-09,学习,其他
20250318XSPO40,expense,9401.72,2025-03-18,购物,其他
20251101VLE8BL,expense,499.25,2025-11-01,正常,食物
202504270TAEAK,expense,8999.43,2025-04-27,外卖,房租
20251205WAVZW9,expense,8764.22,2025-12-05,购物,其他
2025091970EGOY,expense,4371.39,2025-09-19,娱乐,娱乐
20250805NC6IVJ,expense,9674.66,2025-08-05,学习,其他
20250220V4TNBT,expense,2355.12,2025-02-20,购物,交通
20250514RTCPOM,expense,5345.20,2025-05-14,学习,食物
20250806VN9C3D,expense,6081.61,2025-08-06,补贴,食物
20250228T9OWFA,expense,8115.45,2025-02-28,加班,娱乐
202505288SQ68U,expense,7867.14,2025-05-28,娱乐,交通
202505214M11EE,expense,7504.83,2025-05-21,购物,房租
20250824EO21UJ,expense,4144.49,2025-08-24,补贴,交通
20250517RYPXTL,expense,1012.47,2025-05-17,正常,房租
20250217MXZAMB,expense,7692.46,2025-02-17,学习,房租
20251219T1HD9W,expense,3844.81,2025-12-19,娱乐,其他
20250503J079DI,expense,2426.23,2025-05-03,生活费,其他
20250312LU645F,expense,9983.86,2025-03-12,差旅,娱乐
202507232M1W6I,expense,156.15,2025-07-23,学习,其他
202501035NF668,expense,4661.21,2025-01-03,娱乐,娱乐
20250410FDB14R,expense,4353.70,2025-04-10,报销,食物
20251010FKM281,expense,8607.04,2025-10-10,学习,其他
20250518YEKCQG,expense,1051.74,2025-05-18,加班,食物
20250103VX0OQH,expense,3347.26,2025-01-03,差旅,房租
20251228SELM53,expense,3874.44,2025-12-28,外卖,房租
20250927ZPJFQZ,expense,1226.73,2025-09-27,娱乐,食物
20250917VUXFOE,expense,5554.82,2025-09-17,学习,房租
20250721CSLYWC,expense,3976.74,2025-07-21,学习,房租
20250707ONSMTL,expense,2181.15,2025-07-07,报销,其他
202508260BTOXG,expense,4543.46,2025-08-26,差旅,其他
20251226H6QA42,expense,3686.37,2025-12-26,生活费,娱乐
20250210TKAURD,expense,9480.48,2025-02-10,正常,食物
20250313KZSCC3,expense,8315.54,2025-03-13,学习,娱乐
20251210H5EW7K,expense,8647.37,2025-12-10,补贴,房租
20250711HZA6LT,expense,2981.41,2025-07-11,购物,娱乐
20250604KPEXDY,expense,1891.07,2025-06-04,生活费,交通
20250624BWG1QN,expense,7725.36,2025-06-24,正常,娱乐
20250801NFEHW3,expense,4695.38,2025-08-01,购物,其他
20250502TOL5IW,expense,1590.60,2025-05-02,加班,娱乐
202512141IN00X,expense,9248.34,2025-12-14,购物,娱乐
20250708F6RJZ3,expense,242.55,2025-07-08,外卖,娱乐
20250807FI8QRN,expense,5659.42,2025-08-07,报销,房租
20250403CR6RQ5,expense,8139.13,2025-04-03,加班,娱乐
20251025WMGR5Z,expense,8146.10,2025-10-25,报销,其他
20250707I5GLES,expense,2456.33,2025-07-07,加班,房租
2025051892DL8S,expense,5980.63,2025-05-18,加班,娱乐
20250413VGR4YO,expense,1249.18,2025-04-13,娱乐,房租
20250819U229I7,expense,8678.92,2025-08-19,购物,房租
20250119I4V1C0,expense,1272.50,2025-01-19,加班,食物
20250222KYHI34,expense,7769.70,2025-02-22,报销,食物
20250119IYMF12,expense,1021.17,2025-01-19,差旅,食物
20250203VUM2D0,expense,3842.37,2025-02-03,娱乐,其他
20251101S8ZOUO,expense,3718.18,2025-11-01,生活费,食物
20250710WCQHCJ,expense,5760.70,2025-07-10,正常,房租
20250917VSL22Z,expense,8703.55,2025-09-17,购物,其他
20250418QH6DBK,expense,6501.81,2025-04-18,加班,交通
202511075BSZHG,expense,1357.47,2025-11-07,购物,房租
20250520XIA1Q5,expense,3108.91,2025-05-20,补贴,娱乐
202507030B0ICP,expense,9506.32,2025-07-03,娱乐,食物
20250925T97X0X,expense,220.37,2025-09-25,购物,食物
202511120B7F8M,expense,9845.41,2025-11-12,差旅,房租
20250927CQ2DK3,expense,7751.00,2025-09-27,娱乐,食物
202507163V81BX,expense,5065.58,2025-07-16,报销,食物
202506244DKRKM,expense,1561.13,2025-06-24,生活费,娱乐
20250313R1NDU0,expense,8238.38,2025-03-13,差旅,房租
20250222N3QR27,expense,6784.21,2025-02-22,补贴,交通
20251223XPZ3U9,expense,3153.54,2025-12-23,加班,食物
20250528D4B9G2,expense,8989.63,2025-05-28,生活费,其他
20250206YF75IC,expense,469.59,2025-02-06,娱乐,其他
20251005UW1GXH,expense,484.58,2025-10-05,外卖,食物
20250511Q7A7GG,expense,8116.63,2025-05-11,补贴,房租
20250719A8ZGPK,expense,3118.10,2025-07-19,学习,食物
202501110KRR35,expense,4157.10,2025-01-11,生活费,娱乐
20251101B17EB9,expense,4416.27,2025-11-01,补贴,娱乐
20250905ZXMNKF,expense,7475.67,2025-09-05,正常,其他
20250610JJ84ZA,expense,5728.24,2025-06-10,差旅,娱乐
202501188IIE84,expense,7606.78,2025-01-18,娱乐,食物
202511273TPZCS,expense,156.51,2025-11-27,差旅,其他
20251207XU5NON,expense,5929.68,2025-12-07,正常,交通
2025081780ONYA,expense,3566.62,2025-08-17,购物,其他
202504274VTBL9,expense,9849.31,2025-04-27,加班,其他
20250405A2UG3O,expense,1816.38,2025-04-05,差旅,交通
20250426D49A06,expense,6750.05,2025-04-26,差旅,食物
20251116WRZBVF,expense,4433.60,2025-11-16,生活费,交通
202508177IX8FM,expense,5544.15,2025-08-17,补贴,娱乐
20251009F99IKL,expense,7377.84,2025-10-09,生活费,交通
202505270VGMVJ,expense,4752.35,2025-05-27,补贴,娱乐
202511023A0MRK,expense,2806.34,2025-11-02,生活费,房租
202505105NHL18,expense,2209.23,2025-05-10,报销,食物
20251216K58AEV,expense,2588.88,2025-12-16,正常,食物
20251116IHF6IK,expense,1017.54,2025-11-16,生活费,房租
20250428SCLN4I,expense,8330.34,2025-04-28,差旅,交通
20251102P04VQP,expense,7898.89,2025-11-02,正常,食物
20251119QE7DHA,expense,4311.58,2025-11-19,报销,房租
20250323NNZLCG,expense,4463.98,2025-03-23,娱乐,房租
20250221670IP8,expense,881.71,2025-02-21,加班,交通
20250101CWI0G9,expense,2084.83,2025-01-01,生活费,娱乐
20250302WIB4P5,expense,5950.34,2025-03-02,差旅,食物
2025020133JGEM,expense,6190.18,2025-02-01,差旅,房租
20251206X33XMU,expense,6969.84,2025-12-06,生活费,其他
20250520B7OWW8,expense,9914.63,2025-05-20,补贴,食物
20251112BRKDEY,expense,8946.50,2025-11-12,生活费,其他
20250603O9H1PD,expense,2846.01,2025-06-03,正常,房租
202506187B4EZM,expense,1962.36,2025-06-18,正常,其他
20250707HVDGEH,expense,7554.74,2025-07-07,补贴,房租
20251219R02USO,expense,1218.97,2025-12-19,差旅,房租
20250706LXUMSW,expense,9330.12,2025-07-06,娱乐,其他
202507187O90DR,expense,6408.53,2025-07-18,娱乐,交通
202506154XHBX2,expense,8106.20,2025-06-15,加班,娱乐
20250627YAFDWA,expense,5749.75,2025-06-27,娱乐,房租
20250428LBYZAR,expense,1221.54,2025-04-28,购物,交通
20250428RLROMN,expense,7997.77,2025-04-28,正常,食物
20251019CGKWPW,expense,3819.36,2025-10-19,加班,房租
20250427RYRRE8,expense,8476.67,2025-04-27,报销,娱乐
20250527MKD88K,expense,1630.45,2025-05-27,购物,交通
202504220GSECR,expense,9874.80,2025-04-22,报销,其他
20250502CSLFOD,expense,6856.34,2025-05-02,娱乐,其他
202504283U5CCL,expense,5747.46,2025-04-28,加班,交通
20250328LG72Z6,expense,2492.71,2025-03-28,娱乐,食物
20251015TJDN9G,expense,6918.01,2025-10-15,正常,食物
20250618MYHCVG,expense,6750.71,2025-06-18,生活费,房租
2025122045K2G3,expense,1808.37,2025-12-20,购物,其他
20251104L5TA55,expense,5657.02,2025-11-04,差旅,娱乐
202507040CYJAC,expense,3764.17,2025-07-04,加班,房租
20250513UZRTUZ,expense,628.13,2025-05-13,外卖,娱乐
20251219XFOZAB,expense,4401.96,2025-12-19,生活费,食物
20251210E0Q18L,expense,5161.05,2025-12-10,学习,房租
20250211G2OICG,expense,6495.36,2025-02-11,正常,食物
20250722RIAVNY,expense,8587.49,2025-07-22,购物,食物
20251006JZXD3Y,expense,8464.54,2025-10-06,报销,其他
20250513AICQC0,expense,2298.21,2025-05-13,加班,娱乐
20250709JNHOYJ,expense,9240.12,2025-07-09,正常,交通
20250815FWUTYP,expense,7837.76,2025-08-15,正常,娱乐
20250119TCLS3U,expense,6721.83,2025-01-19,学习,娱乐
20250825T8UHVT,expense,1732.82,2025-08-25,报销,食物
20250106VAPQZV,expense,565.36,2025-01-06,正常,食物
20250319EJQP62,expense,5601.91,2025-03-19,正常,食物
20250709Z0BUEN,expense,16.66,2025-07-09,加班,交通
20250601B11R4O,expense,6489.12,2025-06-01,差旅,房租
20250422POZMZI,expense,2362.51,2025-04-22,学习,其他
20250208LOHGES,expense,8467.11,2025-02-08,补贴,食物
20251211V61BDQ,expense,4295.32,2025-12-11,正常,娱乐
20251004Y4BP2I,expense,4853.47,2025-10-04,补贴,房租
20251209BVIC12,expense,8643.51,2025-12-09,补贴,其他
20250805TWSNY6,expense,5071.07,2025-08-05,正常,其他
20251020O7AFDM,expense,1893.63,2025-10-20,报销,食物
20251003A9748Q,expense,3566.20,2025-10-03,外卖,房租
20250511M2RHAP,expense,4950.07,2025-05-11,购物,娱乐
20250527EIF6BY,expense,742.49,2025-05-27,补贴,食物
202507158PA8GD,expense,1974.64,2025-07-15,正常,交通
202510082BY13B,expense,627.69,2025-10-08,生活费,其他
20250226V7SBWW,expense,5716.58,2025-02-26,正常,房租
2025102218DFK5,expense,9013.21,2025-10-22,购物,娱乐
20251027RC7FXV,expense,2688.19,2025-10-27,外卖,房租
20250115U8GROY,expense,1871.14,2025-01-15,娱乐,娱乐
202506018FRUK7,expense,807.46,2025-06-01,加班,房租
20250324BGRC4T,expense,628.75,2025-03-24,购物,交通
20250703T9N5X4,expense,1395.18,2025-07-03,学习,交通
20250603VMMY1P,expense,6166.43,2025-06-03,生活费,交通
20250318YT5NM8,expense,468.27,2025-03-18,差旅,交通
20250424KW4JBT,expense,6275.48,2025-04-24,正常,其他
202507104HQPZ2,expense,1351.79,2025-07-10,加班,其他
202501240XXZM0,expense,437.48,2025-01-24,娱乐,交通
20250214BE7150,expense,6745.10,2025-02-14,娱乐,交通
20250518APGES0,expense,6846.70,2025-05-18,补贴,娱乐
20250213OGRNVA,expense,1984.67,2025-02-13,正常,娱乐
20251121VED27D,expense,6149.38,2025-11-21,生活费,房租
202504046W5OLB,expense,1487.39,2025-04-04,生活费,交通
20250320VE5ZDF,expense,6857.06,2025-03-20,外卖,其他
20250502DUQFMT,expense,2059.92,2025-05-02,差旅,娱乐
202507191PO644,expense,8504.59,2025-07-19,报销,交通
20250101SH5CKD,expense,4167.07,2025-01-01,学习,其他
20250921AX52WM,expense,626.80,2025-09-21,差旅,房租
202508079WHU8C,expense,3041.16,2025-08-07,补贴,房租
202512066OAFHO,expense,4584.90,2025-12-06,补贴,房租
202505117ZBAK2,expense,3295.31,2025-05-11,补贴,其他
202512234QC7Y2,expense,2020.07,2025-12-23,生活费,其他
202502104P28IF,expense,7410.12,2025-02-10,正常,交通
20251217X6NYK0,expense,2925.86,2025-12-17,外卖,其他
20250601ZSV09X,expense,9517.04,2025-06-01,加班,其他
20250413952QJN,expense,1889.18,2025-04-13,差旅,娱乐
20250122NDFCVP,expense,7353.07,2025-01-22,外卖,其他
20251010QV69SL,expense,118.91,2025-10-10,购物,其他
202505070LX5FY,expense,7233.10,2025-05-07,加班,交通
20250527EBGRMQ,expense,8454.20,2025-05-27,生活费,娱乐
20250715SDN86F,expense,6141.97,2025-07-15,外卖,食物
20250424GFQR38,expense,6526.97,2025-04-24,正常,房租
20250921V51KOY,expense,358.18,2025-09-21,外卖,食物
20251204FI2HYV,expense,3850.50,2025-12-04,学习,房租
202508069FXEYC,expense,4589.89,2025-08-06,正常,食物
20250515L0745O,expense,6695.96,2025-05-15,购物,娱乐
202507168PT4BI,expense,976.88,2025-07-16,娱乐,食物
20250818B9S20X,expense,6462.89,2025-08-18,购物,交通
202502259RG7VW,expense,5266.20,2025-02-25,外卖,交通
20250606UZK2GQ,expense,1617.25,2025-06-06,购物,交通
20250513ZLK002,expense,9917.50,2025-05-13,学习,食物
202510066EB41Q,expense,7788.81,2025-10-06,加班,其他
20250420HYHL5A,expense,4047.72,2025-04-20,差旅,娱乐
20251201XX3EBW,expense,5138.29,2025-12-01,购物,交通
20251220W6XKBN,expense,7751.07,2025-12-20,差旅,其他
20250121FD60XC,expense,5914.61,2025-01-21,差旅,房租
2025050726I71W,expense,4403.82,2025-05-07,正常,交通
20250803LHZRR3,expense,990.22,2025-08-03,娱乐,食物
20251017CHGYDZ,expense,8687.58,2025-10-17,娱乐,食物
20250812G95N6D,expense,6279.81,2025-08-12,娱乐,房租
202511105KGND8,expense,1300.25,2025-11-10,外卖,交通
202504118W73O1,expense,9967.97,2025-04-11,生活费,娱乐
20250127PV4IJI,expense,3954.37,2025-01-27,购物,食物
20250701I9F1WB,expense,2587.83,2025-07-01,外卖,交通
20251202H25TCK,expense,9539.77,2025-12-02,购物,交通
20251202Z4ZE07,expense,4060.75,2025-12-02,外卖,交通
20250308PBCUM3,expense,5030.27,2025-03-08,补贴,其他
202510193U2XP3,expense,2090.64,2025-10-19,娱乐,房租
20250820JOZWDC,expense,2014.25,2025-08-20,正常,娱乐
20250710LO7H1I,expense,1813.00,2025-07-10,学习,娱乐
20250918V3DR9Z,expense,6029.67,2025-09-18,报销,娱乐
20250325VXTYXP,expense,2449.09,2025-03-25,报销,其他
202506094FGFZI,expense,7863.59,2025-06-09,外卖,房租
20250804KYN0LB,expense,2420.51,2025-08-04,外卖,食物
20250914Z4LNRE,expense,2383.67,2025-09-14,正常,娱乐
202504052YN1N8,expense,2869.94,2025-04-05,生活费,娱乐
20250313G6JGZH,expense,128.35,2025-03-13,加班,交通
20250905MXY9YM,expense,9804.29,2025-09-05,外卖,房租
20250419LLAB45,expense,7138.27,2025-04-19,娱乐,娱乐
20251109PKR65D,expense,4442.06,2025-11-09,外卖,交通
20251107569T31,expense,7858.60,2025-11-07,生活费,交通
20250406RLKG6D,expense,3228.90,2025-04-06,加班,房租
20250801ZY2GUD,expense,9652.12,2025-08-01,差旅,娱乐
20250627LJSH0V,expense,8888.26,2025-06-27,正常,交通
20250102BX9UZ4,expense,7392.48,2025-01-02,外卖,房租
20251007BZZZE8,expense,1259.59,2025-10-07,生活费,娱乐
20251105LC1I5E,expense,3614.74,2025-11-05,外卖,交通
202507238RFTWM,expense,2229.42,2025-07-23,学习,食物
20250608SWT3KP,expense,3671.60,2025-06-08,外卖,交通
20250302SBBLEQ,expense,3948.19,2025-03-02,差旅,交通
20250411JU0FTP,expense,8690.66,2025-04-11,补贴,娱乐
20250919DSIWFV,expense,129.92,2025-09-19,娱乐,房租
20251112708MVU,expense,8655.57,2025-11-12,正常,房租
202509110GA19Q,expense,5018.28,2025-09-11,正常,其他
2025060971DPIK,expense,8124.45,2025-06-09,购物,其他
20251008NF4HLI,expense,9972.53,2025-10-08,加班,交通
20251211WSQ3RF,expense,3546.74,2025-12-11,报销,房租
20250926CKXF5S,expense,1387.63,2025-09-26,加班,食物
202504093723CD,expense,6451.88,2025-04-09,正常,交通
20251206YI4TWF,expense,305.39,2025-12-06,加班,房租
20250213TIQDKG,expense,1762.36,2025-02-13,外卖,房租
202501062DZ02H,expense,4175.92,2025-01-06,生活费,娱乐
20250810CQRU11,expense,8535.59,2025-08-10,加班,其他
20250116BNOB5J,expense,2533.50,2025-01-16,生活费,其他
20250724FABTYH,expense,3022.57,2025-07-24,外卖,其他
20250914K9MH4K,expense,6593.28,2025-09-14,学习,娱乐
20251208FGPSCZ,expense,3763.23,2025-12-08,娱乐,房租
2025030218YT89,expense,118.83,2025-03-02,购物,娱乐
202509204DC90I,expense,140.58,2025-09-20,外卖,其他
20251102V4DMWA,expense,7748.57,2025-11-02,外卖,娱乐
202504118JYQUQ,expense,7595.60,2025-04-11,购物,交通
20250524N2WFX4,expense,5255.37,2025-05-24,生活费,食物
202507063MFDQN,expense,2631.93,2025-07-06,报销,食物
20250725O8TH0A,expense,518.22,2025-07-25,购物,交通
20250815NPLRH5,expense,2030.04,2025-08-15,差旅,食物
202505016PKF6X,expense,4849.91,2025-05-01,补贴,其他
20250815L5DOKJ,expense,385.29,2025-08-15,学习,食物
20250803ZMTOF0,expense,6415.97,2025-08-03,报销,食物
202507169KKZIN,expense,7187.90,2025-07-16,报销,房租
20250802IJ9AXX,expense,8234.88,2025-08-02,学习,其他
20250216VJRH25,expense,9096.46,2025-02-16,加班,其他
20250616VOPE7K,expense,2881.92,2025-06-16,差旅,房租
20250510JM2ISC,expense,5263.21,2025-05-10,娱乐,食物
20250618WDRNSH,expense,7697.68,2025-06-18,加班,其他
20250127QHTHKT,expense,9491.78,2025-01-27,生活费,交通
20250317WIHLXO,expense,9096.57,2025-03-17,外卖,娱乐
20251124YMH9HS,expense,8188.04,2025-11-24,正常,其他
20250404Y5DLI3,expense,8398.29,2025-04-04,生活费,娱乐
20250715O47FBN,expense,5237.51,2025-07-15,购物,交通
20251108KY6H0Y,expense,25.11,2025-11-08,加班,其他
20250204Y1FGKX,expense,8705.15,2025-02-04,报销,其他
20250426X46RKK,expense,9989.79,2025-04-26,娱乐,食物
20251027JSMJV3,expense,7607.15,2025-10-27,补贴,食物
20250815L7W0WV,expense,1798.75,2025-08-15,外卖,其他
2025042881AVMA,expense,8368.73,2025-04-28,加班,食物
20251003VWYQFK,expense,3314.68,2025-10-03,报销,娱乐
20250210ACR437,expense,5633.63,2025-02-10,差旅,其他
202507230ZZDSY,expense,8727.36,2025-07-23,补贴,交通
20250428VDKU0M,expense,8801.41,2025-04-28,购物,娱乐
20250908V9J6TP,expense,8381.85,2025-09-08,外卖,交通
20251206CD9WIK,expense,9009.01,2025-12-06,差旅,食物
2025012597XYBA,expense,144.00,2025-01-25,加班,娱乐
20250125TFGLKT,expense,2698.87,2025-01-25,正常,交通
20250720I75XLO,expense,9414.69,2025-07-20,购物,娱乐
20251223HCIU5I,expense,3312.43,2025-12-23,外卖,交通
20250411OV18MU,expense,9104.21,2025-04-11,差旅,娱乐
20250311DH3LUL,expense,8410.26,2025-03-11,购物,交通
20250703506L4U,expense,7000.66,2025-07-03,购物,房租
202501121D3WKD,expense,7490.10,2025-01-12,报销,交通
20251222K6K5PK,expense,1423.77,2025-12-22,娱乐,交通
20250301KXK921,expense,6679.01,2025-03-01,外卖,其他
20250413WT4AZX,expense,937.07,2025-04-13,外卖,娱乐
202508127512YW,expense,7285.40,2025-08-12,娱乐,食物
202507249GDJX5,expense,9886.56,2025-07-24,正常,房租
20250307SEBM5I,expense,7494.26,2025-03-07,差旅,房租
20251022X5W26W,expense,4855.25,2025-10-22,补贴,交通
20250213CHNIVY,expense,320.07,2025-02-13,补贴,交通
20251014SQQYKA,expense,457.37,2025-10-14,差旅,娱乐
20250717OQ5QM1,expense,4530.36,2025-07-17,加班,食物
20250501SWLUJ5,expense,6122.25,2025-05-01,生活费,食物
20250707E8WPP7,expense,8020.24,2025-07-07,报销,房租
20250621A7JYMB,expense,999.49,2025-06-21,购物,食物
20250808EBBUGB,expense,6899.49,2025-08-08,学习,娱乐
20250414HIQ6PL,expense,8279.84,2025-04-14,生活费,娱乐
20250408AASB0E,expense,7133.02,2025-04-08,正常,娱乐
20250508LNDCAR,expense,4951.73,2025-05-08,加班,食物
20250407HL7ZWJ,expense,8087.37,2025-04-07,加班,其他
20250526V9P33G,expense,538.52,2025-05-26,补贴,房租
20251111HRN00D,expense,4257.53,2025-11-11,外卖,交通
20250207IH0W3Q,expense,2211.71,2025-02-07,报销,房租
20250322ZY9NHJ,expense,1722.17,2025-03-22,报销,娱乐
202511021B23JY,expense,441.97,2025-11-02,外卖,交通
20250216V5VP6J,expense,9870.36,2025-02-16,差旅,其他
20250928PLPJ53,expense,1152.61,2025-09-28,正常,其他
202506215OMN29,expense,7488.41,2025-06-21,差旅,房租
20250309ZA76BK,expense,4135.01,2025-03-09,外卖,食物
20251217LF21QF,expense,7246.24,2025-12-17,差旅,交通
20250119H4KOMV,expense,1914.15,2025-01-19,娱乐,房租
202503086WKU7R,expense,7384.23,2025-03-08,娱乐,交通
20250801MNBS9M,expense,573.77,2025-08-01,购物,娱乐
20250425OPOUMJ,expense,8869.83,2025-04-25,正常,房租
20250916H9CIJ3,expense,6362.01,2025-09-16,生活费,食物
202511037QX34Z,expense,5786.66,2025-11-03,学习,其他
202512133FCJ6O,expense,6321.75,2025-12-13,补贴,其他
20251227JDBFIM,expense,6959.34,2025-12-27,外卖,房租
20250507F3311W,expense,1059.94,2025-05-07,报销,其他
20250506ZRWYOH,expense,8472.25,2025-05-06,学习,娱乐
20251219YAFP10,expense,290.71,2025-12-19,生活费,娱乐
2025081185XEQJ,expense,7893.48,2025-08-11,正常,房租
20250202Z409VN,expense,2607.37,2025-02-02,外卖,娱乐
20251220SDUD0D,expense,1328.90,2025-12-20,生活费,娱乐
20250126CQD3PK,expense,9352.22,2025-01-26,加班,其他
20251018REOKRM,expense,3577.46,2025-10-18,报销,其他
20251001NEDX19,expense,5461.95,2025-10-01,学习,食物
20250510PTY69V,expense,1766.16,2025-05-10,加班,食物
20251023Q74D6J,expense,1495.62,2025-10-23,外卖,房租
2025122870JNIU,expense,7732.33,2025-12-28,外卖,交通
202502192R4L40,expense,8164.74,2025-02-19,娱乐,娱乐
20251224N7P71X,expense,7277.99,2025-12-24,购物,食物
20251202E5FR4M,expense,9931.28,2025-12-02,报销,食物
20250613X40G6K,expense,4013.31,2025-06-13,报销,交通
20250313OMK3EO,expense,3432.86,2025-03-13,报销,房租
20250302KNFJGR,expense,8062.15,2025-03-02,娱乐,交通
20251113KM6SLR,expense,5051.77,2025-11-13,正常,房租
20250613PKY4M8,expense,9059.15,2025-06-13,补贴,娱乐
20250228IAD0WP,expense,4051.59,2025-02-28,生活费,娱乐
20250314WMSWYP,expense,4893.04,2025-03-14,加班,交通
2025110360GSJA,expense,6297.51,2025-11-03,正常,交通
202506065MAHY7,expense,6992.01,2025-06-06,正常,房租
20250822XNKVV2,expense,9875.76,2025-08-22,正常,娱乐
20250315VZCRQI,expense,6697.69,2025-03-15,正常,房租
20251216U7URNC,expense,4783.26,2025-12-16,生活费,食物
202509012E7UCE,expense,1703.52,2025-09-01,购物,交通
20250321PD0W90,expense,81.44,2025-03-21,报销,其他
20251110NJ7S3D,expense,8107.45,2025-11-10,加班,食物
202510264EJ5UT,expense,6419.72,2025-10-26,娱乐,娱乐
20250311I78W30,expense,1078.65,2025-03-11,报销,食物
202512088N1M60,expense,351.84,2025-12-08,外卖,食物
20250202BID3FZ,expense,6789.82,2025-02-02,购物,食物
20250212B77RL6,expense,8626.10,2025-02-12,学习,食物
20250928UPS4I3,expense,5651.05,2025-09-28,购物,其他
202504282PQMW5,expense,6024.71,2025-04-28,生活费,房租
20251004BGDZWK,expense,3252.11,2025-10-04,外卖,交通
20251224XXXFRP,expense,8023.41,2025-12-24,正常,房租
20251113IEFDKR,expense,4385.15,2025-11-13,差旅,其他
20250711SPS9HF,expense,9010.68,2025-07-11,娱乐,其他
202507188IJAF5,expense,9005.10,2025-07-18,学习,其他
20250425W181EN,expense,4260.77,2025-04-25,生活费,房租
202507047R6X2S,expense,7915.04,2025-07-04,正常,房租
20250501B4NZ0G,expense,3357.66,2025-05-01,购物,房租
20250818FOV65T,expense,9650.75,2025-08-18,生活费,食物
20251003FX8UYQ,expense,7093.30,2025-10-03,购物,食物
20250313HGVONP,expense,4102.78,2025-03-13,报销,其他
20251206K1ZFIY,expense,7364.15,2025-12-06,生活费,食物
20251119778T4Z,expense,7100.43,2025-11-19,正常,其他
20251117QOVTNZ,expense,2867.11,2025-11-17,差旅,交通
20250726S75PQT,expense,8898.86,2025-07-26,差旅,其他
20251224M7XVO5,expense,8362.35,2025-12-24,报销,其他
20250413PO9UR7,expense,6880.78,2025-04-13,娱乐,房租
20250913ETUXX7,expense,93.54,2025-09-13,购物,娱乐
20250107572YV3,expense,9191.19,2025-01-07,正常,房租
202504283NVN80,expense,7036.93,2025-04-28,生活费,食物
20251123FMVE4Y,expense,3373.90,2025-11-23,购物,其他
20251124TUNV4R,expense,6527.04,2025-11-24,外卖,房租
20250901GOB9BJ,expense,5275.77,2025-09-01,学习,其他
20250708C34Z1J,expense,6964.46,2025-07-08,购物,食物
20250724HD75TN,expense,6123.07,2025-07-24,正常,房租
20251219ESOZDH,expense,3774.51,2025-12-19,差旅,食物
20251125DN35C0,expense,5161.11,2025-11-25,补贴,房租
20250825L2W5TJ,expense,9747.26,2025-08-25,差旅,房租
20251212KC1PBS,expense,5309.65,2025-12-12,外卖,房租
20251214XURKAD,expense,2825.50,2025-12-14,学习,房租
20250825G4N0P4,expense,954.43,2025-08-25,购物,房租
20250208K613JO,expense,9988.29,2025-02-08,差旅,房租
20250710OW41ZD,expense,3086.66,2025-07-10,报销,食物
202506188G8LAO,expense,1544.84,2025-06-18,报销,其他
20251004JTXGZH,expense,8927.13,2025-10-04,加班,交通
20250620N6Y0MV,expense,4095.75,2025-06-20,加班,娱乐
20250911BGZN29,expense,198.86,2025-09-11,报销,其他
20250915BV65N8,expense,8718.18,2025-09-15,报销,交通
20250716J53675,expense,1427.84,2025-07-16,报销,其他
20250913AZEE7U,expense,2946.62,2025-09-13,生活费,其他
20251223EMTJLP,expense,7541.49,2025-12-23,购物,其他
20251101NI60XI,expense,3705.97,2025-11-01,生活费,交通
20250722BGUAUX,expense,3532.09,2025-07-22,学习,其他
202507171S1TFA,expense,2328.08,2025-07-17,学习,娱乐
20251117JVU61A,expense,7909.61,2025-11-17,购物,交通
20250109Y4NDX8,expense,2480.74,2025-01-09,差旅,其他
202511195EZ27Z,expense,441.50,2025-11-19,学习,房租
202503144077ND,expense,2596.58,2025-03-14,娱乐,房租
20251018VVJ3FR,expense,1242.18,2025-10-18,娱乐,交通
20250719EJISZD,expense,4515.91,2025-07-19,生活费,食物
20250327RINBMN,expense,5283.76,2025-03-27,正常,食物
20250516UHLZBK,expense,2133.12,2025-05-16,外卖,其他
20250309SJLSNX,expense,8404.93,2025-03-09,差旅,娱乐
20251017UH3SMV,expense,2285.15,2025-10-17,差旅,房租
20250209DBEAR2,expense,6815.19,2025-02-09,生活费,房租
202511176T7OR4,expense,4611.91,2025-11-17,正常,食物
20250419BN6HHX,expense,7434.42,2025-04-19,购物,食物
20250825EPD9ZT,expense,9395.98,2025-08-25,生活费,食物
20251020KYQB9N,expense,4889.10,2025-10-20,加班,娱乐
20250519CU2VOF,expense,9406.30,2025-05-19,生活费,其他
20250711C771W3,expense,6255.11,2025-07-11,正常,娱乐
20250825MD2RK4,expense,2901.75,2025-08-25,补贴,娱乐
20250113MESSBM,expense,1465.64,2025-01-13,差旅,娱乐
20250608EV7XIM,expense,5189.14,2025-06-08,外卖,其他
20251221ZLLKBP,expense,1200.43,2025-12-21,外卖,交通
20251213A2O5ZT,expense,3562.29,2025-12-13,娱乐,房租
20251110OQPXA3,expense,9681.90,2025-11-10,报销,娱乐
20250119TZFFG0,expense,8859.54,2025-01-19,学习,交通
202511261J03RA,expense,3026.64,2025-11-26,加班,其他
20250102Q0KC9A,expense,8183.72,2025-01-02,娱乐,娱乐
20250604NXDB36,expense,9563.07,2025-06-04,购物,房租
20251008648QKC,expense,8450.49,2025-10-08,正常,交通
20250901RFER6D,expense,5431.62,2025-09-01,补贴,房租
20250311NGRC7L,expense,55.77,2025-03-11,娱乐,娱乐
20250414U1I5HF,expense,1278.99,2025-04-14,差旅,食物
20250715YRI37I,expense,4707.76,2025-07-15,差旅,其他
20250326AKE7OY,expense,4424.78,2025-03-26,娱乐,房租
202503183FT5GK,expense,883.62,2025-03-18,购物,交通
20250219R7E44Y,expense,7960.61,2025-02-19,差旅,食物
20251118B5NLB7,expense,2386.60,2025-11-18,加班,交通
20251124P16Q6C,expense,2811.92,2025-11-24,报销,交通
20251211NHQ6RV,expense,938.56,2025-12-11,学习,交通
20250811IBHFH4,expense,7604.94,2025-08-11,生活费,其他
20250323LFAKQC,expense,3773.43,2025-03-23,补贴,其他
20251121F0TNIT,expense,4109.42,2025-11-21,差旅,房租
20250306ULUB0K,expense,9048.51,2025-03-06,正常,房租
20250612R39F57,expense,3812.08,2025-06-12,加班,娱乐
20250510GUN9P3,expense,6077.23,2025-05-10,报销,食物
20251220WSEOA3,expense,7447.40,2025-12-20,购物,其他
202504114LF0KX,expense,9858.39,2025-04-11,外卖,交通
20251009UD5AHC,expense,838.33,2025-10-09,购物,房租
202508176LVK2H,expense,6962.77,2025-08-17,补贴,食物
20250920W6ER6M,expense,1804.78,2025-09-20,报销,食物
20250304ICQD4P,expense,6374.94,2025-03-04,娱乐,交通
202504051FNCLP,expense,8801.10,2025-04-05,补贴,交通
20250714UR8HKB,expense,1017.06,2025-07-14,生活费,其他
20250222SX5DWH,expense,391.98,2025-02-22,娱乐,食物
20250812I874FZ,expense,2366.07,2025-08-12,生活费,娱乐
2025100856LWI1,expense,7448.80,2025-10-08,正常,房租
20251025BEX97C,expense,2311.33,2025-10-25,差旅,食物
20250627FG35FJ,expense,1312.12,2025-06-27,正常,其他
20250801UHHA77,expense,877.14,2025-08-01,补贴,其他
202507236U9PXA,expense,5220.59,2025-07-23,正常,娱乐
2025042215IDOP,expense,6366.94,2025-04-22,正常,房租
20250124I5BM81,expense,727.76,2025-01-24,补贴,房租
20251110AMF3VR,expense,6719.38,2025-11-10,差旅,交通
202512026ZBNN7,expense,4781.18,2025-12-02,外卖,其他
20250416AEU1T0,expense,4582.06,2025-04-16,学习,其他
2025071948UOQ4,expense,4262.88,2025-07-19,娱乐,其他
20250420S10MB4,expense,6731.87,2025-04-20,外卖,其他
202510197OTZUA,expense,9056.21,2025-10-19,差旅,其他
202505023BSISI,expense,4932.14,2025-05-02,购物,房租
20251208A6MI2L,expense,178.80,2025-12-08,差旅,其他
202508075BZ9VY,expense,5267.74,2025-08-07,补贴,交通
20251007C9TGSH,expense,1929.08,2025-10-07,购物,交通
20250616TUKNCE,expense,6533.64,2025-06-16,补贴,娱乐
20251114ER9CM1,expense,649.17,2025-11-14,购物,房租
20250412G23F2V,expense,2641.53,2025-04-12,差旅,交通
20250827AALDF9,expense,6281.74,2025-08-27,正常,其他
20250321WBANYJ,expense,2082.46,2025-03-21,加班,交通
20250106CWE3TG,expense,9203.23,2025-01-06,加班,其他
202503181DAMJA,expense,9914.08,2025-03-18,生活费,其他
20250119K33J76,expense,7775.80,2025-01-19,补贴,交通
202511014EJHF5,expense,4076.80,2025-11-01,娱乐,食物
20251111EG0MQY,expense,5587.36,2025-11-11,外卖,食物
20250204M0Y5TI,expense,9757.21,2025-02-04,加班,食物
2025101746LOQX,expense,9442.55,2025-10-17,报销,娱乐
20250510M175A8,expense,6352.29,2025-05-10,娱乐,娱乐
202507258JART5,expense,3542.27,2025-07-25,学习,其他
20250421KSACDN,expense,6532.58,2025-04-21,正常,娱乐
20251101YGQMQR,expense,2931.10,2025-11-01,外卖,房租
20250810TCJE5J,expense,403.02,2025-08-10,补贴,娱乐
202508130FI4HH,expense,2465.50,2025-08-13,外卖,房租
20250317CYXAH6,expense,9056.66,2025-03-17,报销,娱乐
20250521NL2HRJ,expense,9742.42,2025-05-21,补贴,食物
202511188BRE4X,expense,4005.83,2025-11-18,正常,房租
20250621M4XZ42,expense,6406.77,2025-06-21,购物,房租
20250105L8UULG,expense,3504.09,2025-01-05,加班,食物
20250617GJCP45,expense,8280.21,2025-06-17,差旅,其他
20251007LLYR28,expense,4977.88,2025-10-07,加班,其他
20251219X7TYO8,expense,1967.97,2025-12-19,外卖,房租
20250818JVXZWQ,expense,4521.77,2025-08-18,生活费,娱乐
20250419JBN5O1,expense,6369.37,2025-04-19,差旅,交通
202511248SRX5W,expense,9897.39,2025-11-24,外卖,房租
2025062113OQFK,expense,9680.54,2025-06-21,报销,娱乐
20250807PVK0X7,expense,5453.34,2025-08-07,学习,房租
202502148V6EB5,expense,9042.10,2025-02-14,正常,交通
20251116NLYT2G,expense,9725.57,2025-11-16,购物,交通
20251225IIDANM,expense,5207.78,2025-12-25,生活费,其他
20250422EN8NJN,expense,2231.51,2025-04-22,加班,娱乐
202504053DDRMJ,expense,7247.24,2025-04-05,外卖,交通
20251110R15GGZ,expense,483.69,2025-11-10,生活费,其他
20250906NV75DJ,expense,3293.61,2025-09-06,报销,其他
20250122DALJ9F,expense,4124.95,2025-01-22,加班,食物
20250620J5O7CT,expense,7701.79,2025-06-20,外卖,其他
202508031H69TG,expense,8383.69,2025-08-03,差旅,食物
20250227CKSK9F,expense,3221.00,2025-02-27,补贴,食物
2025071769L97O,expense,9066.58,2025-07-17,正常,食物
20250505JOZVAV,expense,6555.33,2025-05-05,加班,交通
20250418D1TZR3,expense,1387.79,2025-04-18,学习,娱乐
20250913KL7J7F,expense,4875.54,2025-09-13,生活费,房租
20251122HTF131,expense,2555.86,2025-11-22,外卖,娱乐
202503227H0PMM,expense,9235.40,2025-03-22,正常,房租
20250721J4VODN,expense,6670.94,2025-07-21,报销,娱乐
20251113T2R8V5,expense,7589.78,2025-11-13,加班,其他
202512148Y6YIW,expense,3634.07,2025-12-14,生活费,交通
20251020302M7K,expense,3384.86,2025-10-20,购物,食物
20250721VSSZCX,expense,9896.27,2025-07-21,正常,娱乐
20250728JYP2LT,expense,9972.88,2025-07-28,正常,交通
202511257OCZA7,expense,123.56,2025-11-25,补贴,其他
20250204IHKJGP,expense,3136.12,2025-02-04,购物,娱乐
20250121GZILQL,expense,2963.94,2025-01-21,购物,食物
202508123NSZ4O,expense,6002.68,2025-08-12,娱乐,食物
20250701TPZRRB,expense,1437.04,2025-07-01,学习,其他
20250922SKHSVP,expense,5867.97,2025-09-22,加班,其他
2025071681TUFD,expense,6626.55,2025-07-16,报销,食物
20251213KEORFB,expense,1236.15,2025-12-13,生活费,其他
20251004AED8SB,expense,1817.79,2025-10-04,学习,交通
20250901AWT6SQ,expense,2753.76,2025-09-01,补贴,娱乐
2025041982YLID,expense,2612.41,2025-04-19,外卖,其他
202504021C47JM,expense,6680.86,2025-04-02,补贴,交通
202507016BGZX9,expense,475.99,2025-07-01,正常,食物
20250624QZN7V9,expense,9542.06,2025-06-24,补贴,食物
2025081571TFOF,expense,2192.82,2025-08-15,购物,娱乐
202506238WX7I5,expense,1398.21,2025-06-23,补贴,其他
20250614FXOI59,expense,6695.23,2025-06-14,正常,其他
20250121VBFS05,expense,9079.02,2025-01-21,购物,其他
20251001QP9CWQ,expense,9161.34,2025-10-01,娱乐,交通
20251205MUI6ZK,expense,6578.85,2025-12-05,学习,交通
20250818IY867R,expense,6653.52,2025-08-18,外卖,食物
20250308SPTR6Z,expense,6381.07,2025-03-08,差旅,食物
20250828OH3VYL,expense,2122.77,2025-08-28,学习,其他
20251103KAQZMW,expense,1191.60,2025-11-03,生活费,食物
20250503DKGF0K,expense,4212.03,2025-05-03,正常,食物
20250411KI9NE5,expense,6215.54,2025-04-11,购物,交通
20250711G9X0JB,expense,137.30,2025-07-11,加班,其他
20250102PRFNHX,expense,2507.05,2025-01-02,生活费,食物
20250511C6349S,expense,2416.01,2025-05-11,学习,房租
20250117ESUWMI,expense,339.94,2025-01-17,购物,食物
20250515XBVLIZ,expense,2391.34,2025-05-15,学习,其他
20250804RKJV8Y,expense,1568.36,2025-08-04,补贴,交通
20250702GUX796,expense,8847.97,2025-07-02,正常,食物
20250423N3SLBQ,expense,7989.67,2025-04-23,差旅,娱乐
20250502MYM4K6,expense,1677.26,2025-05-02,娱乐,交通
20250507WLY1Q5,expense,6528.89,2025-05-07,学习,娱乐
20250628D1RQSH,expense,9702.09,2025-06-28,补贴,房租
20250713UHP76Q,expense,1325.53,2025-07-13,生活费,娱乐
20251103T3XZXR,expense,5919.29,2025-11-03,生活费,交通
20250213IO7CCH,expense,2271.93,2025-02-13,外卖,食物
20251126NB905G,expense,3687.68,2025-11-26,报销,其他
20250124UGIDYF,expense,5043.19,2025-01-24,加班,交通
20250704GASXSE,expense,3243.28,2025-07-04,正常,娱乐
20250920WKRAKD,expense,3980.43,2025-09-20,加班,其他
20250921A0HA1U,expense,8093.55,2025-09-21,外卖,交通
20250225FQRWCD,expense,8109.60,2025-02-25,正常,交通
20251017ZHE4ED,expense,585.19,2025-10-17,学习,房租
20251122FFRAMK,expense,7086.07,2025-11-22,报销,食物
20250223JX7HWO,expense,4941.80,2025-02-23,报销,其他
20250605NHXSM7,expense,5350.97,2025-06-05,学习,交通
20250109N87BGS,expense,5691.26,2025-01-09,正常,娱乐
2025071719HK9D,expense,2489.81,2025-07-17,报销,房租
20250804QVGNHQ,expense,5429.91,2025-08-04,报销,房租
20250202O8XJLT,expense,935.73,2025-02-02,加班,食物
20250916Q0PC9C,expense,1180.09,2025-09-16,加班,房租
202501076XQIYN,expense,4953.43,2025-01-07,娱乐,食物
20251021CNSP20,expense,5535.98,2025-10-21,购物,房租
20250419YYVVX9,expense,1153.09,2025-04-19,学习,娱乐
20250824LEEFEH,expense,484.76,2025-08-24,差旅,娱乐
202508177VMFFM,expense,2404.89,2025-08-17,外卖,食物
20250421U3IT94,expense,2909.33,2025-04-21,差旅,食物
202511118MYW42,expense,5487.70,2025-11-11,报销,其他
202507233FPV2H,expense,8241.57,2025-07-23,差旅,食物
20250922LP9FWP,expense,3819.84,2025-09-22,娱乐,房租
20251115ETBQKG,expense,4301.14,2025-11-15,购物,交通
20251213AU8IGN,expense,9958.11,2025-12-13,生活费,交通
20251105UO3WP4,expense,7710.85,2025-11-05,报销,房租
20250607833BMQ,expense,5161.40,2025-06-07,外卖,食物
20250720MYUTJO,expense,3493.86,2025-07-20,生活费,食物
2025080392JUL3,expense,6199.25,2025-08-03,加班,其他
20250913QJL7J1,expense,1775.84,2025-09-13,购物,房租
202512089YWCX4,expense,5377.50,2025-12-08,加班,其他
20250808MUEV2B,expense,4247.43,2025-08-08,差旅,食物
20250826WX6A7Y,expense,9563.49,2025-08-26,补贴,其他
202511086ZXBSF,expense,5361.86,2025-11-08,学习,其他
20251008VRGFNY,expense,7954.39,2025-10-08,差旅,食物
20250221ZH8IAH,expense,6652.25,2025-02-21,报销,其他
20250811D73ARA,expense,8629.10,2025-08-11,学习,房租
20250127TWBDZT,expense,3837.23,2025-01-27,差旅,房租
20251227K1EBT3,expense,228.91,2025-12-27,正常,其他
202502173754OF,expense,8235.82,2025-02-17,加班,房租
2025051800KK3S,expense,5986.21,2025-05-18,报销,娱乐
20250119RHD57Z,expense,6516.73,2025-01-19,购物,其他
20251014ZIE44I,expense,4251.20,2025-10-14,学习,食物
20250722MV35IP,expense,1171.03,2025-07-22,购物,交通
20251220O55DGT,expense,9866.51,2025-12-20,娱乐,交通
20250819JTLFRW,expense,8722.65,2025-08-19,生活费,房租
20251108KPZ9UK,expense,8290.93,2025-11-08,补贴,其他
20250224FAB839,expense,1179.49,2025-02-24,报销,食物
20251019RLXDBC,expense,7630.59,2025-10-19,补贴,食物
20250607287Z1R,expense,1422.70,2025-06-07,补贴,房租
20251114XYSLJB,expense,2912.48,2025-11-14,学习,食物
20250724T67I0A,expense,2375.69,2025-07-24,生活费,娱乐
20251016ZGBVAA,expense,3131.47,2025-10-16,外卖,交通
2025112245W1TE,expense,2087.18,2025-11-22,生活费,房租
20250222X9TX5N,expense,2709.77,2025-02-22,补贴,其他
20251013MDRPN3,expense,5108.85,2025-10-13,加班,房租
20250611EAPI0F,expense,6628.74,2025-06-11,差旅,房租
20250523PXGO17,expense,3191.92,2025-05-23,外卖,食物
202503053MBUTQ,expense,3628.77,2025-03-05,生活费,食物
20251209S8JUXY,expense,7578.09,2025-12-09,正常,食物
20250317IWMFV1,expense,875.09,2025-03-17,购物,食物
20250414LRGXAY,expense,2291.21,2025-04-14,报销,娱乐
20250604S7WJ64,expense,5001.68,2025-06-04,正常,娱乐
20250827ZU5BRJ,expense,5352.63,2025-08-27,差旅,房租
202501041UCXUV,expense,6839.51,2025-01-04,生活费,交通
20250310PGB1NV,expense,1895.16,2025-03-10,学习,其他
20251113GIE591,expense,5163.76,2025-11-13,补贴,房租
2025032684NZFR,expense,6857.28,2025-03-26,报销,其他
20250820D4XEG6,expense,701.36,2025-08-20,外卖,交通
20250511IDVC5T,expense,5212.66,2025-05-11,正常,房租
202505021K6TDO,expense,6921.21,2025-05-02,学习,食物
20250807RQ44X9,expense,9652.02,2025-08-07,外卖,食物
20251125BJR2IT,expense,2234.00,2025-11-25,外卖,食物
20251024TW4ZEF,expense,2325.15,2025-10-24,购物,食物
20250521NEG3BK,expense,4040.72,2025-05-21,学习,娱乐
202501059QJM2H,expense,5734.64,2025-01-05,正常,食物
20250826C77OGC,expense,8630.62,2025-08-26,生活费,其他
20250717WXYUMG,expense,7788.99,2025-07-17,学习,食物
2025052379I1NR,expense,9666.12,2025-05-23,外卖,其他
202501196LK7W8,expense,7577.78,2025-01-19,补贴,食物
20250227J37Y0L,expense,5329.94,2025-02-27,补贴,其他
202510130ZQ0CJ,expense,7688.47,2025-10-13,外卖,房租
20251024ELXMT2,expense,2926.77,2025-10-24,娱乐,房租
20250923KCPBO0,expense,5167.19,2025-09-23,正常,房租
20251105AKT5S7,expense,6520.31,2025-11-05,正常,交通
20251203K6OOKU,expense,505.43,2025-12-03,外卖,其他
202503196I20K7,expense,1949.04,2025-03-19,娱乐,娱乐
20250423HQC0SE,expense,102.25,2025-04-23,外卖,娱乐
20250320IN1PX6,expense,6367.94,2025-03-20,正常,娱乐
2025051138I7HV,expense,408.66,2025-05-11,外卖,食物
20251201XW0Z5A,expense,1706.36,2025-12-01,娱乐,房租
20250414W4FRRD,expense,9700.81,2025-04-14,差旅,娱乐
20250803HWCRJF,expense,5415.41,2025-08-03,购物,交通
20250825M5N905,expense,5930.17,2025-08-25,生活费,食物
2025121319IDQR,expense,9640.21,2025-12-13,购物,房租
20250711NHFQWA,expense,4202.49,2025-07-11,购物,交通
202512253KF45H,expense,3112.22,2025-12-25,学习,娱乐
20250919K05LWR,expense,1805.36,2025-09-19,生活费,房租
20250413OJ076D,expense,1622.28,2025-04-13,购物,食物
20251011PPNVLD,expense,1268.56,2025-10-11,报销,其他
20250328CSISYC,expense,6534.87,2025-03-28,购物,娱乐
20250322OZ2T0Z,expense,9928.00,2025-03-22,外卖,食物
20250714EW1NFF,expense,317.29,2025-07-14,外卖,其他
20250626TSC8NG,expense,5798.78,2025-06-26,学习,其他
2025101701NX6R,expense,8239.40,2025-10-17,差旅,娱乐
202508283YTE26,expense,8925.96,2025-08-28,加班,食物
20251226X5O397,expense,7999.46,2025-12-26,补贴,娱乐
202503058CSVYP,expense,4015.27,2025-03-05,外卖,房租
20250608029Y0X,expense,4874.04,2025-06-08,差旅,房租
20251201DUVSGJ,expense,7033.93,2025-12-01,生活费,其他
20250811FLWO1W,expense,3352.62,2025-08-11,报销,房租
20250427ZKV9NW,expense,5944.44,2025-04-27,生活费,食物
20250406C75NQO,expense,8840.17,2025-04-06,娱乐,其他
20251025HZT3R4,expense,5649.39,2025-10-25,学习,房租
20250516KI73E2,expense,8335.36,2025-05-16,补贴,房租
20250211KPB6JM,expense,964.61,2025-02-11,加班,交通
202507172UN0KS,expense,981.67,2025-07-17,娱乐,交通
20250627GXKO7K,expense,6966.58,2025-06-27,报销,房租
20250510DGNZEF,expense,3796.13,2025-05-10,差旅,交通
20250510IZ11OE,expense,5440.38,2025-05-10,娱乐,交通
20250518U5FIC4,expense,2134.86,2025-05-18,生活费,其他
20250203FOWH3Q,expense,9360.82,2025-02-03,娱乐,食物
20250126XMZVQY,expense,2290.34,2025-01-26,生活费,食物
2025101214MHM2,expense,8339.70,2025-10-12,报销,娱乐
20250704U9OM06,expense,9579.54,2025-07-04,差旅,食物
20251022MYUVYL,expense,7893.72,2025-10-22,购物,食物
20250709W2S6CJ,expense,349.84,2025-07-09,加班,交通
202501278RWUTM,expense,3630.87,2025-01-27,学习,食物
20250922NDC0WX,expense,9261.17,2025-09-22,生活费,房租
20250907C4WRTB,expense,9042.44,2025-09-07,生活费,房租
20250905M2JUMS,expense,1108.94,2025-09-05,报销,其他
202505132J3RNZ,expense,1708.18,2025-05-13,学习,娱乐
20250801XHHUC6,expense,7712.93,2025-08-01,外卖,食物
20250119ZJ0MHZ,expense,8207.05,2025-01-19,购物,交通
20251223BFA749,expense,8591.68,2025-12-23,购物,交通
20251117FKCOZJ,expense,7569.24,2025-11-17,娱乐,娱乐
202512110RZUTK,expense,1313.04,2025-12-11,购物,交通
20251123POH5CJ,expense,62.12,2025-11-23,报销,食物
2025032899ZZX7,expense,3184.63,2025-03-28,正常,房租
20251105KA4UVE,expense,3453.02,2025-11-05,补贴,食物
202510011EOQPU,expense,7495.91,2025-10-01,外卖,食物
20250204Y5KONU,expense,8842.02,2025-02-04,补贴,交通
20250201AYPG15,expense,8869.22,2025-02-01,外卖,食物
20250528HA1I3X,expense,4441.06,2025-05-28,生活费,其他
20250813TI2GQ3,expense,1172.59,2025-08-13,娱乐,交通
202504162EC8S8,expense,6715.30,2025-04-16,报销,交通
20250813GRUXC2,expense,5842.29,2025-08-13,购物,其他
20251023V65CCF,expense,1223.33,2025-10-23,外卖,娱乐
20250113RNQLW0,expense,1747.00,2025-01-13,娱乐,房租
20250918WWDH9V,expense,3119.01,2025-09-18,娱乐,房租
20250222RXK94C,expense,8074.05,2025-02-22,学习,食物
20251018C2MSN5,expense,5349.32,2025-10-18,补贴,其他
20251014A5IMHQ,expense,5386.38,2025-10-14,正常,交通
20251228KY3C5J,expense,560.30,2025-12-28,报销,其他
20251025PZB89P,expense,1973.97,2025-10-25,加班,房租
20251203X7OELO,expense,9625.08,2025-12-03,报销,娱乐
20250417DI43ID,expense,6456.51,2025-04-17,娱乐,其他
20250807RHG1H0,expense,3620.63,2025-08-07,外卖,食物
20250913HDYV94,expense,3818.93,2025-09-13,购物,房租
202506207I4QNT,expense,3300.02,2025-06-20,购物,其他
20250423RF1K2Y,expense,1463.60,2025-04-23,差旅,娱乐
20250913UL3P1Y,expense,8519.66,2025-09-13,生活费,娱乐
20250220CB1K46,expense,1669.34,2025-02-20,外卖,交通
20250304R3I359,expense,1106.84,2025-03-04,正常,食物
202506244D1CLQ,expense,8410.36,2025-06-24,补贴,交通
20250111HAD7LO,expense,3025.54,2025-01-11,加班,房租
20251007OSR9WJ,expense,6784.41,2025-10-07,外卖,交通
20250705VTMAT5,expense,4519.43,2025-07-05,正常,娱乐
20250402RXTRLN,expense,287.60,2025-04-02,补贴,其他
2025041269NUGF,expense,4917.36,2025-04-12,正常,其他
20250203UZYGVJ,expense,9069.29,2025-02-03,娱乐,房租
20250722XXUBJN,expense,6466.15,2025-07-22,外卖,交通
202501149R4OW1,expense,9436.13,2025-01-14,学习,娱乐
202505103L0Q16,expense,8351.26,2025-05-10,正常,食物
20250117OUT0TV,expense,7688.01,2025-01-17,正常,房租
20251005LGOZC7,expense,8412.50,2025-10-05,加班,其他
202510249V5CFN,expense,9796.02,2025-10-24,正常,交通
20251102WOZRSV,expense,5171.32,2025-11-02,娱乐,房租
202512280DSIG5,expense,3928.32,2025-12-28,外卖,食物
20250604C3YUZF,expense,9240.86,2025-06-04,报销,食物
20250505UZV54K,expense,5266.61,2025-05-05,外卖,食物
202505113AQC9J,expense,6515.91,2025-05-11,补贴,食物
20251224KJOMNN,expense,6574.63,2025-12-24,外卖,交通
202505074DUJ2D,expense,7411.51,2025-05-07,补贴,其他
20250519AZ604C,expense,5355.46,2025-05-19,学习,房租
20250313NVW5GH,expense,760.85,2025-03-13,正常,交通
20251222OZF2PJ,expense,3475.99,2025-12-22,加班,房租
20250902CHSCV6,expense,564.91,2025-09-02,补贴,房租
20250826EYEMQM,expense,9710.31,2025-08-26,正常,食物
20250714Z67AWT,expense,7926.29,2025-07-14,正常,房租
20250416G2X24M,expense,7292.12,2025-04-16,差旅,交通
202510148EIPD9,expense,9116.39,2025-10-14,报销,食物
20250615BZECXZ,expense,3702.83,2025-06-15,补贴,其他
2025101877CRHL,expense,1355.52,2025-10-18,外卖,其他
20250412EF7X57,expense,3864.97,2025-04-12,报销,娱乐
20250807JGLSF6,expense,4485.91,2025-08-07,生活费,食物
20250324QPGZT4,expense,2229.95,2025-03-24,生活费,食物
202505268IF1CB,expense,8640.45,2025-05-26,购物,娱乐
20250807Q9ZJK6,expense,3887.55,2025-08-07,生活费,娱乐
202510029XAK2I,expense,1078.70,2025-10-02,生活费,房租
20250216K20JFE,expense,3962.20,2025-02-16,正常,交通
20250619EMP31H,expense,4645.47,2025-06-19,加班,其他
20250213OMJ6FQ,expense,1716.26,2025-02-13,加班,食物
20250511TXGZ55,expense,3659.13,2025-05-11,报销,其他
20250906BZVL22,expense,7626.52,2025-09-06,学习,食物
20250114I4NNGE,expense,679.38,2025-01-14,购物,娱乐
20250410SPJXKK,expense,3554.17,2025-04-10,娱乐,食物
20251019X0TQWA,expense,7072.80,2025-10-19,加班,其他
20250310PRSDDC,expense,4681.53,2025-03-10,购物,娱乐
20250318Z9XNGJ,expense,7068.10,2025-03-18,补贴,食物
20250325HSG059,expense,4849.45,2025-03-25,正常,其他
202508184X5FVO,expense,6534.00,2025-08-18,加班,其他
2025101273YW1S,expense,6017.14,2025-10-12,娱乐,食物
20250607BQTJV2,expense,3715.12,2025-06-07,娱乐,其他
202509126U731I,expense,9313.26,2025-09-12,娱乐,房租
202504044EZKX9,expense,1483.24,2025-04-04,报销,娱乐
202506030PPD6H,expense,5720.22,2025-06-03,购物,食物
202507246JRZY7,expense,8519.00,2025-07-24,购物,房租
20250528NB4JHO,expense,2507.43,2025-05-28,加班,房租
20250214A8CLB9,expense,3189.95,2025-02-14,学习,娱乐
202501269JSAZH,expense,925.16,2025-01-26,生活费,食物
20250427KKUH1P,expense,7628.54,2025-04-27,补贴,房租
20250312MVRRW2,expense,1590.30,2025-03-12,生活费,其他
20250124TPIBPE,expense,709.57,2025-01-24,报销,娱乐
2025051107V7RF,expense,1193.90,2025-05-11,生活费,其他
202509180559Y8,expense,4560.49,2025-09-18,外卖,其他
202501256LPQ7K,expense,46.85,2025-01-25,学习,交通
20250403R6VQFZ,expense,2630.16,2025-04-03,外卖,食物
202510193LZGRK,expense,2641.42,2025-10-19,生活费,娱乐
20250715719DS9,expense,6505.40,2025-07-15,加班,食物
20250126PN8IE9,expense,29.48,2025-01-26,购物,房租
20250403G81T6E,expense,5454.15,2025-04-03,报销,娱乐
20250218BIKI1Y,expense,465.24,2025-02-18,生活费,娱乐
20251226HL5UNP,expense,7100.64,2025-12-26,正常,房租
202509207K0VT1,expense,8054.17,2025-09-20,差旅,其他
20250706D2H402,expense,667.35,2025-07-06,正常,房租
202508060PQ4IB,expense,3953.07,2025-08-06,购物,食物
20250601H6Y6ZT,expense,6370.80,2025-06-01,报销,其他
20250621WYASHS,expense,9251.99,2025-06-21,生活费,其他
20250117NCHH5O,expense,2870.62,2025-01-17,娱乐,其他
202505198VOUA8,expense,8051.37,2025-05-19,补贴,其他
20250821Q972O8,expense,9875.82,2025-08-21,购物,交通
20251103I5TXK2,expense,1068.32,2025-11-03,生活费,交通
20251004NVLQ6X,expense,2978.07,2025-10-04,外卖,娱乐
20250311CN8BF8,expense,6129.55,2025-03-11,学习,食物
20250113UCH1AM,expense,1599.64,2025-01-13,正常,交通
20251101YTD6PN,expense,6290.04,2025-11-01,学习,交通
2025010523045Y,expense,460.49,2025-01-05,学习,娱乐
202509228LQW4V,expense,4769.30,2025-09-22,正常,房租
2025011350IVMA,expense,7166.45,2025-01-13,报销,房租
202507283WCO8R,expense,270.93,2025-07-28,娱乐,房租
20250118S9NS1I,expense,555.13,2025-01-18,正常,娱乐
20250502RFHJ46,expense,1380.69,2025-05-02,差旅,娱乐
20251015TQTRZF,expense,6022.69,2025-10-15,报销,交通
20251006N73N3D,expense,8790.01,2025-10-06,加班,交通
20250807W1Q4DU,expense,7264.39,2025-08-07,学习,娱乐
20251127F42C72,expense,129.29,2025-11-27,补贴,食物
202508041UNGNS,expense,803.13,2025-08-04,正常,房租
20250724TG1WIF,expense,8071.43,2025-07-24,正常,娱乐
20250308GGO58C,expense,9493.10,2025-03-08,正常,房租
20251118DTNR8U,expense,1645.09,2025-11-18,购物,娱乐
2025062724HRTO,expense,1983.17,2025-06-27,补贴,食物
20250714GYCZ6K,expense,7274.47,2025-07-14,生活费,房租
20250101F66MYH,expense,7680.82,2025-01-01,购物,交通
20250823IB6BI2,expense,4693.48,2025-08-23,差旅,交通
202508145UFLR4,expense,7898.13,2025-08-14,补贴,娱乐
20250516EEDSBG,expense,930.66,2025-05-16,外卖,食物
202512124Q5H9N,expense,9664.11,2025-12-12,加班,娱乐
20250806GSH6MA,expense,1616.38,2025-08-06,正常,食物
20251202F7CGB4,expense,1266.78,2025-12-02,补贴,交通
20250510BZO0O0,expense,1450.84,2025-05-10,加班,房租
20250316BM0NCC,expense,9053.45,2025-03-16,加班,食物
20250217Q6O4CL,expense,5057.08,2025-02-17,购物,食物
20250623VAJ7BR,expense,5899.30,2025-06-23,学习,食物
202511074VUF3L,expense,8138.62,2025-11-07,补贴,交通
20251027SL15DM,expense,5003.87,2025-10-27,生活费,娱乐
202509183TBBC4,expense,2129.96,2025-09-18,差旅,交通
20251206UHVZN5,expense,2294.23,2025-12-06,学习,房租
20250916UWUEZU,expense,34.08,2025-09-16,报销,房租
20250211J75545,expense,4663.32,2025-02-11,购物,交通
20250622RDL4T3,expense,2952.06,2025-06-22,生活费,交通
20251109XAWC6C,expense,4893.25,2025-11-09,生活费,食物
20250113KTKI9F,expense,4844.81,2025-01-13,生活费,交通
20251223IO9CAQ,expense,8119.95,2025-12-23,学习,房租
20250222YK5M7X,expense,2979.14,2025-02-22,报销,交通
20250502ERAGAM,expense,163.65,2025-05-02,正常,房租
20250909370DCO,expense,3421.59,2025-09-09,娱乐,房租
20250510R0XL6F,expense,1420.07,2025-05-10,外卖,娱乐
2025111460K168,expense,1166.93,2025-11-14,生活费,房租
20250505EW4WP3,expense,6279.64,2025-05-05,差旅,交通
20250925UQS2WH,expense,7810.68,2025-09-25,差旅,娱乐
20250913CQ86K6,expense,3089.92,2025-09-13,娱乐,交通
20250716BVK6DV,expense,8394.68,2025-07-16,加班,交通
20250613OBYPBS,expense,4784.86,2025-06-13,娱乐,娱乐
20250508WQEWEI,expense,8629.72,2025-05-08,外卖,其他
20250908E22P9E,expense,1276.29,2025-09-08,差旅,娱乐
20250413VG0P7N,expense,6790.61,2025-04-13,加班,食物
20250506RJ5ERR,expense,6977.89,2025-05-06,生活费,食物
20250919CMC3KV,expense,4265.57,2025-09-19,娱乐,房租
202508081I28NZ,expense,3435.52,2025-08-08,娱乐,娱乐
20250705FVLIEO,expense,5096.73,2025-07-05,差旅,房租
20251111QNLS83,expense,2005.90,2025-11-11,补贴,娱乐
20251220ZK24JL,expense,1064.34,2025-12-20,补贴,娱乐
20251224QNNIUS,expense,5447.86,2025-12-24,补贴,交通
20250902G31I10,expense,2660.11,2025-09-02,补贴,交通
20250923RWH9MQ,expense,8354.13,2025-09-23,加班,其他
20251013Z6HCLZ,expense,7547.18,2025-10-13,生活费,房租
20250607TCDJY3,expense,2019.17,2025-06-07,外卖,食物
20250128EFUN6C,expense,2739.37,2025-01-28,加班,食物
20250510Z3XVBG,expense,8201.54,2025-05-10,报销,房租
20250817A7GZML,expense,2833.51,2025-08-17,加班,食物
20251006TKCZM2,expense,6187.00,2025-10-06,学习,其他
20251028SXS00M,expense,9451.07,2025-10-28,学习,食物
20250704IJOBVI,expense,3187.01,2025-07-04,娱乐,交通
202503241JOCUP,expense,3620.43,2025-03-24,补贴,其他
20250513KJ3DTL,expense,6152.03,2025-05-13,正常,房租
20250621520KMY,expense,3740.24,2025-06-21,报销,食物
20250904F4JZHY,expense,2580.63,2025-09-04,学习,其他
20250802D0P7FL,expense,1978.46,2025-08-02,加班,房租
20251018B9GG0G,expense,7738.56,2025-10-18,正常,房租
20251208KETQGI,expense,6399.40,2025-12-08,购物,房租
20251125YC7KRX,expense,4058.75,2025-11-25,购物,其他
20251108EUG7YW,expense,3984.63,2025-11-08,正常,房租
2025022792OO3Y,expense,7435.60,2025-02-27,娱乐,交通
202508063TG7WM,expense,9671.59,2025-08-06,报销,食物
20251202SCP79U,expense,5741.70,2025-12-02,补贴,食物
20251227USLBRG,expense,6079.31,2025-12-27,购物,娱乐
20250507RW04GL,expense,289.13,2025-05-07,加班,娱乐
20250313SH9AIT,expense,5059.65,2025-03-13,娱乐,食物
20251108IQUBD6,expense,9711.28,2025-11-08,外卖,其他
20250110QAKO1S,expense,8170.46,2025-01-10,学习,食物
20250724R51OI1,expense,7771.15,2025-07-24,学习,交通
20250824ONFTG0,expense,3865.25,2025-08-24,购物,房租
20250825VTCUEM,expense,6780.66,2025-08-25,学习,食物
202512248AJP7T,expense,5453.75,2025-12-24,娱乐,房租
20251220TC1Z2V,expense,5953.31,2025-12-20,差旅,其他
20250202DIG6MW,expense,6715.75,2025-02-02,报销,其他
202510020B6SQP,expense,121.55,2025-10-02,补贴,其他
20251012FZE746,expense,6830.15,2025-10-12,正常,房租
202501039P4V7I,expense,8327.83,2025-01-03,娱乐,房租
20250402PEM2FC,expense,4740.66,2025-04-02,差旅,交通
20250705QPALJ3,expense,6855.07,2025-07-05,购物,娱乐
20250215EJTA4D,expense,2046.55,2025-02-15,正常,其他
20250522UHD77X,expense,8762.01,2025-05-22,加班,其他
20250707HO21OA,expense,7914.79,2025-07-07,外卖,房租
20251126RP8VFV,expense,641.31,2025-11-26,报销,交通
20250109LXSROL,expense,5703.79,2025-01-09,补贴,其他
20250619U9FQIG,expense,5647.80,2025-06-19,购物,其他
202508037O6WQV,expense,5949.17,2025-08-03,补贴,食物
202506283T5WPN,expense,3080.60,2025-06-28,差旅,娱乐
20250721YWZRX9,expense,5934.88,2025-07-21,补贴,其他
202506236YHFRG,expense,2073.03,2025-06-23,学习,交通
20251215TXQ3SR,expense,1028.44,2025-12-15,差旅,娱乐
20251023YM3T3O,expense,2956.44,2025-10-23,差旅,交通
20250904QKMM87,expense,9905.60,2025-09-04,外卖,房租
20250309CHAH0W,expense,9859.66,2025-03-09,补贴,交通
20250808Y8FU70,expense,3989.03,2025-08-08,生活费,交通
20250226IWIQ05,expense,3541.93,2025-02-26,正常,其他
202506121JZHO3,expense,5064.89,2025-06-12,加班,其他
20250315THJUDA,expense,4672.87,2025-03-15,报销,交通
20250326B9BLE3,expense,5325.26,2025-03-26,生活费,交通
20250713T29F8S,expense,2468.14,2025-07-13,正常,食物
20250104DKKC6U,expense,1334.06,2025-01-04,报销,房租
20250124NEHCH8,expense,5601.18,2025-01-24,加班,娱乐
202503156B9JI2,expense,6882.16,2025-03-15,差旅,房租
20250207C9N92P,expense,6310.61,2025-02-07,加班,其他
20251125H2JNV9,expense,5064.82,2025-11-25,报销,房租
202508130KIMZO,expense,750.78,2025-08-13,娱乐,食物
20250914W017O6,expense,7143.39,2025-09-14,加班,其他
202507154HPJW6,expense,4480.92,2025-07-15,报销,其他
202503218YSBFG,expense,3300.35,2025-03-21,娱乐,食物
202507274JLPN6,expense,426.67,2025-07-27,娱乐,交通
20250419KIO190,expense,1655.60,2025-04-19,外卖,交通
20251014JJ0C87,expense,482.08,2025-10-14,加班,食物
20250807UJY8AY,expense,4570.69,2025-08-07,正常,食物
20251122EQXODP,expense,4865.55,2025-11-22,娱乐,房租
20250713IND2TU,expense,6615.64,2025-07-13,差旅,房租
20250518FWQ0ZE,expense,6726.61,2025-05-18,正常,交通
2025072333MXTO,expense,5220.94,2025-07-23,加班,食物
2025101014A66H,expense,7020.78,2025-10-10,学习,房租
20250806UHS2F2,expense,5238.71,2025-08-06,生活费,娱乐
20250826YKDS4Q,expense,3232.72,2025-08-26,娱乐,房租
202511051W20F5,expense,1192.08,2025-11-05,学习,房租
2025012882500T,expense,9163.86,2025-01-28,报销,食物
20251121CUYA5G,expense,5807.84,2025-11-21,报销,娱乐
20251020BEHR8A,expense,831.17,2025-10-20,外卖,娱乐
20250713K6OC87,expense,4020.23,2025-07-13,学习,食物
20251025DBX9Y3,expense,2872.36,2025-10-25,学习,其他
20250505RWAJSO,expense,6596.06,2025-05-05,外卖,其他
20251012JFCW8M,expense,617.84,2025-10-12,学习,其他
20250423WUWVW2,expense,1631.88,2025-04-23,补贴,其他
20250107CB1E7W,expense,2793.53,2025-01-07,学习,房租
20250602AWMOO8,expense,5667.79,2025-06-02,学习,其他
20250704QRVS3V,expense,6497.76,2025-07-04,外卖,交通
20250919U6RLYL,expense,5261.99,2025-09-19,生活费,食物
20251122CYVZJC,expense,5677.51,2025-11-22,生活费,食物
20251221UPV5RH,expense,7188.72,2025-12-21,补贴,娱乐
202504115Y8OHJ,expense,9124.67,2025-04-11,娱乐,娱乐
20250728CPCCHW,expense,4762.31,2025-07-28,报销,其他
20251019E1QVTY,expense,7372.26,2025-10-19,补贴,交通
202510268Y2WYD,expense,6840.75,2025-10-26,购物,食物
20250628ZPNRCL,expense,1094.24,2025-06-28,差旅,娱乐
20250724XUSBOZ,expense,1516.13,2025-07-24,报销,其他
202512054RNBOJ,expense,4394.24,2025-12-05,差旅,房租
20251124XMH6K9,expense,2378.65,2025-11-24,加班,娱乐
202502178SL4EU,expense,919.16,2025-02-17,购物,食物
20250328ATEX1J,expense,7620.58,2025-03-28,正常,其他
20250923G7LG57,expense,2819.18,2025-09-23,学习,娱乐
20251215PEEG6T,expense,6943.01,2025-12-15,正常,房租
20250405A88FBZ,expense,4723.38,2025-04-05,生活费,房租
20250919UW5ULR,expense,3661.34,2025-09-19,补贴,房租
202505022LLKQ9,expense,1615.57,2025-05-02,外卖,其他
20251128EFZ42P,expense,9752.36,2025-11-28,学习,其他
20251120ZEZQ0F,expense,8108.04,2025-11-20,娱乐,食物
20251023E0XND1,expense,8457.26,2025-10-23,娱乐,食物
2025031497FGBA,expense,6526.90,2025-03-14,正常,交通
202503152GUGSF,expense,9582.60,2025-03-15,报销,其他
202503276PMA5Q,expense,1617.85,2025-03-27,生活费,食物
2025022109TWPK,expense,6297.28,2025-02-21,正常,其他
20250124L62JUD,expense,5195.35,2025-01-24,报销,娱乐
20250118HAM4M4,expense,804.46,2025-01-18,生活费,其他
202506015FZANZ,expense,2649.41,2025-06-01,补贴,交通
202503277A8J56,expense,501.50,2025-03-27,差旅,其他
20250224Z1IJYB,expense,4043.97,2025-02-24,报销,交通
20250705NOA4HQ,expense,2199.92,2025-07-05,正常,娱乐
20250910VOMKJQ,expense,9894.48,2025-09-10,补贴,食物
20251012U3NKEO,expense,239.55,2025-10-12,娱乐,娱乐
20250715NK8Q48,expense,6766.92,2025-07-15,外卖,娱乐
20251226YE8GLT,expense,5519.84,2025-12-26,生活费,食物
20251209QCJKE7,expense,4357.16,2025-12-09,学习,交通
20250601Z952Q6,expense,9587.78,2025-06-01,正常,食物
20250421XIPMWP,expense,9324.15,2025-04-21,正常,交通
2025090683P8WG,expense,557.43,2025-09-06,外卖,交通
20250626RPPI3M,expense,7627.39,2025-06-26,娱乐,房租
20250328JO8YCV,expense,6951.05,2025-03-28,报销,其他
20250911U8JS3H,expense,4071.98,2025-09-11,正常,房租
20250801KHADES,expense,7085.23,2025-08-01,外卖,其他
20251116KIG736,expense,6409.55,2025-11-16,生活费,房租
20250112EBJU17,expense,4077.89,2025-01-12,外卖,其他
20250928PCPN2P,expense,5726.18,2025-09-28,外卖,交通
20251208HUDSVK,expense,9045.06,2025-12-08,差旅,交通
20250414FZ0BNA,expense,4615.38,2025-04-14,正常,食物
20250321Q5T4QO,expense,3247.21,2025-03-21,娱乐,交通
202511264LJAF5,expense,2103.33,2025-11-26,正常,其他
20250317P1BB77,expense,3747.42,2025-03-17,生活费,其他
202512243HL7JD,expense,4475.67,2025-12-24,报销,娱乐
20251014KLCX2W,expense,7217.35,2025-10-14,生活费,食物
20250401ZVA2DS,expense,7522.76,2025-04-01,购物,房租
202509242VGJLJ,expense,8162.68,2025-09-24,加班,娱乐
202506259CFM5O,expense,1394.15,2025-06-25,学习,食物
20250818LYZVXX,expense,7538.47,2025-08-18,加班,房租
20250321HHHOM9,expense,7211.64,2025-03-21,正常,食物
202503102QFMVF,expense,355.54,2025-03-10,补贴,食物
202508131FJAE9,expense,8036.13,2025-08-13,报销,其他
20250221ZRMVE0,expense,7689.10,2025-02-21,补贴,交通
20250622INCNWJ,expense,2231.10,2025-06-22,学习,其他
202502048CNZL4,expense,86.05,2025-02-04,娱乐,房租
202503070EDCRI,expense,4131.68,2025-03-07,生活费,其他
20250226WOSAGF,expense,5995.53,2025-02-26,补贴,其他
20251114H8UW8C,expense,7221.03,2025-11-14,补贴,食物
20250928H70OF1,expense,2130.59,2025-09-28,补贴,食物
20250907D5NKFK,expense,6154.20,2025-09-07,加班,娱乐
20250207BVISJ6,expense,3314.31,2025-02-07,购物,交通
20250920G07HCK,expense,5341.05,2025-09-20,差旅,交通
20250317HRIDGG,expense,6455.83,2025-03-17,差旅,其他
202503242YDWLL,expense,9441.01,2025-03-24,正常,其他
20251206SMAVPJ,expense,1637.48,2025-12-06,娱乐,食物
2025121413TFKO,expense,275.29,2025-12-14,正常,其他
20250705NC6O3U,expense,7698.13,2025-07-05,生活费,其他
20250905GTAMFA,expense,4694.33,2025-09-05,购物,交通
20251216U1JLM7,expense,6037.05,2025-12-16,娱乐,其他
202505180VXJ1T,expense,387.44,2025-05-18,报销,房租
20251025D7ZWT9,expense,3895.47,2025-10-25,加班,房租
20250126M9UW7W,expense,548.49,2025-01-26,购物,其他
202510208ZDZMH,expense,1101.90,2025-10-20,差旅,食物
20251203SPHJYE,expense,6756.06,2025-12-03,外卖,交通
20250102OOJHNP,expense,3047.68,2025-01-02,生活费,其他
202505104P482C,expense,3422.64,2025-05-10,补贴,食物
20250204FI8I8U,expense,2400.93,2025-02-04,正常,交通
202505121VQU8A,expense,3432.83,2025-05-12,购物,交通
20250621J5BZKU,expense,4090.36,2025-06-21,补贴,交通
20250102DZQDX3,expense,6307.97,2025-01-02,补贴,交通
20250304X8CV7H,expense,2173.08,2025-03-04,生活费,交通
20251222IXRBK7,expense,2873.81,2025-12-22,差旅,房租
20250326G8Z3A6,expense,1636.61,2025-03-26,娱乐,娱乐
20250715CP8WD0,expense,8283.93,2025-07-15,学习,娱乐
202501094T2B0E,expense,7693.00,2025-01-09,外卖,娱乐
20250916ETX58E,expense,8253.48,2025-09-16,报销,交通
20251123DLDKC0,expense,4803.46,2025-11-23,正常,交通
20250318U4D3P0,expense,2439.51,2025-03-18,外卖,娱乐
20250722FJCFQK,expense,9489.40,2025-07-22,购物,交通
2025021730QOTA,expense,4641.79,2025-02-17,加班,其他
20250421M4ZDMB,expense,478.71,2025-04-21,补贴,娱乐
20250402WRS3UL,expense,2755.12,2025-04-02,加班,食物
20250607XEK1FK,expense,2391.47,2025-06-07,加班,娱乐
20250828NABOWU,expense,4288.80,2025-08-28,报销,房租
20251028HEZF6C,expense,5046.51,2025-10-28,购物,交通
20250507SX4DM9,expense,198.83,2025-05-07,差旅,娱乐
20250817U3ATBX,expense,4245.44,2025-08-17,报销,其他
2025110938KJ16,expense,4443.77,2025-11-09,报销,交通
20251205H1ZA0W,expense,6551.67,2025-12-05,外卖,其他
202501128P04MJ,expense,1631.58,2025-01-12,补贴,房租
202507191QN85E,expense,1036.28,2025-07-19,正常,娱乐
20250805L54CAH,expense,1713.42,2025-08-05,购物,食物
20251014OT8LTM,expense,8998.48,2025-10-14,加班,房租
20251217WEIX5C,expense,2840.68,2025-12-17,生活费,食物
20250105GDP2U4,expense,6197.09,2025-01-05,生活费,房租
20250804RFOFRZ,expense,5320.81,2025-08-04,差旅,房租
20250619DEKFLO,expense,8707.82,2025-06-19,购物,食物
202504119WNOBU,expense,5781.09,2025-04-11,生活费,其他
20250622E2N52R,expense,5717.17,2025-06-22,报销,房租
20250403X8SPC0,expense,6448.18,2025-04-03,娱乐,娱乐
2025082182FJK5,expense,7335.76,2025-08-21,外卖,其他
2025020943TJI6,expense,4100.86,2025-02-09,差旅,食物
20250524O3HVKE,expense,9274.88,2025-05-24,外卖,食物
20251203G6V8SG,expense,8869.88,2025-12-03,外卖,娱乐
20250114FHBOLT,expense,8677.25,2025-01-14,补贴,其他
20251104JPL1JS,expense,4829.08,2025-11-04,学习,交通
20251202AHZFF1,expense,638.12,2025-12-02,学习,房租
202512156EMVBS,expense,8012.35,2025-12-15,报销,其他
20250618Z7QZU4,expense,9564.67,2025-06-18,娱乐,食物
20250816YCBE3U,expense,8162.52,2025-08-16,购物,房租
20250804GANGYG,expense,1859.38,2025-08-04,学习,交通
202508058IHMZ5,expense,6323.40,2025-08-05,娱乐,交通
20250217Y0M4U4,expense,2626.31,2025-02-17,补贴,房租
20251109IMQLG8,expense,8255.98,2025-11-09,购物,房租
20250217NKLEHG,expense,9972.28,2025-02-17,报销,房租
20250304ZTW5MY,expense,2724.13,2025-03-04,学习,食物
20251206S8Y4V4,expense,1625.27,2025-12-06,学习,房租
20250810NWZ2X0,expense,5274.36,2025-08-10,加班,食物
202501220TRG8J,expense,9320.63,2025-01-22,外卖,房租
2025081778CHSH,expense,8738.22,2025-08-17,差旅,房租
20250309PYSGUI,expense,3148.85,2025-03-09,娱乐,其他
202505180H8SXQ,expense,7059.30,2025-05-18,正常,房租
20250623Z8W0XK,expense,4721.05,2025-06-23,购物,房租
20250916FT7TWR,expense,5225.46,2025-09-16,报销,房租
2025052226BQI3,expense,4049.94,2025-05-22,生活费,食物
20251114C5OXHV,expense,2675.17,2025-11-14,补贴,娱乐
20251115896O6B,expense,3591.46,2025-11-15,外卖,食物
202504036K7KFK,expense,4160.64,2025-04-03,生活费,交通
20250516S5KS5B,expense,647.84,2025-05-16,报销,其他
202512237GVGOO,expense,1167.13,2025-12-23,生活费,娱乐
20251007N6SPLU,expense,4144.96,2025-10-07,娱乐,娱乐
20251112NA9199,expense,2761.47,2025-11-12,生活费,交通
2025090944B9XA,expense,6888.44,2025-09-09,差旅,其他
20250711AR7D5N,expense,6564.19,2025-07-11,补贴,交通
20251210VWMGBC,expense,11.65,2025-12-10,外卖,食物
20251126H7S6LK,expense,1054.80,2025-11-26,学习,交通
202501091YUCB2,expense,3671.02,2025-01-09,差旅,其他
20251203PKXMCJ,expense,3963.53,2025-12-03,差旅,食物
20250705WMJ7OU,expense,351.46,2025-07-05,补贴,食物
202509270MOFOR,expense,8677.91,2025-09-27,购物,食物
20250720G0IMTA,expense,6514.24,2025-07-20,补贴,食物
202510258T7ZQL,expense,6726.37,2025-10-25,学习,其他
20250403GSSJQM,expense,9918.71,2025-04-03,生活费,交通
2025090147ASBG,expense,7099.46,2025-09-01,生活费,其他
20251022OGN864,expense,4751.60,2025-10-22,加班,娱乐
20251102H34NPJ,expense,8927.36,2025-11-02,补贴,娱乐
20250624CV2IPE,expense,2615.56,2025-06-24,学习,食物
20251024PN18OK,expense,8794.38,2025-10-24,学习,娱乐
202512249NLWUP,expense,8801.88,2025-12-24,学习,其他
20251227VWAMGO,expense,542.55,2025-12-27,购物,其他
20250625M9JZEK,expense,2830.31,2025-06-25,外卖,食物
20250925CGM731,expense,7046.12,2025-09-25,外卖,房租
202508163IVZUB,expense,194.19,2025-08-16,正常,交通
20250327F9ZBXK,expense,3347.74,2025-03-27,娱乐,娱乐
20250504T5PU46,expense,7956.52,2025-05-04,娱乐,其他
202506046H3O2E,expense,7883.43,2025-06-04,正常,其他
2025010223FTHC,expense,8457.55,2025-01-02,差旅,其他
20250814VNBE58,expense,8646.62,2025-08-14,学习,食物
20251027NJYFBU,expense,4964.57,2025-10-27,学习,交通
20251017N2WKC2,expense,7615.69,2025-10-17,补贴,食物
202502160KW3OM,expense,5845.74,2025-02-16,补贴,交通
20250926R51966,expense,7933.33,2025-09-26,学习,食物
202506170DL7A0,expense,6611.13,2025-06-17,生活费,食物
202508177ZNMPE,expense,84.13,2025-08-17,报销,房租
20250401Z8SRHP,expense,3278.13,2025-04-01,购物,交通
20250615LCAKMR,expense,5604.42,2025-06-15,加班,交通
20250322GPSNKG,expense,9534.33,2025-03-22,生活费,交通
202510047LKN74,expense,7205.45,2025-10-04,购物,食物
20251220GPA43H,expense,2858.74,2025-12-20,加班,交通
202510131KI276,expense,3589.54,2025-10-13,学习,房租
202502255YY6U4,expense,1565.54,2025-02-25,购物,食物
20250907L0F5KU,expense,1255.08,2025-09-07,生活费,其他
20250601MN7492,expense,6932.38,2025-06-01,差旅,其他
20250904ZJ0LYI,expense,4049.58,2025-09-04,生活费,房租
20250928YQFJ3C,expense,3989.61,2025-09-28,补贴,娱乐
2025052267NWGP,expense,3496.37,2025-05-22,购物,交通
20250814UGII3O,expense,5317.40,2025-08-14,生活费,食物
20250502GW8CQ7,expense,3155.56,2025-05-02,外卖,房租
20251017VNXIGM,expense,608.58,2025-10-17,外卖,食物
202503101XEJPJ,expense,8914.93,2025-03-10,差旅,房租
20250222M0XA25,expense,877.76,2025-02-22,补贴,食物
2025021163I2SH,expense,5714.62,2025-02-11,正常,娱乐
20251117O8K4NL,expense,6870.74,2025-11-17,补贴,食物
20250911H03D0U,expense,9480.76,2025-09-11,生活费,食物
20250403XQZXDA,expense,3929.18,2025-04-03,购物,娱乐
2025060657SFCJ,expense,4030.68,2025-06-06,差旅,其他
20250927I5E4L6,expense,4022.06,2025-09-27,娱乐,食物
20250208Z4TDTL,expense,8758.73,2025-02-08,差旅,房租
202503094TP24V,expense,2478.17,2025-03-09,生活费,食物
202506042HAAIJ,expense,5153.97,2025-06-04,生活费,房租
20250121NNEQZT,expense,1020.82,2025-01-21,生活费,交通
20251205XN39LD,expense,1315.39,2025-12-05,差旅,食物
2025052369SSRA,expense,3787.69,2025-05-23,娱乐,其他
20250707AAOSIK,expense,4030.87,2025-07-07,学习,其他
20251020TON9AL,expense,7132.39,2025-10-20,补贴,其他
20250915QKV9F2,expense,7025.33,2025-09-15,正常,娱乐
20250921NFGURO,expense,4697.66,2025-09-21,学习,食物
20250226VFIA2K,expense,2100.04,2025-02-26,补贴,房租
202510155QQVQL,expense,8019.71,2025-10-15,报销,食物
20251104G1K0TH,expense,9866.95,2025-11-04,生活费,食物
202504031NBP77,expense,9677.18,2025-04-03,加班,娱乐
202502108W4WQL,expense,7258.19,2025-02-10,差旅,交通
202501237JIUWX,expense,635.68,2025-01-23,正常,房租
20250112PGJOL1,expense,2195.63,2025-01-12,外卖,娱乐
202508271I2WEU,expense,6947.60,2025-08-27,生活费,其他
20250522TJ8F37,expense,9395.93,2025-05-22,娱乐,房租
20250622U9J3UO,expense,8518.81,2025-06-22,娱乐,交通
202504127D2NHH,expense,6923.69,2025-04-12,娱乐,食物
20250417FUGO1H,expense,7811.04,2025-04-17,娱乐,其他
20250704EYVMV5,expense,2282.64,2025-07-04,差旅,房租
20250327N5Q1UZ,expense,3792.98,2025-03-27,加班,其他
20250304OOP27V,expense,4428.17,2025-03-04,补贴,交通
20251027RB8V92,expense,8078.13,2025-10-27,补贴,食物
20251202ZCM3AJ,expense,6838.56,2025-12-02,正常,交通
20250815Q3PUMG,expense,6097.23,2025-08-15,差旅,其他
202508240QCI1G,expense,8039.49,2025-08-24,娱乐,交通
20250517KVF3IX,expense,4688.32,2025-05-17,购物,其他
20250628TF4XVR,expense,533.98,2025-06-28,差旅,房租
202504040HKPEH,expense,6727.49,2025-04-04,外卖,房租
202502211LE6IT,expense,7099.84,2025-02-21,学习,食物
2025041333W82F,expense,207.87,2025-04-13,正常,食物
20250421WL2G43,expense,2531.00,2025-04-21,补贴,食物
202501201Z8WA3,expense,2095.06,2025-01-20,娱乐,食物
20250909JHAG63,expense,9005.70,2025-09-09,加班,其他
2025060716U54C,expense,137.43,2025-06-07,报销,其他
202510106WQ64Y,expense,5139.76,2025-10-10,加班,食物
20250310G2TM66,expense,2379.68,2025-03-10,购物,房租
2025011358GM7A,expense,7023.09,2025-01-13,加班,娱乐
20250820RWQM2C,expense,1337.90,2025-08-20,差旅,交通
20251108NDNDI0,expense,147.54,2025-11-08,购物,房租
20250513C79X6N,expense,8971.83,2025-05-13,加班,娱乐
20250816GOQ709,expense,9980.94,2025-08-16,生活费,娱乐
20250725QA1BKK,expense,1664.07,2025-07-25,生活费,其他
20250605JWEC83,expense,59.34,2025-06-05,补贴,其他
20250519Q9JBK5,expense,103.09,2025-05-19,购物,其他
2025081798GVJ2,expense,5081.62,2025-08-17,正常,食物
202512041SC1XA,expense,2270.38,2025-12-04,正常,房租
202503102NZOXD,expense,4669.59,2025-03-10,学习,食物
20250426T1AWMK,expense,7138.68,2025-04-26,正常,娱乐
20250622WRO8E1,expense,5188.07,2025-06-22,生活费,房租
2025022017YQLS,expense,7098.81,2025-02-20,正常,其他
20251101F1X15O,expense,613.91,2025-11-01,报销,交通
20250703TFQ55V,expense,4647.00,2025-07-03,补贴,其他
202507064RUNSD,expense,1879.66,2025-07-06,差旅,食物
20251212RMYC4H,expense,3700.34,2025-12-12,生活费,房租
202508232BPPWH,expense,521.09,2025-08-23,正常,娱乐
202509069L1N6F,expense,1550.34,2025-09-06,补贴,其他
20250211HMHTYW,expense,5636.22,2025-02-11,学习,其他
20250907DKBFLP,expense,7305.91,2025-09-07,加班,交通
202503136QY0CQ,expense,1688.59,2025-03-13,补贴,娱乐
20251123FUTQWE,expense,5655.99,2025-11-23,加班,房租
20250803C0KCIU,expense,3065.88,2025-08-03,学习,交通
20250727NII6J6,expense,4301.32,2025-07-27,报销,娱乐
20250817CXRSN8,expense,6333.94,2025-08-17,补贴,其他
20250817QBVYQP,expense,4140.27,2025-08-17,补贴,娱乐
20250921LSCI00,expense,9452.06,2025-09-21,差旅,交通
20250918FTT7G5,expense,6720.22,2025-09-18,外卖,娱乐
20251121GB4R75,expense,60.33,2025-11-21,生活费,交通
20250304TD3L18,expense,9345.95,2025-03-04,差旅,其他
20250428U60ERI,expense,6847.98,2025-04-28,娱乐,娱乐
20250502ZMRLY6,expense,4285.43,2025-05-02,娱乐,娱乐
2025062531W2VD,expense,2210.99,2025-06-25,补贴,娱乐
20250106C2RZTX,expense,5734.53,2025-01-06,补贴,娱乐
20250413DZZOIT,expense,8860.06,2025-04-13,加班,娱乐
2025122761CNRL,expense,8133.92,2025-12-27,差旅,娱乐
202508070RXY2S,expense,7176.84,2025-08-07,差旅,其他
202504042I62P0,expense,2994.43,2025-04-04,正常,食物
20251011SDQNIE,expense,1352.27,2025-10-11,生活费,交通
20250928TJIVZL,expense,3974.23,2025-09-28,学习,娱乐
202501213N2J6K,expense,7327.21,2025-01-21,外卖,交通
20250124HPYKX8,expense,7816.08,2025-01-24,学习,其他
20251213XJMIJ8,expense,210.06,2025-12-13,加班,其他
20250607T8FN3G,expense,1273.38,2025-06-07,生活费,娱乐
20250801388YR2,expense,7140.65,2025-08-01,购物,房租
20250401V3MLLT,expense,7701.92,2025-04-01,娱乐,食物
202510099Q6RWH,expense,5139.40,2025-10-09,报销,其他
20251212ZTDZ47,expense,3806.71,2025-12-12,加班,娱乐
20250514GO9UO3,expense,956.54,2025-05-14,购物,其他
202507043D7LW5,expense,1614.23,2025-07-04,生活费,房租
20250410LODL0C,expense,5343.85,2025-04-10,学习,娱乐
20250305A6EOPO,expense,7953.29,2025-03-05,购物,交通
20250520TVSS7D,expense,6871.82,2025-05-20,报销,食物
202511036AW07D,expense,7989.94,2025-11-03,外卖,食物
20250122FVNV4K,expense,5729.05,2025-01-22,学习,娱乐
20251214XA1R0I,expense,1735.34,2025-12-14,报销,娱乐
20250115F47DFO,expense,4815.07,2025-01-15,补贴,其他
20250724Q967AS,expense,4803.99,2025-07-24,生活费,交通
20251202MG9B9A,expense,6977.51,2025-12-02,娱乐,房租
20251004AL8IM7,expense,6064.45,2025-10-04,差旅,房租
20250414AY7Y06,expense,664.53,2025-04-14,学习,房租
202504012BLFYL,expense,8382.29,2025-04-01,生活费,其他
20251119JOIU1E,expense,1408.85,2025-11-19,加班,其他
20250917CT8F68,expense,6149.24,2025-09-17,加班,房租
20250112JZZCUK,expense,721.94,2025-01-12,差旅,食物
20251216BOA2NP,expense,7027.57,2025-12-16,差旅,房租
202510103MOF9W,expense,6345.04,2025-10-10,外卖,交通
202511092YQ5ZA,expense,650.88,2025-11-09,加班,食物
20250320XSNFHO,expense,7952.30,2025-03-20,加班,其他
20250419P7VGHI,expense,9212.24,2025-04-19,加班,其他
202507222RFEYA,expense,3825.69,2025-07-22,购物,其他
20250528XZQ041,expense,9515.62,2025-05-28,差旅,食物
20250919KRE8ZM,expense,6905.25,2025-09-19,外卖,娱乐
20251107LNXDHV,expense,1625.19,2025-11-07,正常,其他
20250925WPPLCH,expense,3126.37,2025-09-25,购物,房租
20250117PA5GV1,expense,9841.50,2025-01-17,学习,房租
202506232CS46M,expense,2774.43,2025-06-23,补贴,其他
20251212Z53D02,expense,8089.06,2025-12-12,正常,交通
20251125YKPXE1,expense,210.15,2025-11-25,娱乐,交通
20250704NFMZIP,expense,1613.76,2025-07-04,生活费,其他
20251105LWJ9X7,expense,6910.01,2025-11-05,加班,交通
202508061ZXPPW,expense,6721.51,2025-08-06,外卖,其他
20250421C112QA,expense,3127.97,2025-04-21,学习,其他
20250718H30ADO,expense,8266.80,2025-07-18,正常,娱乐
20250406TK145D,expense,6401.65,2025-04-06,差旅,交通
20250308BGJXS8,expense,9234.04,2025-03-08,外卖,交通
20250209GI65UE,expense,9283.95,2025-02-09,娱乐,交通
20250308T9ST8G,expense,6702.37,2025-03-08,购物,交通
20250412IC8ZXI,expense,1800.75,2025-04-12,补贴,房租
20250704RYNWCX,expense,7590.21,2025-07-04,报销,食物
202506289CJ3PB,expense,4652.77,2025-06-28,外卖,房租
20251011DMPI8N,expense,5097.39,2025-10-11,补贴,交通
20250701N9DKV3,expense,3704.27,2025-07-01,学习,其他
20250907JMOPQP,expense,8097.76,2025-09-07,外卖,交通
20250815XPGTJR,expense,9491.89,2025-08-15,报销,其他
20250615TBG3TJ,expense,6370.17,2025-06-15,加班,食物
202509171X8F9D,expense,7759.25,2025-09-17,差旅,其他
20250807OIT2KC,expense,7987.83,2025-08-07,加班,房租
202504046FTQHT,expense,4.86,2025-04-04,学习,交通
20250414FH4S42,expense,4431.81,2025-04-14,加班,娱乐
20250207JRERVR,expense,9924.46,2025-02-07,外卖,食物
20250803361LF8,expense,8948.11,2025-08-03,加班,房租
20250321UY15QR,expense,995.44,2025-03-21,学习,房租
202507125TYKUL,expense,7629.16,2025-07-12,补贴,房租
20250611VDUSKZ,expense,2458.45,2025-06-11,差旅,其他
20250416OS5XAM,expense,5125.60,2025-04-16,学习,交通
20251213ABHBA6,expense,9359.62,2025-12-13,娱乐,房租
20250919EWS4CS,expense,5506.43,2025-09-19,购物,其他
202505044CW7QP,expense,7548.03,2025-05-04,报销,其他
20250125DLJBJ2,expense,5492.62,2025-01-25,差旅,娱乐
20250410LSFEJI,expense,114.99,2025-04-10,补贴,娱乐
20250320DSJELX,expense,7249.73,2025-03-20,补贴,房租
20250614OJ8KRR,expense,2336.96,2025-06-14,购物,娱乐
20251027VQ08LK,expense,7670.96,2025-10-27,外卖,食物
20250426Q64MBT,expense,685.10,2025-04-26,学习,房租
20250507R914Q6,expense,9412.91,2025-05-07,差旅,交通
202509117LHAXC,expense,9206.76,2025-09-11,报销,娱乐
202507084KTCL6,expense,1325.60,2025-07-08,正常,其他
20251012KXOWSL,expense,3806.11,2025-10-12,补贴,其他
20250405JYZU4F,expense,4546.75,2025-04-05,外卖,交通
20250716N0YJPB,expense,1401.83,2025-07-16,加班,其他
20250618SNK4P5,expense,8819.01,2025-06-18,加班,交通
20250419B1IYFU,expense,4892.65,2025-04-19,生活费,食物
20250704K5B3W8,expense,5978.06,2025-07-04,外卖,娱乐
202506233OP9V5,expense,4348.45,2025-06-23,差旅,其他
20250603OKOCH1,expense,2107.01,2025-06-03,外卖,交通
20250816SWA3SR,expense,8632.18,2025-08-16,购物,其他
20250216KYEOLF,expense,20.31,2025-02-16,正常,食物
20250325RVQXGW,expense,237.55,2025-03-25,补贴,食物
20250728TN3QVH,expense,2118.24,2025-07-28,差旅,交通
20251011WZKAGS,expense,653.70,2025-10-11,补贴,房租
20250727XJ0X8D,expense,8758.30,2025-07-27,购物,其他
20250717CX34BM,expense,115.30,2025-07-17,补贴,娱乐
20250414VZZDWM,expense,6314.44,2025-04-14,娱乐,交通
202502130T6ASO,expense,6975.12,2025-02-13,购物,房租
20250324E3P3T9,expense,2123.86,2025-03-24,学习,房租
20251202DV8RPY,expense,5506.28,2025-12-02,购物,交通
20251015HH1RGQ,expense,11.95,2025-10-15,正常,食物
20251126N09HPO,expense,2718.64,2025-11-26,外卖,其他
202504131XHRP8,expense,3355.20,2025-04-13,报销,交通
20250211VO4DGS,expense,613.55,2025-02-11,报销,交通
202502288LI5U2,expense,9109.17,2025-02-28,外卖,食物
20250407QTYMWW,expense,7875.52,2025-04-07,报销,娱乐
20251019RFHD4H,expense,8425.54,2025-10-19,娱乐,其他
20251025NFA5JZ,expense,2481.13,2025-10-25,生活费,交通
20250425GXP6TY,expense,2974.03,2025-04-25,娱乐,房租
20250611MD77A2,expense,3648.13,2025-06-11,补贴,房租
202501160ALDR6,expense,4383.38,2025-01-16,差旅,娱乐
20251022MU3IKQ,expense,2344.05,2025-10-22,加班,食物
202507251HA3NQ,expense,7063.26,2025-07-25,差旅,其他
20250420I47SBI,expense,6003.72,2025-04-20,补贴,其他
2025110377HVMC,expense,2835.01,2025-11-03,外卖,其他
20250302CXZU7W,expense,8241.25,2025-03-02,补贴,其他
20251013OFANKI,expense,9146.31,2025-10-13,差旅,娱乐
20250802CB6EG0,expense,3538.85,2025-08-02,补贴,交通
20250702098IWB,expense,6211.66,2025-07-02,报销,食物
20250712T007CJ,expense,2515.14,2025-07-12,补贴,交通
20250728RP2IDU,expense,3868.33,2025-07-28,购物,房租
20250422WZ9DC7,expense,1727.27,2025-04-22,购物,房租
20250421OE4P0G,expense,7643.20,2025-04-21,补贴,娱乐
20250628GPLO87,expense,2346.01,2025-06-28,正常,娱乐
202507078P1AUT,expense,6859.79,2025-07-07,生活费,其他
20250614FTBTEH,expense,1491.79,2025-06-14,外卖,其他
20250419VVWKEN,expense,3836.59,2025-04-19,外卖,交通
20250221FU8UGE,expense,8191.13,2025-02-21,差旅,其他
20251221CFQ3RU,expense,1872.35,2025-12-21,学习,娱乐
20250918MDKNQA,expense,3973.05,2025-09-18,娱乐,娱乐
20250207PRX8GJ,expense,5765.56,2025-02-07,正常,食物
20250324DEST5Y,expense,1059.70,2025-03-24,差旅,交通
20250415LSRKKE,expense,1916.24,2025-04-15,差旅,其他
2025011144FLKC,expense,4179.47,2025-01-11,生活费,房租
20250122KK9O0V,expense,2589.70,2025-01-22,差旅,其他
20251109LNE3PS,expense,5618.97,2025-11-09,外卖,交通
20250720QM6PYK,expense,8829.98,2025-07-20,生活费,食物
20250821DG32V5,expense,1350.95,2025-08-21,购物,其他
20251114Z1A06P,expense,262.52,2025-11-14,报销,娱乐
20250327KM3DTN,expense,3619.98,2025-03-27,娱乐,房租
20250224GK3KTF,expense,6297.89,2025-02-24,外卖,食物
20250404FLVBLV,expense,5297.80,2025-04-04,生活费,房租
202503286WVQ6L,expense,6602.58,2025-03-28,外卖,房租
2025050414SSO9,expense,6836.41,2025-05-04,外卖,交通
20250323931XI3,expense,2752.98,2025-03-23,生活费,交通
20251005W3JS86,expense,9906.37,2025-10-05,报销,食物
20251216ZVSBVB,expense,7120.96,2025-12-16,正常,食物
20250919GUA6GL,expense,2114.78,2025-09-19,补贴,其他
20250202QW085X,expense,9517.67,2025-02-02,购物,房租
20250417UVHWFL,expense,4974.19,2025-04-17,报销,食物
202509037Y056Q,expense,4006.69,2025-09-03,差旅,其他
202501191WI3Q5,expense,6478.19,2025-01-19,外卖,食物
20250807P7QGJP,expense,2547.87,2025-08-07,购物,其他
20250308XL14QN,expense,87.71,2025-03-08,学习,房租
20250410BP9G42,expense,9526.58,2025-04-10,补贴,房租
2025101084B3TG,expense,6215.93,2025-10-10,正常,交通
20250712LIY5AU,expense,6419.11,2025-07-12,补贴,食物
20250522LHEBQP,expense,9095.57,2025-05-22,购物,娱乐
202507071TGIXU,expense,6692.85,2025-07-07,差旅,食物
20250921YS2JK8,expense,6869.35,2025-09-21,正常,其他
20250403TYYRHD,expense,788.24,2025-04-03,差旅,食物
20250615PT6KTT,expense,4869.72,2025-06-15,差旅,娱乐
20250625N5SXLO,expense,8733.51,2025-06-25,外卖,其他
20251112G8A8HI,expense,9674.91,2025-11-12,报销,房租
20250609TSP28S,expense,3640.71,2025-06-09,补贴,房租
20250317YJXD8I,expense,510.52,2025-03-17,加班,交通
202508277BYU7H,expense,2936.87,2025-08-27,娱乐,房租
20251006H24N92,expense,7939.19,2025-10-06,差旅,房租
202501108ADW3H,expense,1084.68,2025-01-10,正常,房租
20251015WJERS1,expense,6267.14,2025-10-15,补贴,食物
20250217FRJ52H,expense,3191.73,2025-02-17,差旅,房租
20251012YRMUMK,expense,6387.78,2025-10-12,补贴,娱乐
20250414P9XPSJ,expense,9270.61,2025-04-14,正常,娱乐
20250926OWBNLE,expense,4832.93,2025-09-26,购物,食物
20251208KGKFMA,expense,2278.93,2025-12-08,娱乐,食物
2025051658MIMY,expense,8077.09,2025-05-16,加班,食物
20251104YE8MBX,expense,3511.17,2025-11-04,购物,房租
20250323AI9XO8,expense,1322.00,2025-03-23,学习,娱乐
202508083UWRMZ,expense,3833.62,2025-08-08,正常,食物
20250810RGGBLL,expense,7321.43,2025-08-10,娱乐,娱乐
20250201I5R6BA,expense,5449.77,2025-02-01,报销,其他
20250222I65J33,expense,8975.62,2025-02-22,购物,房租
20250128RR6KZX,expense,1969.24,2025-01-28,学习,交通
202508186O64ZU,expense,5484.22,2025-08-18,购物,房租
20250904KHKS4P,expense,2385.51,2025-09-04,差旅,房租
20250926UCBVKM,expense,2816.79,2025-09-26,加班,交通
20250222DUHEFE,expense,70.19,2025-02-22,补贴,房租
20250718MRKODW,expense,5236.32,2025-07-18,外卖,房租
202507028BK9MA,expense,7405.26,2025-07-02,补贴,交通
20251206CFUGME,expense,4377.84,2025-12-06,学习,娱乐
20250518AHVU2E,expense,6204.66,2025-05-18,学习,房租
20250118X1ZSHI,expense,5016.96,2025-01-18,差旅,其他
20250402BO7QGY,expense,4486.84,2025-04-02,补贴,交通
20250721ZHBHPX,expense,7646.11,2025-07-21,学习,房租
20250124JHBL1N,expense,9729.38,2025-01-24,娱乐,食物
20250823P4CW5L,expense,314.79,2025-08-23,娱乐,房租
20250805H0F03W,expense,6718.93,2025-08-05,报销,食物
20250708ERBSM2,expense,7581.81,2025-07-08,生活费,交通
20250116T13JDV,expense,7387.04,2025-01-16,娱乐,房租
20250126JD1DZ8,expense,4583.72,2025-01-26,报销,房租
20250613NMI2DN,expense,3729.29,2025-06-13,娱乐,交通
20250710X1N3G6,expense,6530.03,2025-07-10,正常,娱乐
202507272ZCP0B,expense,957.91,2025-07-27,报销,房租
20250904W7YSMO,expense,6404.69,2025-09-04,报销,房租
20250608T21ER1,expense,9814.99,2025-06-08,加班,其他
20250521XJVKI1,expense,4669.54,2025-05-21,外卖,其他
20250207IMDSSE,expense,9890.56,2025-02-07,补贴,房租
20250611LVNX2X,expense,4433.03,2025-06-11,学习,其他
20250821KCWIJH,expense,4093.89,2025-08-21,学习,房租
20251209JIR594,expense,364.88,2025-12-09,外卖,其他
20250104VSIDZ8,expense,6927.05,2025-01-04,差旅,其他
20250424MZEB7U,expense,5513.35,2025-04-24,外卖,交通
20251025NTCT58,expense,5761.06,2025-10-25,正常,食物
20250415F5ROZ8,expense,9414.14,2025-04-15,正常,交通
2025111625G5VE,expense,7124.32,2025-11-16,娱乐,其他
20250422R9TC4B,expense,7070.64,2025-04-22,正常,食物
20250306KW6MBE,expense,390.85,2025-03-06,学习,娱乐
20251014JT5AI4,expense,2507.76,2025-10-14,差旅,交通
20251014WMA8AK,expense,4826.85,2025-10-14,加班,房租
20250913R2HYY9,expense,6544.83,2025-09-13,购物,食物
2025110218WLT6,expense,1595.67,2025-11-02,娱乐,房租
20250115U89Q6X,expense,4456.16,2025-01-15,购物,娱乐
20251210AXPMDP,expense,821.28,2025-12-10,正常,其他
20251119YD3IGB,expense,4470.04,2025-11-19,娱乐,娱乐
20250106HQ4AII,expense,6039.01,2025-01-06,报销,房租
20250223BI15S5,expense,1552.00,2025-02-23,娱乐,其他
202505028L6DXK,expense,4369.12,2025-05-02,娱乐,其他
20250216HAALGS,expense,6929.99,2025-02-16,学习,食物
20250222U6VCJY,expense,6479.36,2025-02-22,娱乐,食物
20250215OKWARH,expense,4467.27,2025-02-15,娱乐,食物
202512246LNQQV,expense,3143.22,2025-12-24,补贴,食物
20250228NGHTK3,expense,5135.40,2025-02-28,正常,其他
202504025RDQFZ,expense,9133.20,2025-04-02,外卖,娱乐
20250801307SZX,expense,7194.33,2025-08-01,加班,娱乐
20251005IOBJK4,expense,4936.97,2025-10-05,加班,交通
20251006R0BZYK,expense,4964.35,2025-10-06,加班,交通
20251225X98FF6,expense,4072.47,2025-12-25,学习,房租
20251205CRTYW9,expense,535.93,2025-12-05,加班,其他
20250718JJHH94,expense,9775.92,2025-07-18,学习,食物
202512214NCTNJ,expense,3121.17,2025-12-21,正常,娱乐
2025120150OWLO,expense,6961.12,2025-12-01,正常,其他
202507209WSOKL,expense,2183.90,2025-07-20,加班,娱乐
202509282ELWJK,expense,8130.12,2025-09-28,外卖,食物
202508136OFC9R,expense,5904.54,2025-08-13,购物,食物
202511113PGHVU,expense,3139.92,2025-11-11,生活费,娱乐
20250112TTGUS6,expense,1170.19,2025-01-12,差旅,其他
20251104PEGCO8,expense,4544.75,2025-11-04,加班,娱乐
20250206TU9S3V,expense,4212.66,2025-02-06,购物,房租
202512067YPYJ2,expense,1169.89,2025-12-06,购物,食物
20250614WH3AGY,expense,9272.42,2025-06-14,学习,房租
20250414NN5NFS,expense,4803.03,2025-04-14,正常,房租
20250810Y5XGXE,expense,2524.85,2025-08-10,加班,娱乐
20250815VO1VIA,expense,6090.50,2025-08-15,加班,娱乐
20251017875NR3,expense,37.29,2025-10-17,报销,交通
20250617J65O4V,expense,7182.33,2025-06-17,学习,食物
20250922DPFJ36,expense,7663.35,2025-09-22,娱乐,娱乐
20250505P7JQPI,expense,3639.77,2025-05-05,购物,房租
20250910193IKP,expense,5116.02,2025-09-10,报销,其他
20251207U4317T,expense,7310.95,2025-12-07,补贴,其他
20250212U0OG5G,expense,6784.49,2025-02-12,生活费,其他
20251204S660MO,expense,4490.26,2025-12-04,加班,交通
20250903T82ADQ,expense,7630.83,2025-09-03,学习,房租
202501203AR1G1,expense,6988.76,2025-01-20,生活费,娱乐
2025122073SNGN,expense,2538.59,2025-12-20,购物,交通
20250921PBG8AE,expense,9935.85,2025-09-21,购物,房租
202511180OGFDJ,expense,243.68,2025-11-18,娱乐,其他
202511262ZEKR5,expense,3015.75,2025-11-26,娱乐,房租
202508267PLGOL,expense,3236.52,2025-08-26,购物,交通
20251015N0N87K,expense,5613.81,2025-10-15,生活费,交通
20250709A7SKJX,expense,4238.61,2025-07-09,外卖,房租
202506054VRC08,expense,3677.60,2025-06-05,外卖,娱乐
202511137INFXN,expense,5100.02,2025-11-13,补贴,其他
20250102OTKRCO,expense,8581.24,2025-01-02,加班,交通
20250111FILB9N,expense,9564.16,2025-01-11,娱乐,房租
20250327PNVEMC,expense,1634.07,2025-03-27,娱乐,食物
2025030912HZXH,expense,8174.00,2025-03-09,外卖,房租
20251106LRMCMX,expense,5632.53,2025-11-06,加班,房租
20250122ST2ZG6,expense,6068.17,2025-01-22,生活费,食物
20250615BK0YLU,expense,949.91,2025-06-15,补贴,食物
202512033ZC5PC,expense,1629.15,2025-12-03,学习,娱乐
20250219H6A8RZ,expense,2803.15,2025-02-19,差旅,交通
202509263O8CUU,expense,6375.54,2025-09-26,差旅,娱乐
20251225GVFHTT,expense,2625.65,2025-12-25,购物,房租
20251222TVLQIY,expense,5111.34,2025-12-22,娱乐,其他
20251226S1FNQX,expense,7101.91,2025-12-26,正常,食物
20250215M8LGN7,expense,1807.76,2025-02-15,娱乐,交通
20250627A7V61C,expense,5192.19,2025-06-27,加班,食物
2025051933L3CR,expense,8980.70,2025-05-19,外卖,娱乐
20250221LMQS8E,expense,8758.10,2025-02-21,补贴,娱乐
20250310KI8P99,expense,6018.08,2025-03-10,生活费,娱乐
20250508XMP84Z,expense,1512.74,2025-05-08,学习,其他
20250327VPYD5H,expense,630.03,2025-03-27,报销,房租
20250313D32NS1,expense,5440.02,2025-03-13,生活费,房租
202510270SNCA1,expense,1439.00,2025-10-27,生活费,房租
20250923CQ6GEV,expense,2649.98,2025-09-23,差旅,娱乐
202503190PNKFI,expense,8569.37,2025-03-19,生活费,房租
202511053KK6PM,expense,8552.13,2025-11-05,加班,娱乐
20250207O2ENRQ,expense,6687.64,2025-02-07,差旅,其他
2025071139X3KL,expense,4795.81,2025-07-11,差旅,娱乐
202510223EMWUN,expense,195.45,2025-10-22,正常,其他
2025052715V43E,expense,2837.61,2025-05-27,娱乐,交通
20250405K9VBTT,expense,8291.42,2025-04-05,购物,房租
20250707NV3ZLP,expense,619.36,2025-07-07,外卖,房租
20250316ORLHKD,expense,6419.50,2025-03-16,报销,交通
20250205R616TD,expense,134.23,2025-02-05,差旅,食物
202503158ZZ7P0,expense,8187.63,2025-03-15,娱乐,房租
20250310VDXWFV,expense,1710.50,2025-03-10,补贴,房租
20251027UH67JO,expense,2629.61,2025-10-27,外卖,其他
20250820ON1XF1,expense,9047.36,2025-08-20,学习,娱乐
20251221816CNV,expense,668.72,2025-12-21,外卖,娱乐
202510078E5H4U,expense,5699.91,2025-10-07,差旅,娱乐
20250416N2M58I,expense,8538.46,2025-04-16,娱乐,娱乐
20251222VWDPHR,expense,8907.15,2025-12-22,报销,娱乐
20251111Z28V79,expense,1495.23,2025-11-11,生活费,食物
20251124DD7ZSK,expense,3251.87,2025-11-24,正常,食物
20251021HZDTQ9,expense,67.69,2025-10-21,正常,交通
20250106CID2VU,expense,34.75,2025-01-06,差旅,交通
20250906REYXGD,expense,7751.11,2025-09-06,购物,娱乐
20250409GE8VP5,expense,6579.97,2025-04-09,正常,房租
20251019ZJYM9N,expense,4197.31,2025-10-19,学习,娱乐
20250318ESNKCV,expense,7795.74,2025-03-18,报销,食物
20250126O4XG38,expense,2690.36,2025-01-26,学习,交通
202508094ZKNWN,expense,6655.26,2025-08-09,购物,食物
20250420T54J9R,expense,8388.95,2025-04-20,学习,交通
202509274VXNUP,expense,4113.20,2025-09-27,购物,娱乐
202507245XT3AX,expense,5942.06,2025-07-24,外卖,娱乐
202502268KIAYG,expense,9887.43,2025-02-26,加班,娱乐
20251113B3JBUO,expense,2796.11,2025-11-13,生活费,娱乐
20250111X43OHH,expense,1112.66,2025-01-11,补贴,其他
2025122036N5A8,expense,507.17,2025-12-20,外卖,其他
20250416SKG6QK,expense,2292.83,2025-04-16,学习,其他
20251104Z7AGXL,expense,1474.80,2025-11-04,购物,其他
20251204D9V2GY,expense,7295.28,2025-12-04,学习,房租
20250519RXD87D,expense,4150.92,2025-05-19,购物,食物
20251021FI3CWS,expense,3818.16,2025-10-21,学习,其他
20250905GIEYB3,expense,6822.53,2025-09-05,生活费,房租
20250625TZOVSA,expense,231.68,2025-06-25,补贴,食物
20250812KZWH3Z,expense,4691.48,2025-08-12,娱乐,食物
20250905UDX8XD,expense,2871.61,2025-09-05,补贴,交通
20251027HJD415,expense,5858.69,2025-10-27,生活费,娱乐
20251222HGL3E7,expense,2969.29,2025-12-22,补贴,食物
20250309R19WAJ,expense,9561.44,2025-03-09,购物,其他
20250110K5AYRD,expense,2569.91,2025-01-10,正常,交通
202501030GUH24,expense,2187.97,2025-01-03,差旅,交通
2025020715HMMU,expense,4570.82,2025-02-07,差旅,房租
20250513CMRK91,expense,7017.05,2025-05-13,购物,娱乐
20251123EPMOHN,expense,2778.65,2025-11-23,学习,食物
20251214WEEGZC,expense,269.29,2025-12-14,外卖,交通
20250517OMVTKX,expense,7801.40,2025-05-17,加班,房租
2025111860Y2GS,expense,9613.68,2025-11-18,补贴,其他
20250827XOHDY2,expense,8142.23,2025-08-27,加班,交通
20250402J5H3BH,expense,4610.40,2025-04-02,正常,食物
20250425W6LPBZ,expense,2878.44,2025-04-25,娱乐,食物
20250107CIZT5X,expense,6011.85,2025-01-07,外卖,其他
20250914T606M7,expense,3058.37,2025-09-14,正常,娱乐
202503126CDYT2,expense,2906.75,2025-03-12,正常,食物
20250802WV2QUC,expense,8684.24,2025-08-02,补贴,娱乐
20250306XO8DMP,expense,6498.53,2025-03-06,外卖,房租
20250201MTG9UW,expense,3549.94,2025-02-01,外卖,其他
20250822NTI69B,expense,9874.43,2025-08-22,外卖,娱乐
202507159VULUW,expense,3246.98,2025-07-15,加班,房租
2025091425G6AH,expense,1642.24,2025-09-14,正常,房租
20250821DNWY4D,expense,8849.70,2025-08-21,娱乐,娱乐
202512164D5YPR,expense,2641.83,2025-12-16,加班,食物
202502036PP3V7,expense,3740.40,2025-02-03,正常,食物
202512172DZ4MF,expense,5015.15,2025-12-17,学习,娱乐
20250307KCO3J3,expense,3786.84,2025-03-07,学习,食物
20251106QP0W5B,expense,1028.48,2025-11-06,购物,交通
202503152EE5R3,expense,2038.27,2025-03-15,学习,其他
20251209QKU7Q8,expense,5525.85,2025-12-09,加班,食物
2025090768VFNB,expense,3772.61,2025-09-07,报销,交通
20250802UTQINB,expense,9080.01,2025-08-02,娱乐,食物
2025051128JEHC,expense,2277.76,2025-05-11,差旅,交通
20250817QVH9I4,expense,9452.86,2025-08-17,差旅,房租
202506244TV9CK,expense,679.63,2025-06-24,加班,娱乐
2025022502YHHI,expense,9599.63,2025-02-25,报销,食物
202512220YPK7Z,expense,5648.66,2025-12-22,差旅,其他
20250919BEN0FU,expense,7580.67,2025-09-19,报销,娱乐
20250617YAG6DC,expense,8277.88,2025-06-17,正常,其他
20250822EK7YGW,expense,1000.07,2025-08-22,正常,交通
2025101217Y2LT,expense,3684.44,2025-10-12,购物,其他
20251214YAVOMC,expense,2976.14,2025-12-14,差旅,交通
202511124B925J,expense,4026.21,2025-11-12,差旅,娱乐
2025032430UKL9,expense,7354.20,2025-03-24,娱乐,娱乐
202509186YVI3T,expense,8169.80,2025-09-18,购物,房租
20250809SH8RR2,expense,974.20,2025-08-09,娱乐,食物
20250110G1JC38,expense,977.56,2025-01-10,生活费,交通
20251126QIOBDP,expense,6519.30,2025-11-26,外卖,娱乐
20250724Z4DSO0,expense,4930.74,2025-07-24,加班,交通
20250617JZC13S,expense,9731.57,2025-06-17,娱乐,其他
20251207I1PCB0,expense,1780.92,2025-12-07,补贴,娱乐
20251105UOKSZC,expense,1276.99,2025-11-05,补贴,其他
20250516VNJRTV,expense,8683.59,2025-05-16,生活费,其他
20250913A702AE,expense,5402.07,2025-09-13,生活费,交通
202502243LBZUU,expense,6131.72,2025-02-24,学习,食物
2025061127OYDU,expense,4463.41,2025-06-11,加班,食物
20250516ASH75O,expense,5804.31,2025-05-16,外卖,娱乐
20250307I8HQIW,expense,5893.76,2025-03-07,报销,食物
20250708RB9H2I,expense,6122.96,2025-07-08,加班,房租
2025110828XH52,expense,2814.49,2025-11-08,学习,娱乐
20250923XNSXU6,expense,1331.68,2025-09-23,正常,娱乐
20250307DW9PWR,expense,7777.16,2025-03-07,差旅,其他
202511170GGMS0,expense,7438.08,2025-11-17,补贴,娱乐
202506243RV9VP,expense,7381.59,2025-06-24,购物,其他
20250613Y9LRIV,expense,6749.17,2025-06-13,娱乐,交通
20250117JJE4CI,expense,7924.93,2025-01-17,娱乐,房租
20250418Y03ZE4,expense,9039.99,2025-04-18,生活费,食物
20250505OTEQ6X,expense,5767.81,2025-05-05,正常,房租
20251014FX5UYF,expense,9228.97,2025-10-14,学习,食物
2025092270PP1K,expense,4897.28,2025-09-22,补贴,其他
20251111I43DWH,expense,3014.58,2025-11-11,购物,娱乐
20250128BZ2R2D,expense,6818.40,2025-01-28,正常,食物
202507222XFXN7,expense,6864.54,2025-07-22,娱乐,房租
20250523B2M2U3,expense,6369.53,2025-05-23,学习,房租
20250313FZHY3D,expense,5254.20,2025-03-13,差旅,娱乐
20250724CNU66X,expense,3118.95,2025-07-24,差旅,食物
20250620QMCOSB,expense,4242.83,2025-06-20,购物,娱乐
20251111NSZQAM,expense,1018.91,2025-11-11,报销,娱乐
20250609TLPOZE,expense,7166.36,2025-06-09,学习,娱乐
20250416RP7NW4,expense,4876.08,2025-04-16,报销,交通
20250610PKK8DT,expense,4994.78,2025-06-10,加班,房租
20250816JR8X2N,expense,4987.66,2025-08-16,生活费,食物
202512252BLO8U,expense,8788.82,2025-12-25,补贴,房租
202502278JM1GT,expense,2522.17,2025-02-27,娱乐,食物
20250703UJBZ9Z,expense,4975.39,2025-07-03,购物,其他
20250516IR2IBR,expense,924.60,2025-05-16,差旅,交通
202510287X3I6S,expense,1209.87,2025-10-28,生活费,房租
20250509CVEJ90,expense,1661.01,2025-05-09,学习,其他
202508064COM7T,expense,6926.80,2025-08-06,补贴,食物
202509143LI0WG,expense,3633.61,2025-09-14,学习,娱乐
20250417FXEU9O,expense,1035.28,2025-04-17,正常,食物
20251218ZRKWGO,expense,7172.30,2025-12-18,报销,房租
20250612NBU1R6,expense,4640.68,2025-06-12,外卖,娱乐
20250513AOGQEH,expense,3494.44,2025-05-13,差旅,房租
20251219RIG60D,expense,9692.68,2025-12-19,学习,娱乐
20250213CKO6K8,expense,5418.49,2025-02-13,加班,娱乐
20251108GB1OS8,expense,1695.36,2025-11-08,外卖,食物
20250523P7NCOF,expense,291.81,2025-05-23,购物,交通
20250104F4M96F,expense,2943.32,2025-01-04,正常,食物
202502166KX0C7,expense,3570.09,2025-02-16,外卖,食物
2025040397AH5Z,expense,6639.18,2025-04-03,正常,交通
20250422QH7VA5,expense,9015.89,2025-04-22,生活费,其他
20250216PU492Z,expense,6218.81,2025-02-16,报销,其他
20250322W0JZ8Q,expense,8667.37,2025-03-22,生活费,房租
20250817I0W9VH,expense,8064.89,2025-08-17,补贴,娱乐
20250821A2XSS3,expense,3168.45,2025-08-21,加班,房租
202505229SS6BL,expense,7475.54,2025-05-22,购物,娱乐
20250522VOXYOH,expense,4765.13,2025-05-22,补贴,食物
20250420AN9RBZ,expense,9865.11,2025-04-20,购物,食物
2025042266YY1F,expense,5168.91,2025-04-22,学习,其他
20250101JM1W3E,expense,5175.04,2025-01-01,加班,其他
202507275RDLOH,expense,4377.66,2025-07-27,生活费,其他
20250107L4JGQV,expense,6125.56,2025-01-07,学习,房租
20251019L3LYBP,expense,7512.80,2025-10-19,正常,娱乐
202502104JJ60K,expense,2988.68,2025-02-10,正常,食物
20251115SW5RAM,expense,4971.19,2025-11-15,补贴,娱乐
2025051983ZT7T,expense,7561.05,2025-05-19,正常,食物
202503043RR1Q7,expense,1471.90,2025-03-04,差旅,食物
20250811T5DO9T,expense,2676.77,2025-08-11,外卖,房租
20250218STMXT8,expense,4458.65,2025-02-18,外卖,食物
20250310LEO7EH,expense,563.95,2025-03-10,娱乐,食物
202502143UQXOI,expense,6106.56,2025-02-14,学习,房租
202508258KHBVW,expense,1068.33,2025-08-25,学习,食物
20251022UF8RE2,expense,3509.65,2025-10-22,娱乐,房租
202503234QBWOQ,expense,7226.33,2025-03-23,补贴,其他
202502041BOK4I,expense,4101.93,2025-02-04,加班,食物
2025072844V3MI,expense,6616.75,2025-07-28,报销,房租
20250724MS85OM,expense,246.42,2025-07-24,外卖,交通
2025041827F1U9,expense,331.22,2025-04-18,购物,娱乐
20250705301HM3,expense,998.09,2025-07-05,购物,房租
20250109IERTMG,expense,5751.16,2025-01-09,报销,其他
20251114W0RORF,expense,1905.36,2025-11-14,生活费,交通
20250714HXDN8U,expense,6553.89,2025-07-14,差旅,其他
20250618QOILX7,expense,6720.55,2025-06-18,补贴,食物
202507252KQCM3,expense,132.64,2025-07-25,补贴,交通
202502057EKFNL,expense,3525.84,2025-02-05,正常,食物
20250126W3YNS9,expense,9602.59,2025-01-26,外卖,其他
20251127AOEL2F,expense,4412.02,2025-11-27,补贴,娱乐
202506222GGZ66,expense,8673.33,2025-06-22,外卖,其他
20250320P04LM0,expense,3096.06,2025-03-20,外卖,娱乐
20250510ZHROS0,expense,4559.01,2025-05-10,报销,食物
20250105FZY4Z7,expense,6080.69,2025-01-05,学习,交通
20251120KZF1V3,expense,92.87,2025-11-20,生活费,其他
20251022C5UYD2,expense,4173.74,2025-10-22,补贴,娱乐
20251213XG8QHQ,expense,4915.09,2025-12-13,补贴,其他
20250623OEGB6N,expense,9978.96,2025-06-23,娱乐,其他
20250212IE7630,expense,7949.71,2025-02-12,正常,房租
20250910IBQILC,expense,6640.48,2025-09-10,学习,其他
202512132E9ET0,expense,26.97,2025-12-13,生活费,其他
202501018JUD8S,expense,1060.89,2025-01-01,加班,食物
20250410XGR17A,expense,3204.24,2025-04-10,学习,房租
20250809KT01XM,expense,1991.37,2025-08-09,报销,其他
20250708IKQG2O,expense,3882.04,2025-07-08,加班,其他
20250219V6CAJO,expense,8657.36,2025-02-19,学习,娱乐
20250925X6OTGD,expense,4334.57,2025-09-25,报销,房租
20250116EOTO4J,expense,3282.48,2025-01-16,外卖,交通
20250103W8IG20,expense,3060.33,2025-01-03,正常,房租
20250612MJ1JYZ,expense,4781.23,2025-06-12,购物,交通
20251112MEO3XU,expense,6688.71,2025-11-12,外卖,娱乐
20250901JUAXV9,expense,5194.22,2025-09-01,购物,交通
20250205V4QHTB,expense,7058.33,2025-02-05,学习,其他
20250107MJ0FST,expense,7840.31,2025-01-07,加班,食物
202502065U0OI2,expense,4408.37,2025-02-06,娱乐,娱乐
20250506FZFY9Q,expense,4724.87,2025-05-06,外卖,房租
20250503I5FUJU,expense,8057.98,2025-05-03,差旅,食物
20250727BU7JWO,expense,3674.47,2025-07-27,生活费,其他
20251010F85V91,expense,2546.83,2025-10-10,购物,其他
202502246YEDYH,expense,1438.63,2025-02-24,外卖,娱乐
202511122J34UI,expense,2855.51,2025-11-12,生活费,房租
202505211SS22H,expense,4294.65,2025-05-21,学习,食物
202501062I6T0R,expense,6031.11,2025-01-06,娱乐,其他
202511128G5WZ5,expense,9183.59,2025-11-12,补贴,其他
20250313M5S58H,expense,3956.18,2025-03-13,差旅,房租
20250101FZAKR2,expense,9817.44,2025-01-01,加班,交通
20250726EIXKKT,expense,6078.07,2025-07-26,补贴,交通
20250719ZPSULF,expense,5433.77,2025-07-19,购物,其他
202512015F2Z9V,expense,564.79,2025-12-01,外卖,房租
20250924W7IKXJ,expense,6547.92,2025-09-24,学习,其他
202504243ZZ3PN,expense,6006.74,2025-04-24,报销,交通
202512046FNGCQ,expense,5817.00,2025-12-04,学习,其他
20251125CG6LOX,expense,6337.15,2025-11-25,生活费,房租
20250914GLSKNJ,expense,1179.53,2025-09-14,外卖,娱乐
202502178RCE2X,expense,185.51,2025-02-17,加班,房租
20251002AD3Z8M,expense,6500.99,2025-10-02,购物,房租
202502070A6LTK,expense,7908.11,2025-02-07,外卖,娱乐
20251004UCJS7K,expense,5926.21,2025-10-04,购物,房租
20250925G82V3I,expense,3121.22,2025-09-25,报销,交通
20250502PGMHZS,expense,6778.10,2025-05-02,报销,交通
20250625I36TEM,expense,9212.46,2025-06-25,补贴,娱乐
20251001GYOY3B,expense,8831.63,2025-10-01,购物,房租
20250617YQ13ON,expense,1828.07,2025-06-17,学习,食物
202508066KZG32,expense,5462.17,2025-08-06,娱乐,食物
20250701W9KV9A,expense,3540.91,2025-07-01,学习,交通
202502238379DG,expense,7887.91,2025-02-23,补贴,娱乐
202505079Z27XN,expense,9394.10,2025-05-07,报销,娱乐
2025052143UFQJ,expense,4634.97,2025-05-21,娱乐,娱乐
2025121435VH3G,expense,4640.81,2025-12-14,正常,其他
20250317YTQPU4,expense,6533.35,2025-03-17,外卖,食物
20250806KOVHTX,expense,8372.98,2025-08-06,加班,交通
20250425C769BA,expense,7942.69,2025-04-25,生活费,食物
20251224K8SOLB,expense,6494.54,2025-12-24,补贴,食物
20250917YZVKHK,expense,205.80,2025-09-17,差旅,娱乐
20250201SV9NC2,expense,9118.34,2025-02-01,购物,娱乐
20251226960OUC,expense,2897.78,2025-12-26,购物,交通
2025040684A5LP,expense,3368.93,2025-04-06,加班,娱乐
20250414BFZM4T,expense,5724.44,2025-04-14,加班,交通
20250924CSZNU6,expense,5629.27,2025-09-24,生活费,房租
202508037TX2N7,expense,5164.80,2025-08-03,外卖,交通
20251114MHZFMV,expense,4591.12,2025-11-14,学习,其他
20250822EJWKV7,expense,2560.58,2025-08-22,正常,娱乐
20250917G50OV9,expense,1032.97,2025-09-17,外卖,食物
202504047VVPNJ,expense,8293.52,2025-04-04,学习,食物
20250114LRWAWF,expense,4816.83,2025-01-14,差旅,其他
20250528631MLF,expense,8291.22,2025-05-28,加班,房租
20251127JHKS8S,expense,9169.46,2025-11-27,正常,娱乐
20251011WMM7NO,expense,8560.00,2025-10-11,正常,食物
20250527CS0I3Z,expense,7633.72,2025-05-27,报销,交通
2025040183SG3N,expense,4712.87,2025-04-01,学习,其他
20251120VDFBZG,expense,4356.79,2025-11-20,补贴,食物
202510188Z4QP0,expense,4462.51,2025-10-18,正常,食物
20250805DFT1GN,expense,3059.66,2025-08-05,差旅,其他
20250406K4DOOB,expense,3867.91,2025-04-06,正常,交通
20251109LZZNIR,expense,7717.39,2025-11-09,娱乐,房租
20251205JPGGAN,expense,9225.83,2025-12-05,报销,交通
20250403M76698,expense,160.27,2025-04-03,正常,食物
20250714KC4KUV,expense,5283.43,2025-07-14,正常,交通
20250723RHECPD,expense,4773.11,2025-07-23,加班,食物
20250915SS0ITF,expense,3764.53,2025-09-15,报销,娱乐
202511144CXNVB,expense,1789.10,2025-11-14,加班,房租
20251123RT5F8U,expense,5970.33,2025-11-23,差旅,食物
20251106QCH6H0,expense,9420.49,2025-11-06,娱乐,交通
20251016RG4Z6F,expense,8334.10,2025-10-16,生活费,食物
20250221TKPJ2X,expense,4824.82,2025-02-21,正常,其他
20250505HTVC2D,expense,9234.13,2025-05-05,娱乐,娱乐
202505095J91IR,expense,9390.77,2025-05-09,差旅,食物
20250911Y38BX1,expense,3295.45,2025-09-11,报销,其他
20250221GLRBFJ,expense,378.02,2025-02-21,差旅,娱乐
2025061986ACXB,expense,6264.57,2025-06-19,报销,食物
202501185B0WZF,expense,7176.72,2025-01-18,正常,交通
20250725FUQQSM,expense,7.42,2025-07-25,补贴,娱乐
20250301KP2VPK,expense,2276.51,2025-03-01,学习,娱乐
202510206W8V8B,expense,6788.05,2025-10-20,报销,房租
20250717T391KN,expense,227.68,2025-07-17,学习,交通
20250511IW1EJV,expense,7269.54,2025-05-11,补贴,交通
202508257TV732,expense,9364.46,2025-08-25,外卖,娱乐
202504262RS3IT,expense,493.36,2025-04-26,加班,娱乐
20250516FSPF33,expense,7279.09,2025-05-16,学习,交通
20251106K30JMR,expense,4988.45,2025-11-06,购物,房租
20250510PLNBUU,expense,3984.19,2025-05-10,报销,食物
20250216A0ZWBR,expense,6680.90,2025-02-16,娱乐,房租
20250311JC60A1,expense,984.52,2025-03-11,报销,交通
202501246FXLTA,expense,2750.39,2025-01-24,差旅,食物
20250602614L7C,expense,4856.76,2025-06-02,差旅,食物
20250223A3C042,expense,6240.53,2025-02-23,生活费,房租
20251028J8M1GC,expense,3955.16,2025-10-28,报销,其他
2025091848XWG1,expense,1412.52,2025-09-18,加班,交通
20250219JIWK74,expense,8391.85,2025-02-19,生活费,食物
20251023X07R66,expense,3598.40,2025-10-23,报销,房租
20250211D4O5HV,expense,4560.56,2025-02-11,补贴,其他
20250323LW5S3U,expense,946.97,2025-03-23,加班,房租
20251024D7VC37,expense,97.46,2025-10-24,生活费,交通
20250526B6TRPC,expense,9665.08,2025-05-26,娱乐,娱乐
20250918331C90,expense,2376.52,2025-09-18,学习,娱乐
202502036RBBDC,expense,1094.02,2025-02-03,正常,房租
202511056B84QB,expense,6085.12,2025-11-05,学习,房租
20250125HVV5CM,expense,8149.26,2025-01-25,差旅,交通
202506191ZIFZJ,expense,9790.24,2025-06-19,加班,娱乐
20250523MDHYNA,expense,1800.58,2025-05-23,加班,交通
20250413H661JI,expense,1994.81,2025-04-13,差旅,交通
20250721J7026B,expense,4127.39,2025-07-21,差旅,娱乐
20250320W5BCUZ,expense,5233.04,2025-03-20,加班,房租
20251102JS6EI9,expense,5530.23,2025-11-02,学习,交通
20250318OJ3QHN,expense,549.00,2025-03-18,娱乐,娱乐
202507233HHZI1,expense,9293.57,2025-07-23,正常,房租
20250424GPXUW7,expense,2358.19,2025-04-24,差旅,食物
20250724S5B0U6,expense,3352.84,2025-07-24,补贴,交通
20250718UV198P,expense,6208.78,2025-07-18,正常,娱乐
20250213LVAEQA,expense,3321.43,2025-02-13,正常,食物
202502021CXHPY,expense,7521.13,2025-02-02,报销,其他
20250603A31HLL,expense,3064.00,2025-06-03,购物,交通
20250910NEYS3F,expense,1170.09,2025-09-10,补贴,娱乐
20250614IHEW08,expense,3045.70,2025-06-14,购物,其他
2025091478XB33,expense,4252.73,2025-09-14,生活费,食物
20250825O6G0AZ,expense,9065.74,2025-08-25,加班,交通
20251201L67H08,expense,3116.84,2025-12-01,补贴,食物
20250317ORAQA6,expense,8127.19,2025-03-17,生活费,交通
202503081V066K,expense,6205.52,2025-03-08,正常,交通
20250403I4KOJW,expense,7574.97,2025-04-03,加班,食物
20250413VHFZ8T,expense,2313.49,2025-04-13,娱乐,其他
20251208MOO9D3,expense,8142.19,2025-12-08,购物,食物
20251226KBPGG6,expense,1763.09,2025-12-26,补贴,房租
202502182FVM8I,expense,8995.80,2025-02-18,补贴,交通
20250523TDOKHB,expense,1036.43,2025-05-23,差旅,房租
20250309DBWZI2,expense,801.44,2025-03-09,加班,房租
20250117VAC40E,expense,3112.63,2025-01-17,娱乐,娱乐
20250315JICM7S,expense,3853.33,2025-03-15,购物,交通
202509016A1F7Q,expense,4372.33,2025-09-01,娱乐,娱乐
20250323RSL73V,expense,4421.37,2025-03-23,报销,房租
20250126786D6K,expense,4319.83,2025-01-26,外卖,交通
20250926ERLQMI,expense,765.07,2025-09-26,补贴,食物
20251019RGCGPG,expense,10.26,2025-10-19,外卖,交通
20250820FIL3E8,expense,238.34,2025-08-20,正常,交通
20251125TERPKV,expense,6165.16,2025-11-25,外卖,娱乐
20250805G5DKT7,expense,8196.07,2025-08-05,差旅,房租
20250212AAZZO6,expense,4895.59,2025-02-12,生活费,交通
20250714XMT3YY,expense,7388.54,2025-07-14,购物,房租
20250712G8ENT6,expense,3138.94,2025-07-12,加班,其他
20250308F8ROH1,expense,3583.76,2025-03-08,娱乐,其他
20251028I9RBIB,expense,594.01,2025-10-28,差旅,娱乐
20251113MAYRAT,expense,9046.28,2025-11-13,报销,房租
20250507UJM1FO,expense,1320.64,2025-05-07,学习,娱乐
20250511GK7ISV,expense,1203.23,2025-05-11,补贴,娱乐
20250911T1JHPD,expense,4119.81,2025-09-11,正常,房租
20251022MOF9GZ,expense,7344.35,2025-10-22,差旅,食物
20250604CEQ83H,expense,3266.02,2025-06-04,学习,其他
20250121SNZP30,expense,9440.01,2025-01-21,差旅,房租
20251006EZISKD,expense,9951.58,2025-10-06,生活费,食物
20251124WREVOL,expense,8232.71,2025-11-24,差旅,食物
20251123RQPW2W,expense,3588.77,2025-11-23,生活费,交通
202503226FWIFU,expense,9488.00,2025-03-22,正常,食物
20250228LQAW5G,expense,3749.83,2025-02-28,外卖,房租
202502225TOVZC,expense,3795.63,2025-02-22,外卖,其他
20251201JXQAHO,expense,5760.82,2025-12-01,学习,其他
20250207B7E6VH,expense,3720.47,2025-02-07,购物,交通
20251216JUJA82,expense,5533.31,2025-12-16,补贴,房租
20250305RJU6C8,expense,6531.33,2025-03-05,娱乐,其他
2025032891PIJG,expense,141.51,2025-03-28,正常,房租
2025051594AUG9,expense,3236.95,2025-05-15,差旅,交通
202511286P321K,expense,9766.08,2025-11-28,正常,娱乐
202508288BRKX0,expense,6275.21,2025-08-28,正常,食物
20250312CCOHJ4,expense,9328.82,2025-03-12,娱乐,娱乐
20251007K4UT9K,expense,238.43,2025-10-07,正常,其他
202508066MRUBM,expense,8216.89,2025-08-06,购物,房租
20250703D8S03O,expense,5400.10,2025-07-03,娱乐,交通
20251013XYD3LW,expense,2870.77,2025-10-13,补贴,食物
20250223NR5WP3,expense,134.86,2025-02-23,加班,其他
20250612UZ7HC0,expense,8133.08,2025-06-12,差旅,其他
20251026IE403R,expense,8848.60,2025-10-26,外卖,食物
20250819FMKC24,expense,9879.05,2025-08-19,生活费,娱乐
20251111NPNNDE,expense,5018.92,2025-11-11,加班,房租
20251020K4L0Q6,expense,762.58,2025-10-20,娱乐,交通
20250809FCUZRW,expense,661.98,2025-08-09,差旅,娱乐
202502270TSVAF,expense,1012.88,2025-02-27,娱乐,娱乐
20250126A0FRQ7,expense,9598.85,2025-01-26,补贴,房租
20250115KT8VD7,expense,1294.66,2025-01-15,补贴,娱乐
202501266FPWQH,expense,5465.42,2025-01-26,正常,娱乐
20251202UHP5WQ,expense,4503.32,2025-12-02,外卖,娱乐
2025072738QFYT,expense,9859.54,2025-07-27,报销,其他
20250104DLET6B,expense,976.46,2025-01-04,报销,食物
202506245ATJV9,expense,3530.80,2025-06-24,补贴,交通
20250805C8CF64,expense,9944.93,2025-08-05,报销,交通
20250415WJE6AW,expense,5314.39,2025-04-15,补贴,娱乐
20251212M5CIIS,expense,76.15,2025-12-12,生活费,房租
20250308S3FI3Q,expense,910.59,2025-03-08,购物,娱乐
2025101264H3JQ,expense,5861.15,2025-10-12,娱乐,食物
20250707NLGHEW,expense,3840.60,2025-07-07,正常,房租
20250315ZBYTJQ,expense,629.45,2025-03-15,报销,房租
20250318M1CYZG,expense,999.63,2025-03-18,报销,其他
20251122A1NMSQ,expense,6151.83,2025-11-22,正常,房租
202512171G5DOB,expense,7243.21,2025-12-17,购物,交通
20250104AQ4CCL,expense,6666.05,2025-01-04,报销,娱乐
20250907N79OWK,expense,943.82,2025-09-07,学习,交通
20250221HQHFG5,expense,3154.14,2025-02-21,娱乐,房租
20251207WK25Q6,expense,9290.78,2025-12-07,差旅,房租
202503275LPZRO,expense,9460.42,2025-03-27,正常,食物
20251011711VWF,expense,4715.16,2025-10-11,生活费,食物
20250610V2C0TW,expense,3316.06,2025-06-10,学习,娱乐
202505288EC46Q,expense,8336.92,2025-05-28,差旅,其他
202510138ICQDS,expense,9141.24,2025-10-13,补贴,交通
20250407NWI6KV,expense,634.36,2025-04-07,娱乐,其他
20250309QMZG9R,expense,5044.81,2025-03-09,报销,交通
20250512V1376H,expense,5576.67,2025-05-12,购物,交通
20250521RUSNPP,expense,7417.13,2025-05-21,外卖,娱乐
20251114XFK3HA,expense,2181.32,2025-11-14,报销,食物
20250528PNK2DE,expense,5956.75,2025-05-28,正常,其他
202503129IATX1,expense,7176.74,2025-03-12,正常,娱乐
202501084ADDNE,expense,312.86,2025-01-08,加班,交通
20250703TRVPYC,expense,1184.62,2025-07-03,正常,房租
202509074P2767,expense,1438.37,2025-09-07,购物,房租
20250608FSBW3X,expense,3921.95,2025-06-08,购物,房租
20250704BC2QE7,expense,8832.93,2025-07-04,加班,交通
20251228Y6RDDM,expense,854.26,2025-12-28,补贴,其他
20250811IEYTV2,expense,6696.54,2025-08-11,差旅,其他
2025062793R08H,expense,5259.93,2025-06-27,补贴,其他
20250215OMME9D,expense,237.14,2025-02-15,加班,食物
202511159YLWRL,expense,3199.89,2025-11-15,外卖,交通
20251006E6OEPY,expense,4978.61,2025-10-06,报销,交通
20250926V08Y9D,expense,8300.16,2025-09-26,外卖,交通
20251123PRL6UE,expense,2580.77,2025-11-23,报销,食物
20250619DPEBKI,expense,8332.26,2025-06-19,外卖,食物
20250920DYNLGZ,expense,3285.78,2025-09-20,差旅,食物
20250806ZCLY44,expense,433.77,2025-08-06,生活费,娱乐
202503147JEWSR,expense,209.28,2025-03-14,学习,其他
20250810L1WT4R,expense,9240.36,2025-08-10,差旅,食物
20250827KWUY8G,expense,6533.05,2025-08-27,报销,食物
20250425Y0N7RK,expense,3666.28,2025-04-25,娱乐,房租
20250902GCPHF9,expense,6575.58,2025-09-02,生活费,食物
20250423NLHLFL,expense,7399.78,2025-04-23,差旅,其他
20250126Q1GT82,expense,9743.94,2025-01-26,学习,房租
20251020JQJSQE,expense,8545.09,2025-10-20,补贴,交通
20250708RU70Y4,expense,4400.77,2025-07-08,购物,其他
20251020EYOSIE,expense,4874.32,2025-10-20,报销,交通
20250419RMPJQQ,expense,8138.84,2025-04-19,娱乐,食物
202512244BXLUJ,expense,3098.21,2025-12-24,差旅,房租
2025080410DGLT,expense,5871.02,2025-08-04,差旅,房租
20250120RI4B00,expense,679.56,2025-01-20,补贴,交通
20251003R9CBFK,expense,8744.79,2025-10-03,生活费,娱乐
20250616N0BEWL,expense,4066.98,2025-06-16,补贴,娱乐
2025010613M7EX,expense,4340.32,2025-01-06,加班,其他
202508086OVO46,expense,9908.82,2025-08-08,外卖,娱乐
20250724STB4A7,expense,7637.03,2025-07-24,生活费,房租
20250212SXDUWE,expense,2363.79,2025-02-12,差旅,房租
20250201M8W2JP,expense,6671.21,2025-02-01,娱乐,娱乐
202501250GX0RX,expense,1275.53,2025-01-25,报销,房租
20251001LBYL2P,expense,4053.91,2025-10-01,学习,交通
202501144OTJQ2,expense,860.94,2025-01-14,购物,交通
20250415752CJI,expense,857.94,2025-04-15,报销,房租
20250602GWQOHZ,expense,8165.72,2025-06-02,娱乐,食物
20250416LR2SZC,expense,6904.30,2025-04-16,加班,其他
202512159VMHHA,expense,2476.00,2025-12-15,外卖,食物
20250221SHLTHE,expense,3577.87,2025-02-21,娱乐,食物
20250409Z6QX1L,expense,2083.43,2025-04-09,补贴,娱乐
20250106AXVIVO,expense,1096.22,2025-01-06,补贴,房租
20250921FF8FTG,expense,23.45,2025-09-21,学习,房租
20250205SIU2B9,expense,7371.21,2025-02-05,正常,房租
202507226NXSKI,expense,6591.60,2025-07-22,差旅,交通
202512038PB6UW,expense,2168.41,2025-12-03,加班,食物
20250422P7Z4A3,expense,6230.94,2025-04-22,购物,娱乐
202508020ETMC2,expense,1257.47,2025-08-02,正常,交通
20250104FB5OHY,expense,7502.30,2025-01-04,差旅,房租
20250217UJUWQ3,expense,1734.51,2025-02-17,外卖,房租
2025030664282Z,expense,2634.90,2025-03-06,正常,食物
2025030944HENY,expense,3957.29,2025-03-09,差旅,房租
202502140QKRWJ,expense,8463.82,2025-02-14,加班,房租
20251105W11Z6I,expense,5673.36,2025-11-05,生活费,交通
20250303NCH330,expense,5311.18,2025-03-03,差旅,食物
20250805XZT9X6,expense,6396.53,2025-08-05,生活费,其他
20250726ECSJOG,expense,3947.01,2025-07-26,购物,食物
202505038XK9F3,expense,2194.39,2025-05-03,生活费,交通
2025011478L1K4,expense,4972.13,2025-01-14,补贴,交通
20250202Z7MSWV,expense,1427.33,2025-02-02,生活费,食物
20250122TX97XN,expense,6853.96,2025-01-22,差旅,食物
20250413K5XIPT,expense,9148.96,2025-04-13,差旅,食物
20250326MIK0UN,expense,5248.26,2025-03-26,报销,房租
20251228Z96QVQ,expense,2684.80,2025-12-28,购物,交通
2025102232GODP,expense,9994.09,2025-10-22,加班,食物
20250906005VQI,expense,3934.12,2025-09-06,娱乐,交通
202501230DL0TR,expense,9637.54,2025-01-23,差旅,交通
20251120IMSD66,expense,8544.65,2025-11-20,生活费,娱乐
20250415771WCS,expense,4929.61,2025-04-15,外卖,食物
20251222Q0XLXN,expense,5447.04,2025-12-22,购物,其他
20250907M38IEV,expense,7311.59,2025-09-07,购物,其他
20250204664A5D,expense,1140.75,2025-02-04,购物,食物
202502248803I2,expense,9099.32,2025-02-24,报销,其他
202507039YSRQ8,expense,8112.34,2025-07-03,报销,交通
20251119Q2L3FR,expense,6541.32,2025-11-19,生活费,其他
2025121056YZVX,expense,8856.36,2025-12-10,差旅,房租
2025091421WDWT,expense,5779.96,2025-09-14,娱乐,房租
20250104QL2EKQ,expense,7916.01,2025-01-04,差旅,其他
20250609Y2I1II,expense,5493.22,2025-06-09,学习,其他
202507160N4WGJ,expense,8578.63,2025-07-16,娱乐,交通
20250518VIE1GS,expense,1069.51,2025-05-18,报销,娱乐
20250108UJQBX1,expense,4538.52,2025-01-08,差旅,娱乐
20250626I6E4BB,expense,666.29,2025-06-26,差旅,交通
20251203KLEJ4Z,expense,1141.59,2025-12-03,生活费,交通
2025022415AXY9,expense,874.17,2025-02-24,报销,其他
20250406GRCNQS,expense,288.24,2025-04-06,加班,娱乐
202505125ZDHA2,expense,2472.62,2025-05-12,加班,娱乐
20250811KW8ZWC,expense,5487.14,2025-08-11,外卖,娱乐
20250401WV87YR,expense,704.07,2025-04-01,生活费,食物
20250726H24XL7,expense,80.67,2025-07-26,正常,交通
20251012UCDSZN,expense,8869.44,2025-10-12,娱乐,交通
20250616AVXA0N,expense,5429.15,2025-06-16,购物,房租
20251217ZSVB9G,expense,2612.27,2025-12-17,加班,娱乐
20251101I26L58,expense,2133.26,2025-11-01,娱乐,娱乐
202501278I1SFM,expense,6961.48,2025-01-27,生活费,其他
20250717ILOTUQ,expense,8119.05,2025-07-17,外卖,房租
202509125OPBL4,expense,659.27,2025-09-12,报销,其他
20250303A0AHNO,expense,2053.13,2025-03-03,差旅,房租
202506159ZHPZK,expense,4437.57,2025-06-15,生活费,食物
202509150NA6KX,expense,3233.70,2025-09-15,加班,食物
2025052756D595,expense,2963.18,2025-05-27,外卖,交通
202507114N0201,expense,1647.58,2025-07-11,生活费,娱乐
202502142ILBXT,expense,4646.92,2025-02-14,差旅,其他
202502097IZSVR,expense,4903.25,2025-02-09,娱乐,房租
20250227FFQWZV,expense,6197.27,2025-02-27,生活费,其他
20251208V56IUF,expense,7148.58,2025-12-08,学习,其他
20250724TE45G6,expense,3506.22,2025-07-24,娱乐,娱乐
20251113J7CFBG,expense,135.49,2025-11-13,报销,其他
20250619AQFSAM,expense,5205.30,2025-06-19,学习,交通
202509122ZRARH,expense,4529.69,2025-09-12,生活费,交通
20250920GX4MVH,expense,5184.54,2025-09-20,外卖,食物
20250112C9APJB,expense,2281.13,2025-01-12,生活费,娱乐
20250404KAM6XF,expense,1399.05,2025-04-04,报销,交通
20250227QLNDGL,expense,6666.02,2025-02-27,正常,食物
202510029QIT7K,expense,1042.68,2025-10-02,补贴,房租
20250427CPPUME,expense,4000.27,2025-04-27,生活费,交通
20250516860CJE,expense,7338.40,2025-05-16,娱乐,房租
20251203Y5L0FI,expense,7136.84,2025-12-03,学习,食物
20251128736VXJ,expense,9157.25,2025-11-28,报销,食物
20251223FT3ABK,expense,4393.97,2025-12-23,学习,食物
20250401FB4GED,expense,8199.67,2025-04-01,娱乐,食物
202506256TKWOC,expense,3250.32,2025-06-25,学习,娱乐
202512161WNS0I,expense,4206.89,2025-12-16,娱乐,交通
202507155U6UQW,expense,2569.39,2025-07-15,正常,房租
20251128EVC3UT,expense,7745.03,2025-11-28,差旅,交通
202508058GLDUL,expense,2478.36,2025-08-05,娱乐,房租
20250503BQX0IO,expense,9278.09,2025-05-03,学习,房租
20250211UN1Y7I,expense,7154.80,2025-02-11,购物,食物
20250403AXH9ZC,expense,7077.33,2025-04-03,正常,其他
20250324T533DZ,expense,3607.94,2025-03-24,娱乐,食物
20250806Z87RPV,expense,7213.99,2025-08-06,补贴,其他
20250412A0AEGH,expense,1501.01,2025-04-12,购物,交通
20250913NXWCI2,expense,8906.96,2025-09-13,娱乐,其他
20250804P89XR0,expense,7439.48,2025-08-04,加班,交通
20250915N9TU1E,expense,3585.53,2025-09-15,补贴,房租
20251028QGE45P,expense,7824.46,2025-10-28,加班,交通
202505265ZIF2V,expense,4097.59,2025-05-26,外卖,娱乐
20250624Y2RAMY,expense,6813.67,2025-06-24,学习,交通
202511159VBFS8,expense,6263.67,2025-11-15,差旅,交通
20251021GO8I7E,expense,3400.05,2025-10-21,外卖,交通
20250613FY4ASA,expense,8053.68,2025-06-13,正常,娱乐
20250820GO3SUV,expense,7014.33,2025-08-20,补贴,娱乐
20250913NRKF1V,expense,4598.85,2025-09-13,报销,房租
20251225UWQLBC,expense,3822.33,2025-12-25,娱乐,娱乐
202506238N39R1,expense,9786.08,2025-06-23,生活费,交通
20250906E0L9XI,expense,2743.23,2025-09-06,购物,交通
20251124REAXGJ,expense,8850.90,2025-11-24,生活费,其他
202501056PRRXP,expense,4133.85,2025-01-05,补贴,房租
20250323VVMVCV,expense,6720.13,2025-03-23,补贴,其他
20251012PGW99I,expense,9288.40,2025-10-12,正常,娱乐
202510159HTW8K,expense,8726.16,2025-10-15,加班,食物
20250413EL10DX,expense,7609.39,2025-04-13,报销,房租
20251109VWIVAU,expense,720.39,2025-11-09,正常,娱乐
20250823DYAB6Z,expense,3945.68,2025-08-23,购物,房租
20251202JG1DIS,expense,7719.26,2025-12-02,外卖,交通
20250712MEHZ5Y,expense,1488.94,2025-07-12,生活费,其他
2025081223A11D,expense,4636.97,2025-08-12,正常,食物
20251104TIOXC3,expense,791.34,2025-11-04,生活费,其他
20250521IZVWF2,expense,1830.21,2025-05-21,外卖,食物
20250919SDAF2T,expense,6859.33,2025-09-19,加班,食物
202506061Z0HPH,expense,6657.13,2025-06-06,生活费,食物
20251004WITT6I,expense,8007.56,2025-10-04,生活费,食物
20251215XVV75K,expense,1005.05,2025-12-15,生活费,食物
20250326V40ZD1,expense,6196.18,2025-03-26,加班,交通
202505193UWMEO,expense,7127.28,2025-05-19,补贴,房租
202502123WIBPK,expense,3879.58,2025-02-12,学习,房租
20250111WJ47JP,expense,8591.09,2025-01-11,报销,食物
20250201UQ08KB,expense,8320.84,2025-02-01,差旅,娱乐
20250407MTTP1S,expense,2271.92,2025-04-07,加班,其他
20250717F6EIRG,expense,1347.15,2025-07-17,外卖,房租
202501131BHIAE,expense,4427.63,2025-01-13,购物,其他
20250407HFDMQ0,expense,3132.62,2025-04-07,加班,交通
20250123JR40ZP,expense,7778.36,2025-01-23,正常,食物
20250811MH85HK,expense,3260.25,2025-08-11,娱乐,食物
20250620Y7GJVC,expense,4456.18,2025-06-20,差旅,其他
20251103FWMCZ9,expense,8547.39,2025-11-03,补贴,其他
20250323JSPII3,expense,7191.04,2025-03-23,生活费,食物
20250216LE6T9O,expense,7521.32,2025-02-16,加班,娱乐
202509166G5023,expense,2425.87,2025-09-16,差旅,娱乐
20250608DBX5SG,expense,5365.61,2025-06-08,差旅,食物
2025122859LOX7,expense,172.04,2025-12-28,正常,房租
20250904RYHURB,expense,6889.60,2025-09-04,购物,房租
20250616FRGTZC,expense,7882.94,2025-06-16,正常,交通
20251212Q68Y9S,expense,5120.03,2025-12-12,娱乐,房租
20250909VF01MD,expense,1594.72,2025-09-09,补贴,房租
20250825GAP2D5,expense,8325.96,2025-08-25,娱乐,房租
20250411M3I3RH,expense,6863.82,2025-04-11,加班,交通
2025041595JMJU,expense,7978.02,2025-04-15,学习,其他
20250101S9BRCB,expense,9444.27,2025-01-01,差旅,交通
2025051602QIAQ,expense,8305.73,2025-05-16,学习,房租
202503104HSW9I,expense,4298.24,2025-03-10,加班,娱乐
2025041383O78I,expense,658.24,2025-04-13,购物,房租
20250302UEMK09,expense,4759.94,2025-03-02,报销,娱乐
20250216WHTZSP,expense,4627.77,2025-02-16,娱乐,房租
20250807RAJ8S2,expense,4724.93,2025-08-07,补贴,娱乐
20250618BXKSEZ,expense,8869.33,2025-06-18,娱乐,交通
20250718081QFG,expense,2954.37,2025-07-18,补贴,房租
20250728D4TB3B,expense,8393.57,2025-07-28,补贴,交通
20250225VMWSXD,expense,385.65,2025-02-25,购物,其他
202502195NMH8K,expense,3430.01,2025-02-19,报销,食物
202502041800C8,expense,2814.02,2025-02-04,补贴,娱乐
20250224VVNYFY,expense,2189.72,2025-02-24,生活费,房租
20251214QKYQME,expense,2543.62,2025-12-14,娱乐,房租
20251114UIHZWF,expense,8931.14,2025-11-14,正常,娱乐
20250826S9TGL2,expense,2749.37,2025-08-26,正常,其他
20251002B0NAYJ,expense,9107.53,2025-10-02,娱乐,交通
202504267836IO,expense,8262.51,2025-04-26,加班,食物
20250324DLGJS0,expense,7494.11,2025-03-24,补贴,其他
20250415Z4XDUU,expense,3165.86,2025-04-15,学习,娱乐
20250117JK1MME,expense,9607.58,2025-01-17,娱乐,其他
20250815OH9H4Q,expense,9880.47,2025-08-15,娱乐,房租
20250321T0JGE2,expense,3456.91,2025-03-21,娱乐,房租
20251217NXJ0V8,expense,5293.03,2025-12-17,加班,房租
20250720Q33M6C,expense,1683.24,2025-07-20,购物,娱乐
20250411ID94FG,expense,2017.46,2025-04-11,生活费,交通
2025041313C53I,expense,4478.28,2025-04-13,外卖,娱乐
2025100794MGX6,expense,2710.03,2025-10-07,生活费,其他
20250223HP1YZ3,expense,9910.05,2025-02-23,外卖,房租
20250519G2KOTQ,expense,3159.17,2025-05-19,正常,其他
202501114A9OST,expense,4150.45,2025-01-11,外卖,娱乐
20250114NEK03O,expense,3898.27,2025-01-14,娱乐,交通
202512104QL159,expense,988.87,2025-12-10,报销,食物
20250613I4AZH2,expense,457.23,2025-06-13,加班,娱乐
20250324BOSXJG,expense,2825.05,2025-03-24,娱乐,交通
20250326VXKO44,expense,6438.32,2025-03-26,正常,房租
20250408ZRWRJA,expense,6651.91,2025-04-08,外卖,其他
20250609P1UIIM,expense,7779.29,2025-06-09,差旅,房租
20250504D9PHHL,expense,1233.14,2025-05-04,补贴,其他
20250517CYPHMV,expense,7762.46,2025-05-17,加班,其他
20251012PAYDKO,expense,227.75,2025-10-12,购物,食物
20251226FWH9EN,expense,8566.55,2025-12-26,加班,娱乐
202506025DJ6TW,expense,1827.56,2025-06-02,报销,房租
20250322LBH0YI,expense,5358.65,2025-03-22,补贴,食物
20250708XNLUED,expense,2348.52,2025-07-08,补贴,食物
20251213JDYWO9,expense,3411.29,2025-12-13,补贴,其他
20251011H32PVZ,expense,1149.56,2025-10-11,学习,其他
202505017MKK0Y,expense,4502.75,2025-05-01,正常,其他
202507092D6N5X,expense,6906.54,2025-07-09,外卖,交通
20250411WC7Y9G,expense,9039.15,2025-04-11,加班,其他
202506185YIYKW,expense,1751.30,2025-06-18,加班,食物
20250820DM59FO,expense,8397.60,2025-08-20,正常,娱乐
20251123N6CT9W,expense,5418.40,2025-11-23,外卖,房租
20250805FO6G5Z,expense,3839.90,2025-08-05,学习,其他
20250404X88DQ7,expense,8485.83,2025-04-04,正常,食物
20251126E1IDZQ,expense,7556.91,2025-11-26,购物,房租
20251124DCM6BE,expense,3397.01,2025-11-24,外卖,交通
20250318H01OCL,expense,652.42,2025-03-18,外卖,房租
202512070Y1B4A,expense,1218.12,2025-12-07,生活费,交通
202503055X43DL,expense,1043.95,2025-03-05,差旅,其他
20250616YDXPQM,expense,1099.42,2025-06-16,正常,房租
20250822MGMODI,expense,8334.15,2025-08-22,外卖,房租
20250201DM0QBC,expense,6757.34,2025-02-01,购物,房租
20250828DJESCJ,expense,6365.15,2025-08-28,生活费,食物
20251021BQ6II0,expense,7271.69,2025-10-21,差旅,房租
20250223TA4138,expense,5845.25,2025-02-23,外卖,食物
20250705TK2MV9,expense,7406.41,2025-07-05,差旅,娱乐
20250227L0K1D0,expense,4383.19,2025-02-27,外卖,其他
20250107DJD9HK,expense,3120.96,2025-01-07,报销,房租
20250926RE07SP,expense,7625.04,2025-09-26,学习,其他
20251227IP7AJI,expense,8471.34,2025-12-27,外卖,娱乐
20250605L751VX,expense,9440.17,2025-06-05,购物,食物
20250707ZXSBUH,expense,469.97,2025-07-07,差旅,娱乐
2025111857XR41,expense,1631.44,2025-11-18,生活费,交通
202507236MSFY8,expense,5974.57,2025-07-23,娱乐,食物
20251120BKLLS6,expense,2768.29,2025-11-20,正常,食物
2025020784RMFT,expense,5199.25,2025-02-07,外卖,食物
202501268ZCDYO,expense,9622.78,2025-01-26,补贴,娱乐
20250606N8M3QH,expense,3657.80,2025-06-06,娱乐,其他
20251013VV97EC,expense,1372.39,2025-10-13,生活费,房租
202505151AYK68,expense,6065.06,2025-05-15,娱乐,娱乐
202512269BBDIT,expense,4276.75,2025-12-26,学习,食物
202509140PL472,expense,8791.30,2025-09-14,外卖,食物
202506213GKN0S,expense,6407.96,2025-06-21,生活费,房租
20251104GU4SQ1,expense,8506.69,2025-11-04,加班,房租
20250913B5XIYL,expense,6141.77,2025-09-13,购物,交通
202509204A02JL,expense,1797.78,2025-09-20,补贴,食物
202509176EXAW3,expense,9937.37,2025-09-17,生活费,食物
20251015R5YS8G,expense,6096.41,2025-10-15,报销,房租
20251015VJFLM8,expense,1899.77,2025-10-15,购物,食物
20250111GKOU1A,expense,7357.14,2025-01-11,购物,房租
202502036RM99C,expense,1762.60,2025-02-03,购物,其他
20250421KCA0S8,expense,324.19,2025-04-21,补贴,娱乐
20251227I8N2M3,expense,4901.00,2025-12-27,正常,娱乐
20250401WGUUFG,expense,9126.61,2025-04-01,生活费,其他
20250222L68K3B,expense,8174.93,2025-02-22,差旅,食物
202510119XKCRK,expense,3987.20,2025-10-11,补贴,交通
20250704CYYQX7,expense,923.05,2025-07-04,补贴,娱乐
2025100469VKKR,expense,4545.94,2025-10-04,外卖,娱乐
20250801S7MPJG,expense,593.47,2025-08-01,娱乐,娱乐
20250813G3VGBS,expense,1890.98,2025-08-13,生活费,房租
20250522QTCE3A,expense,3511.57,2025-05-22,生活费,娱乐
20250304ZZU4OP,expense,9816.55,2025-03-04,补贴,食物
202502061CEEKD,expense,3891.93,2025-02-06,购物,交通
20250310SONVHO,expense,272.96,2025-03-10,生活费,其他
20251204S077SA,expense,1420.81,2025-12-04,补贴,房租
20251114N5FMLX,expense,6144.24,2025-11-14,差旅,娱乐
20250619C17JOZ,expense,5988.15,2025-06-19,生活费,交通
20251125VA0TXK,expense,7975.66,2025-11-25,外卖,其他
202507196N5KSE,expense,601.91,2025-07-19,差旅,房租
20250102BFWQKV,expense,7656.70,2025-01-02,购物,食物
20251018GW794P,expense,6816.91,2025-10-18,报销,其他
202506253LU5YW,expense,9786.59,2025-06-25,学习,食物
20250612JXS7M9,expense,5429.97,2025-06-12,差旅,其他
20250503BZ80K0,expense,2294.61,2025-05-03,购物,食物
20250427H07MUN,expense,618.00,2025-04-27,娱乐,交通
2025080835U8OK,expense,1558.27,2025-08-08,外卖,交通
20251216MRYGLZ,expense,8051.18,2025-12-16,购物,娱乐
20250201R4OYS3,expense,6559.74,2025-02-01,补贴,食物
202511160MRZZT,expense,8867.79,2025-11-16,补贴,交通
20250618WWWTVE,expense,2739.38,2025-06-18,生活费,其他
20251110NAFI0D,expense,2430.03,2025-11-10,加班,其他
20250913JON6BP,expense,5390.78,2025-09-13,生活费,娱乐
20250518G2KNQZ,expense,2115.82,2025-05-18,报销,交通
20250809XB568X,expense,4451.83,2025-08-09,生活费,娱乐
20250423T3937K,expense,6828.00,2025-04-23,购物,食物
20250906XF4PQL,expense,6714.58,2025-09-06,生活费,其他
202508051EMD73,expense,6509.96,2025-08-05,购物,其他
20250721B8V7RI,expense,1328.91,2025-07-21,报销,娱乐
20250123XAX7SI,expense,5982.81,2025-01-23,娱乐,其他
20251016XE1KEJ,expense,7587.22,2025-10-16,外卖,娱乐
20250224HLAICU,expense,5325.84,2025-02-24,学习,食物
20250128XLSC8B,expense,801.04,2025-01-28,学习,食物
20250624FKQAMR,expense,3964.02,2025-06-24,报销,其他
20251115EG89AK,expense,36.07,2025-11-15,补贴,其他
20250911WDV601,expense,28.99,2025-09-11,加班,其他
20250413KPUTOK,expense,7156.51,2025-04-13,娱乐,娱乐
20250501JMF2ZK,expense,3068.89,2025-05-01,购物,食物
20250803LDCH2J,expense,1697.61,2025-08-03,报销,交通
20250814PQUGNL,expense,2506.61,2025-08-14,外卖,房租
20251128Q5P1SP,expense,9684.87,2025-11-28,外卖,房租
20250726HVXL2F,expense,7723.03,2025-07-26,购物,娱乐
202504207BFDOT,expense,8153.70,2025-04-20,外卖,其他
2025041637CDWW,expense,3105.36,2025-04-16,外卖,其他
20250926MWAU14,expense,1075.16,2025-09-26,购物,房租
202501050W7870,expense,5633.82,2025-01-05,加班,房租
20250106SQRHYB,expense,5716.74,2025-01-06,加班,其他
20250910BUKKWJ,expense,3287.10,2025-09-10,补贴,其他
20251228B89HJE,expense,5791.85,2025-12-28,外卖,食物
202508261N0ZD4,expense,9488.19,2025-08-26,购物,其他
20251201MBN72W,expense,3828.29,2025-12-01,娱乐,房租
20250423Y5FEJ4,expense,1099.07,2025-04-23,补贴,房租
20250404V17K44,expense,655.79,2025-04-04,外卖,房租
20250505YRMXAE,expense,2004.05,2025-05-05,购物,其他
2025101671XNDL,expense,2262.65,2025-10-16,生活费,娱乐
20251118C7CX1D,expense,1765.53,2025-11-18,外卖,娱乐
20251117H5H9UJ,expense,7750.49,2025-11-17,购物,娱乐
20251001BOZY6F,expense,5586.35,2025-10-01,生活费,食物
202511130SS3J8,expense,5457.10,2025-11-13,外卖,娱乐
20250809CUQUWH,expense,6201.00,2025-08-09,正常,房租
20251110RM7E26,expense,4253.30,2025-11-10,购物,娱乐
20250509B4RDL4,expense,3420.92,2025-05-09,购物,其他
2025062183KEPZ,expense,7572.24,2025-06-21,外卖,娱乐
20250615VII14S,expense,6003.31,2025-06-15,购物,其他
20250814MRPIJ7,expense,7868.74,2025-08-14,加班,交通
20250805DQ2RSP,expense,3306.03,2025-08-05,报销,食物
20251007657LOO,expense,8186.81,2025-10-07,补贴,食物
20251109SH43RY,expense,8507.61,2025-11-09,娱乐,交通
20251103E0JDTY,expense,5057.26,2025-11-03,生活费,房租
202504216LXU6K,expense,6816.83,2025-04-21,外卖,娱乐
20250917J5PIVQ,expense,441.89,2025-09-17,差旅,食物
20250506B058YQ,expense,6673.17,2025-05-06,学习,交通
202512105SMF4U,expense,8181.24,2025-12-10,购物,房租
20251115VB3R74,expense,6829.26,2025-11-15,差旅,食物
20250820AIQKKD,expense,4061.05,2025-08-20,购物,食物
20250610A3ZHQS,expense,4048.39,2025-06-10,差旅,房租
20250623BBR0XU,expense,7660.93,2025-06-23,娱乐,食物
2025092868AYWG,expense,1849.95,2025-09-28,学习,房租
20250502537DS7,expense,8528.44,2025-05-02,补贴,其他
20250117AZIZQ7,expense,6286.77,2025-01-17,正常,娱乐
202506166PLXGB,expense,3828.63,2025-06-16,生活费,其他
20250806A8BEU0,expense,3765.06,2025-08-06,生活费,娱乐
2025010684GBMF,expense,7636.54,2025-01-06,加班,其他
20250707AUOR65,expense,7016.24,2025-07-07,正常,其他
20250918PQAI94,expense,628.40,2025-09-18,外卖,其他
20250826NE0UPF,expense,6078.37,2025-08-26,正常,娱乐
202511136T602L,expense,1541.85,2025-11-13,娱乐,房租
20250423QTOQE9,expense,265.29,2025-04-23,外卖,娱乐
20250709OVSSB3,expense,3421.82,2025-07-09,娱乐,娱乐
20250518SABWDE,expense,2648.06,2025-05-18,娱乐,娱乐
20251205M4SCHG,expense,5498.91,2025-12-05,学习,交通
202508130T6AZZ,expense,3507.13,2025-08-13,加班,其他
20250127RGNA3K,expense,3867.85,2025-01-27,报销,交通
20250905P4DWJR,expense,821.51,2025-09-05,外卖,食物
202502210PEAVZ,expense,5811.32,2025-02-21,外卖,其他
20251026B0KKSM,expense,690.02,2025-10-26,补贴,食物
202505275YXI33,expense,1572.05,2025-05-27,生活费,食物
20250805WLNLEJ,expense,7311.26,2025-08-05,正常,食物
20250225GQ6714,expense,3627.49,2025-02-25,报销,娱乐
202504274OB85U,expense,4079.92,2025-04-27,报销,房租
20250921YZH3NL,expense,694.93,2025-09-21,生活费,交通
20250703V3U3HM,expense,1544.41,2025-07-03,娱乐,房租
20250621BPGBMZ,expense,2679.50,2025-06-21,生活费,食物
20251019PEGM92,expense,6346.98,2025-10-19,报销,交通
202504072DH4LS,expense,9915.85,2025-04-07,加班,其他
20250908IZR40Y,expense,1519.16,2025-09-08,加班,房租
202508174VFKSM,expense,7444.69,2025-08-17,补贴,娱乐
20251228SX8BFG,expense,6045.55,2025-12-28,学习,交通
20250916PLRB7A,expense,8887.74,2025-09-16,生活费,食物
20251002TCPXOA,expense,5341.31,2025-10-02,加班,房租
20250504PWP2IT,expense,7963.45,2025-05-04,加班,娱乐
20250525LXRGB2,expense,9966.41,2025-05-25,补贴,其他
20251112OU0FQG,expense,1862.26,2025-11-12,正常,娱乐
20251013EKVU1Q,expense,530.45,2025-10-13,正常,娱乐
20250324F5V55H,expense,4638.81,2025-03-24,差旅,其他
20251028QYS93S,expense,7435.86,2025-10-28,娱乐,交通
20250416E2KWUR,expense,4193.25,2025-04-16,补贴,房租
202501014J0NIX,expense,3099.96,2025-01-01,购物,娱乐
2025122871T21B,expense,2858.64,2025-12-28,娱乐,其他
2025121671Y9M1,expense,3807.87,2025-12-16,补贴,娱乐
20251008IE7V31,expense,2505.23,2025-10-08,补贴,娱乐
20250513N8CV0C,expense,62.08,2025-05-13,购物,其他
20251015UXHI3N,expense,2182.59,2025-10-15,加班,房租
20250206BIV1SJ,expense,3370.03,2025-02-06,加班,娱乐
20250211YW79GH,expense,6058.24,2025-02-11,娱乐,娱乐
20251117F6EK5E,expense,7771.44,2025-11-17,生活费,娱乐
202506142WBDVY,expense,5617.26,2025-06-14,学习,其他
20250126XXDCOL,expense,6123.11,2025-01-26,加班,房租
20251221B5BW3A,expense,5576.03,2025-12-21,外卖,房租
20250823B0C2JJ,expense,7899.12,2025-08-23,报销,交通
2025022464328H,expense,7543.79,2025-02-24,外卖,娱乐
20250526WSXAU1,expense,3321.33,2025-05-26,娱乐,娱乐
20250122M0GVLR,expense,4499.44,2025-01-22,报销,交通
20250416ML0WJH,expense,8403.54,2025-04-16,娱乐,房租
20250322HCHV1X,expense,7931.18,2025-03-22,报销,房租
202509212Q2TMH,expense,6788.00,2025-09-21,外卖,房租
202510043OYN4P,expense,9765.63,2025-10-04,正常,房租
2025070390NEVD,expense,3841.77,2025-07-03,报销,食物
20250708O8Q6GY,expense,1789.80,2025-07-08,报销,娱乐
2025082778XR0M,expense,9927.27,2025-08-27,补贴,房租
20250220QB5WTX,expense,689.99,2025-02-20,正常,食物
202504061WOBA8,expense,3884.22,2025-04-06,差旅,房租
20250528MYFQO0,expense,6132.93,2025-05-28,娱乐,交通
20251126DZGVDX,expense,3063.47,2025-11-26,学习,交通
20250907NNDGMG,expense,9765.56,2025-09-07,娱乐,交通
2025050327UN15,expense,9494.47,2025-05-03,报销,房租
202509056S8EM5,expense,3859.98,2025-09-05,外卖,其他
20250813IT5U3P,expense,5092.01,2025-08-13,学习,房租
20250405M7TP3M,expense,9959.58,2025-04-05,正常,房租
2025101920UM58,expense,5292.27,2025-10-19,娱乐,房租
20250508WBVDVY,expense,8614.52,2025-05-08,生活费,娱乐
20251102DQUKI7,expense,9110.57,2025-11-02,生活费,食物
20250715UDQJ94,expense,1818.89,2025-07-15,娱乐,娱乐
2025070857TH3U,expense,8419.48,2025-07-08,差旅,娱乐
20251219M5VX1Z,expense,1732.04,2025-12-19,生活费,其他
202508043B254G,expense,5023.07,2025-08-04,加班,其他
20250804655ZE1,expense,2809.75,2025-08-04,加班,房租
20250906Z4NR40,expense,8044.16,2025-09-06,外卖,食物
20251008G9QF9W,expense,4942.38,2025-10-08,娱乐,房租
20250723O02D6R,expense,2062.93,2025-07-23,外卖,交通
20250102MUQ4S6,expense,4489.93,2025-01-02,外卖,其他
20250612XM1XZY,expense,4271.30,2025-06-12,生活费,食物
20250125AYYD3X,expense,7133.23,2025-01-25,娱乐,交通
20250422C2YAMG,expense,7049.02,2025-04-22,外卖,房租
20250328HD2EAP,expense,4218.39,2025-03-28,娱乐,房租
2025062365SMBI,expense,2530.03,2025-06-23,购物,交通
202508178075KQ,expense,7031.71,2025-08-17,补贴,其他
20251219JJ0Y8V,expense,3728.95,2025-12-19,购物,娱乐
20250625G0SVB9,expense,5316.08,2025-06-25,生活费,交通
20250328RMRA4V,expense,6706.41,2025-03-28,学习,其他
20250312TJNK8O,expense,5785.92,2025-03-12,娱乐,娱乐
20250311RONLK2,expense,1007.01,2025-03-11,娱乐,食物
20250224951244,expense,5133.40,2025-02-24,购物,娱乐
20250301BCC0H1,expense,3942.16,2025-03-01,学习,食物
20250126IFQL2E,expense,9948.38,2025-01-26,补贴,其他
20250819T3ESRG,expense,7035.77,2025-08-19,娱乐,房租
20250513G2K0AZ,expense,1424.63,2025-05-13,报销,房租
20250507NSO6X2,expense,3442.56,2025-05-07,补贴,其他
20250310BWYWHZ,expense,8978.33,2025-03-10,报销,房租
20250523EK78B5,expense,4210.93,2025-05-23,加班,食物
202511185TA721,expense,966.71,2025-11-18,外卖,食物
20250512RXV3UL,expense,1425.05,2025-05-12,学习,食物
20250610E9YMNF,expense,2537.67,2025-06-10,娱乐,其他
202505122HF0NJ,expense,5518.09,2025-05-12,报销,交通
20250602372888,expense,7392.62,2025-06-02,外卖,其他
20250124H2M9BM,expense,5608.32,2025-01-24,娱乐,娱乐
20251004ONBD5J,expense,1238.84,2025-10-04,娱乐,娱乐
20250918GVDB1M,expense,3778.91,2025-09-18,正常,其他
20250819W1HXEA,expense,1849.58,2025-08-19,补贴,娱乐
20250511ATRI1F,expense,8.48,2025-05-11,加班,食物
20251016FUVIMJ,expense,1689.60,2025-10-16,学习,交通
20251217HYVU1W,expense,8442.39,2025-12-17,报销,交通
2025091848S1IJ,expense,6759.68,2025-09-18,外卖,食物
20251208N9O7SE,expense,8475.31,2025-12-08,生活费,食物
20251004ONMN7F,expense,718.13,2025-10-04,加班,房租
20251106NLF5OR,expense,3518.69,2025-11-06,学习,娱乐
20250320NVH3XC,expense,8601.90,2025-03-20,娱乐,食物
20250505VWSROV,expense,9444.98,2025-05-05,学习,交通
20250114F01IM5,expense,8905.79,2025-01-14,外卖,娱乐
20250205P214J5,expense,5437.63,2025-02-05,正常,交通
20250406XE49OY,expense,1224.26,2025-04-06,学习,娱乐
20251224433TDY,expense,4514.57,2025-12-24,生活费,娱乐
20250702M4FP2R,expense,711.67,2025-07-02,娱乐,娱乐
20251024AIV97E,expense,5573.89,2025-10-24,加班,交通
20251116CF7FIQ,expense,9097.09,2025-11-16,补贴,交通
202503276FC80F,expense,237.25,2025-03-27,补贴,交通
20250513Y2JWPE,expense,4658.41,2025-05-13,正常,娱乐
20250509ZR8IUF,expense,6840.52,2025-05-09,正常,娱乐
202508206OTF4D,expense,4920.53,2025-08-20,购物,交通
20250726L097UA,expense,6486.37,2025-07-26,正常,娱乐
20250522IBGUYY,expense,844.15,2025-05-22,差旅,娱乐
20251010D48SNB,expense,166.27,2025-10-10,外卖,其他
20251206S6EDDH,expense,9181.61,2025-12-06,学习,房租
202512074R8XR8,expense,8473.38,2025-12-07,补贴,娱乐
20251225P2OYS1,expense,6322.68,2025-12-25,补贴,其他
20250703MDDWER,expense,5305.97,2025-07-03,学习,娱乐
202507129F2RR8,expense,7882.84,2025-07-12,差旅,食物
202505241MZN2S,expense,2956.55,2025-05-24,报销,娱乐
202508158BBXXK,expense,3449.90,2025-08-15,加班,娱乐
20250505O7355A,expense,4802.85,2025-05-05,外卖,娱乐
20250311K7DPZS,expense,9785.06,2025-03-11,外卖,交通
20250602F92SK8,expense,8880.54,2025-06-02,娱乐,交通
20250618AELPD8,expense,4531.65,2025-06-18,外卖,娱乐
2025042742R530,expense,7904.20,2025-04-27,学习,娱乐
20251010JIIH5D,expense,4017.11,2025-10-10,补贴,房租
20250410ES5A77,expense,8366.86,2025-04-10,购物,娱乐
202506204MRZ3P,expense,1050.74,2025-06-20,购物,房租
202501195B2NVI,expense,776.37,2025-01-19,外卖,房租
20250105PEEWB2,expense,9184.38,2025-01-05,娱乐,食物
20251002NTE4L2,expense,346.28,2025-10-02,报销,其他
20251104VHFHT6,expense,5441.53,2025-11-04,补贴,食物
20250717E619DZ,expense,317.04,2025-07-17,外卖,交通
20250402M8WX5K,expense,1665.56,2025-04-02,报销,食物
20250223QWV7GO,expense,2931.95,2025-02-23,差旅,娱乐
20251222EQYMW4,expense,1448.64,2025-12-22,差旅,房租
2025110112W68U,expense,7224.57,2025-11-01,报销,娱乐
20251119CVZ6GO,expense,8342.75,2025-11-19,加班,交通
202509238KO0MV,expense,8799.69,2025-09-23,娱乐,交通
20250205897Y1Z,expense,7352.47,2025-02-05,报销,食物
20250915186QH5,expense,9807.45,2025-09-15,加班,其他
20250402XSC3EX,expense,2797.48,2025-04-02,娱乐,食物
20250115WTZ0PR,expense,8897.36,2025-01-15,差旅,其他
20250719Z4UN0A,expense,4289.78,2025-07-19,加班,娱乐
20250125DNRWWU,expense,6288.89,2025-01-25,学习,娱乐
20250819T7DOD9,expense,1853.50,2025-08-19,差旅,交通
20250121F4EYRT,expense,2565.62,2025-01-21,加班,其他
202509067R8342,expense,8258.27,2025-09-06,正常,房租
20250306WR659V,expense,8533.87,2025-03-06,外卖,交通
20250622T28LI7,expense,5241.62,2025-06-22,报销,其他
20250506EVMZKS,expense,9457.61,2025-05-06,补贴,房租
202510036G55UT,expense,2240.50,2025-10-03,加班,房租
20250404DSE23E,expense,1328.64,2025-04-04,学习,房租
20251210KSBKIK,expense,3450.77,2025-12-10,娱乐,食物
20251227LWAYBH,expense,5300.92,2025-12-27,补贴,其他
202511141E09G1,expense,8284.35,2025-11-14,学习,娱乐
20251106UEDNWQ,expense,7471.77,2025-11-06,娱乐,其他
20250614GA1ZK5,expense,1336.82,2025-06-14,生活费,房租
20250122172C3F,expense,5945.53,2025-01-22,生活费,其他
20251010ZK5E80,expense,6832.40,2025-10-10,差旅,食物
2025020116J9B9,expense,1689.82,2025-02-01,加班,房租
20250117SVDZV9,expense,8512.06,2025-01-17,报销,其他
2025110108YIML,expense,7636.74,2025-11-01,生活费,娱乐
20251212SB1VQK,expense,8208.01,2025-12-12,报销,食物
20250724QVFUMN,expense,8094.59,2025-07-24,正常,其他
20250217TPJNYE,expense,174.58,2025-02-17,加班,交通
202506125YZQNK,expense,9442.05,2025-06-12,娱乐,交通
20250803WMHQ19,expense,9340.43,2025-08-03,补贴,食物
20251223BYO0J7,expense,1545.18,2025-12-23,学习,娱乐
20250106VDLJJ3,expense,3427.33,2025-01-06,娱乐,房租
20251114H7WAIE,expense,4716.96,2025-11-14,加班,房租
202510289KBYDL,expense,9611.66,2025-10-28,外卖,房租
202512063CMS25,expense,9183.99,2025-12-06,差旅,娱乐
20250727P85ST8,expense,7710.35,2025-07-27,差旅,娱乐
20250527FWNBSI,expense,9892.38,2025-05-27,娱乐,食物
20251006USD5GH,expense,5169.56,2025-10-06,报销,其他
202504095AJ6CF,expense,6287.45,2025-04-09,正常,房租
2025050214Z4MC,expense,7958.32,2025-05-02,加班,其他
20251118GIEZMW,expense,8004.21,2025-11-18,学习,房租
20250325PKA2F6,expense,8040.92,2025-03-25,补贴,娱乐
20250723KN3MAT,expense,9651.66,2025-07-23,差旅,交通
20250727LISJX8,expense,892.28,2025-07-27,报销,交通
202503112ZZXFS,expense,5140.15,2025-03-11,购物,食物
20250505CWLPKG,expense,8281.32,2025-05-05,学习,食物
2025071296FW84,expense,8364.12,2025-07-12,购物,交通
20251004MV93XR,expense,4988.89,2025-10-04,生活费,娱乐
2025072037QGCY,expense,3875.85,2025-07-20,购物,娱乐
20251219QLYL3M,expense,4659.68,2025-12-19,报销,其他
20251025KG2913,expense,2905.19,2025-10-25,外卖,娱乐
202504213MVF5Z,expense,7451.17,2025-04-21,差旅,交通
20250706YTWMMM,expense,252.47,2025-07-06,差旅,食物
20251014XJ4DEV,expense,5968.93,2025-10-14,生活费,交通
2025020742RE9I,expense,6351.08,2025-02-07,生活费,房租
20250308VNN8M2,expense,1977.57,2025-03-08,生活费,其他
20250507CCS7OH,expense,8385.35,2025-05-07,娱乐,房租
20250217NZOL7F,expense,7846.11,2025-02-17,购物,娱乐
20250209ZLZL4V,expense,992.90,2025-02-09,购物,交通
20250213Z584ZO,expense,4863.20,2025-02-13,学习,食物
20250224B2OZ3K,expense,8610.50,2025-02-24,加班,其他
20250418L0RN2B,expense,2322.72,2025-04-18,正常,娱乐
20250825RIDD5N,expense,3447.97,2025-08-25,外卖,其他
20250101VE1M6B,expense,193.94,2025-01-01,差旅,交通
202503208IIC8B,expense,4310.15,2025-03-20,购物,其他
20250307Y72SZ8,expense,5550.40,2025-03-07,正常,交通
20251002G08D2L,expense,4825.10,2025-10-02,生活费,交通
20250412TXZHIX,expense,876.10,2025-04-12,报销,娱乐
20250506MUQVFE,expense,7934.60,2025-05-06,加班,交通
20250802JX0VX4,expense,3595.56,2025-08-02,购物,其他
202505067DAAGV,expense,9236.93,2025-05-06,购物,食物
20250802UGHVRB,expense,8135.34,2025-08-02,购物,交通
20250213H0448A,expense,9911.39,2025-02-13,补贴,娱乐
202501055TZE0O,expense,8981.59,2025-01-05,加班,食物
20251004TWG6E8,expense,1474.42,2025-10-04,报销,食物
20250701VXYTAO,expense,7284.86,2025-07-01,生活费,其他
20250210I5709T,expense,1720.35,2025-02-10,补贴,娱乐
20250325MNZ7A5,expense,917.16,2025-03-25,娱乐,交通
20250825GYYCCW,expense,21.69,2025-08-25,报销,娱乐
20250327B1WOFF,expense,6782.13,2025-03-27,正常,其他
20251227FLNIB9,expense,2767.57,2025-12-27,加班,其他
20251214D70H8N,expense,6761.23,2025-12-14,补贴,其他
202511213P2KJC,expense,5851.14,2025-11-21,报销,食物
202512127YUX7F,expense,2251.84,2025-12-12,差旅,房租
202506205GP0ZN,expense,8470.25,2025-06-20,购物,房租
20251119PWTZVX,expense,5260.64,2025-11-19,差旅,娱乐
20250106MFFPMW,expense,4347.68,2025-01-06,娱乐,交通
202512193OED3L,expense,1387.25,2025-12-19,娱乐,其他
2025012043SPHQ,expense,8034.58,2025-01-20,购物,其他
20251212WQM213,expense,8147.36,2025-12-12,补贴,房租
20250522ZW9S3T,expense,1348.27,2025-05-22,娱乐,房租
20250903YCMKOZ,expense,4550.50,2025-09-03,补贴,其他
20250419OQLJ3Z,expense,4449.86,2025-04-19,报销,食物
20250123L2HF11,expense,2315.12,2025-01-23,加班,食物
202511121PORS3,expense,7187.44,2025-11-12,娱乐,交通
20250315J2FVXV,expense,3856.44,2025-03-15,外卖,交通
20250824D52O8F,expense,3754.76,2025-08-24,正常,房租
20251201WKO7IE,expense,9935.44,2025-12-01,差旅,交通
20251110LZFF45,expense,3980.86,2025-11-10,学习,食物
202503137X2MNS,expense,6838.05,2025-03-13,购物,娱乐
20250707G7YDBC,expense,1696.81,2025-07-07,差旅,房租
20250312SEBHPW,expense,8207.30,2025-03-12,学习,其他
20250203YE1DCM,expense,2878.99,2025-02-03,外卖,房租
202506135K5QZQ,expense,8369.60,2025-06-13,报销,交通
20251003HRLNIF,expense,9662.20,2025-10-03,购物,交通
20251127HG00LA,expense,2889.81,2025-11-27,差旅,娱乐
20250817DFK0DY,expense,4547.44,2025-08-17,差旅,其他
20250805OHD8T1,expense,3184.92,2025-08-05,加班,房租
202510047A18SO,expense,491.87,2025-10-04,补贴,食物
202502275G2YOH,expense,9187.23,2025-02-27,正常,房租
2025011424B6B9,expense,7756.31,2025-01-14,补贴,娱乐
20250717YLQS5H,expense,3777.85,2025-07-17,外卖,食物
202501080QRZTL,expense,8517.24,2025-01-08,购物,交通
20250526FOMBSM,expense,8013.52,2025-05-26,生活费,房租
20251226DZNJV4,expense,6376.31,2025-12-26,差旅,其他
20250211WY20EH,expense,9768.51,2025-02-11,加班,其他
20250312X3TP0O,expense,7000.41,2025-03-12,购物,其他
20250818MMKC37,expense,3714.37,2025-08-18,生活费,房租
20251217IKT1S7,expense,8044.92,2025-12-17,补贴,食物
20250214VXMZAN,expense,4165.89,2025-02-14,娱乐,其他
20251003FFC6H9,expense,2983.05,2025-10-03,补贴,娱乐
202506218F7G91,expense,2678.34,2025-06-21,差旅,其他
20250220BPOAWM,expense,954.21,2025-02-20,报销,食物
20250902Q72K4G,expense,3088.80,2025-09-02,娱乐,房租
20250212PPL49L,expense,3856.29,2025-02-12,生活费,食物
20250209UGP0E0,expense,3527.93,2025-02-09,补贴,其他
20250120VPGMX5,expense,5533.73,2025-01-20,报销,食物
20250709XF4SBN,expense,5775.98,2025-07-09,外卖,食物
20250615AEADWT,expense,6731.81,2025-06-15,补贴,房租
20250504GP0T9G,expense,7103.74,2025-05-04,娱乐,交通
20250703GUTOHX,expense,153.91,2025-07-03,报销,房租
20251202UTG1LY,expense,6445.01,2025-12-02,外卖,其他
20251003ESX7XV,expense,2186.49,2025-10-03,娱乐,其他
20250524S060BI,expense,4879.26,2025-05-24,正常,房租
20251017W6KY82,expense,1375.22,2025-10-17,学习,食物
2025051553S1I3,expense,6339.66,2025-05-15,外卖,房租
20250827YJO8AQ,expense,3001.53,2025-08-27,报销,房租
202505070X8AZJ,expense,3156.56,2025-05-07,娱乐,房租
20250115QXJ7YA,expense,8357.78,2025-01-15,娱乐,其他
20250826434YHK,expense,3410.66,2025-08-26,学习,房租
20251120ASBDIW,expense,205.41,2025-11-20,报销,交通
202509028BTNP7,expense,5652.07,2025-09-02,报销,其他
20250420G81QMT,expense,4113.22,2025-04-20,补贴,其他
20250826MQ93P2,expense,8469.21,2025-08-26,娱乐,娱乐
20250804K6JNFL,expense,4759.67,2025-08-04,加班,食物
202510123DN42L,expense,1184.27,2025-10-12,差旅,娱乐
20250811PF0F45,expense,7342.69,2025-08-11,加班,房租
20250601ICOWTZ,expense,3841.78,2025-06-01,外卖,食物
20250404TOCD7T,expense,4385.52,2025-04-04,报销,娱乐
20251214IL3IJI,expense,8530.24,2025-12-14,报销,食物
20250501SK9CDI,expense,4915.86,2025-05-01,差旅,房租
20250301XNKEG6,expense,5095.25,2025-03-01,外卖,娱乐
20251221R71BZO,expense,4223.47,2025-12-21,学习,房租
202512075VMSX7,expense,2447.87,2025-12-07,生活费,交通
20250306ZOQ4C2,expense,2257.20,2025-03-06,加班,娱乐
2025120890YGAS,expense,976.23,2025-12-08,差旅,房租
20250612M5KK6I,expense,4462.03,2025-06-12,外卖,交通
20251001XLWPK5,expense,3429.77,2025-10-01,学习,房租
20250224HXX1S1,expense,788.63,2025-02-24,外卖,交通
20250518I4I3BS,expense,2207.33,2025-05-18,补贴,其他
202509247AI46T,expense,3927.01,2025-09-24,外卖,房租
20250225LWSY9K,expense,1853.78,2025-02-25,外卖,其他
20250317V11I30,expense,7600.37,2025-03-17,正常,其他
20250402BM9EOD,expense,2497.32,2025-04-02,外卖,娱乐
202510189TX09Z,expense,1883.60,2025-10-18,加班,娱乐
20251205W9NYZ1,expense,8217.28,2025-12-05,生活费,房租
202509270EFW1G,expense,3140.70,2025-09-27,补贴,其他
20251110VQ2GVG,expense,3278.80,2025-11-10,正常,食物
20250607Y7VA9V,expense,7.25,2025-06-07,补贴,食物
20250304B47PVM,expense,4165.06,2025-03-04,外卖,娱乐
202501105JZIL1,expense,5226.62,2025-01-10,补贴,食物
20250218XDGCGP,expense,1351.09,2025-02-18,娱乐,其他
20250624DQFAAB,expense,1391.47,2025-06-24,补贴,交通
20250706L3U4RR,expense,3703.74,2025-07-06,生活费,食物
20250715804QF3,expense,4547.02,2025-07-15,差旅,其他
20251123JGY6UT,expense,4105.05,2025-11-23,生活费,食物
20250327RU7HB6,expense,3461.40,2025-03-27,购物,其他
2025072330RJ0Q,expense,82.84,2025-07-23,补贴,食物
20250725NXSDQB,expense,7005.23,2025-07-25,购物,交通
20250507CBZ7QR,expense,5639.10,2025-05-07,补贴,其他
202511010M75BJ,expense,563.39,2025-11-01,报销,食物
20250904K3AIWG,expense,8477.97,2025-09-04,生活费,食物
20250618R7C7AV,expense,8063.76,2025-06-18,加班,食物
202506033XQT3N,expense,8163.26,2025-06-03,学习,其他
20251125NRFF0Y,expense,3643.49,2025-11-25,购物,食物
20250611TXYBQN,expense,8943.25,2025-06-11,娱乐,食物
20250321BF7NP3,expense,7770.92,2025-03-21,报销,房租
20250502GAGS99,expense,7860.01,2025-05-02,外卖,娱乐
20250319VTLJ21,expense,7996.25,2025-03-19,外卖,交通
20250314FOTSMD,expense,5718.59,2025-03-14,购物,娱乐
202511137CZ7XG,expense,9305.50,2025-11-13,娱乐,娱乐
20250611FSMWC9,expense,4655.23,2025-06-11,生活费,交通
20250208VLUE1L,expense,7103.48,2025-02-08,娱乐,食物
20251107QCGY69,expense,6538.64,2025-11-07,外卖,食物
20250507HEMKJ0,expense,6480.48,2025-05-07,外卖,其他
20250105N61PP5,expense,1841.32,2025-01-05,正常,娱乐
20250315LRSPH7,expense,7748.22,2025-03-15,购物,交通
20250320L25EI7,expense,3981.36,2025-03-20,报销,交通
20251118M5MT47,expense,6768.64,2025-11-18,外卖,娱乐
202507081J3Q7L,expense,3906.10,2025-07-08,娱乐,交通
20250204D9KVIF,expense,8680.63,2025-02-04,学习,娱乐
20250123MSDY34,expense,3500.54,2025-01-23,补贴,娱乐
20251205S9L3C0,expense,6991.06,2025-12-05,外卖,娱乐
202502257OLBFP,expense,1474.83,2025-02-25,娱乐,其他
202501050C79VZ,expense,2401.16,2025-01-05,学习,食物
202506131BNL7G,expense,3214.83,2025-06-13,外卖,房租
20250518UE1SMY,expense,5699.40,2025-05-18,补贴,交通
20250904G2URUZ,expense,5150.78,2025-09-04,购物,娱乐
20251228UIMFRU,expense,5327.60,2025-12-28,娱乐,食物
20250505T7DOA1,expense,5810.43,2025-05-05,正常,食物
202505115HMJZH,expense,7926.43,2025-05-11,购物,交通
20250521NAY19M,expense,1146.86,2025-05-21,生活费,食物
2025072634YLQI,expense,667.00,2025-07-26,报销,交通
20251008VSOVFA,expense,4403.40,2025-10-08,购物,交通
202505077B1HSB,expense,3073.40,2025-05-07,正常,娱乐
20251108N3NGYB,expense,3895.10,2025-11-08,生活费,娱乐
202507286U9WIZ,expense,3946.09,2025-07-28,加班,娱乐
202508178VJC50,expense,918.14,2025-08-17,报销,房租
20250125WSLIFX,expense,2149.29,2025-01-25,差旅,其他
20250823VJ72EG,expense,1373.80,2025-08-23,购物,房租
20250112CIRMNJ,expense,9146.41,2025-01-12,外卖,食物
20250501YDYYQO,expense,4874.98,2025-05-01,购物,娱乐
20251006JHX7GW,expense,2572.18,2025-10-06,外卖,交通
20251223BB0CL6,expense,9504.41,2025-12-23,正常,交通
202507033AW7PX,expense,4882.70,2025-07-03,购物,娱乐
20251227AZB3QI,expense,8245.09,2025-12-27,购物,房租
20251114DG8G9D,expense,2826.29,2025-11-14,差旅,交通
202501136V29IO,expense,3790.95,2025-01-13,差旅,娱乐
20250527PJL0KU,expense,4069.55,2025-05-27,娱乐,其他
20250608EBFC1X,expense,4172.82,2025-06-08,加班,食物
20250802TAXC7Z,expense,3393.50,2025-08-02,报销,交通
20250913MG0U2P,expense,1998.25,2025-09-13,学习,房租
202502178ASRAM,expense,5789.21,2025-02-17,购物,其他
20250315E4649L,expense,5882.63,2025-03-15,娱乐,交通
20251105I39KRI,expense,1671.72,2025-11-05,报销,房租
20250408T1OL4M,expense,17.58,2025-04-08,差旅,房租
202506066MA0C3,expense,4611.08,2025-06-06,学习,娱乐
202502123HEIGO,expense,6966.42,2025-02-12,加班,房租
2025020687WL7X,expense,3632.75,2025-02-06,差旅,食物
20250817D5E9UE,expense,1363.98,2025-08-17,加班,其他
20251012RVHVLM,expense,2052.56,2025-10-12,差旅,其他
202510278UWPU3,expense,289.13,2025-10-27,正常,房租
20250218XR3GUV,expense,3145.24,2025-02-18,外卖,食物
20250806P2EO1B,expense,1449.53,2025-08-06,正常,娱乐
202503096V5NU1,expense,7052.97,2025-03-09,购物,交通
20251201TADOTE,expense,2548.10,2025-12-01,外卖,交通
20251205YAS4HT,expense,7657.77,2025-12-05,购物,其他
202510227Z8885,expense,6547.19,2025-10-22,学习,交通
20250814JN2UUN,expense,2317.00,2025-08-14,正常,交通
20251028PS7M1R,expense,1012.97,2025-10-28,外卖,娱乐
20250313FOZFP5,expense,7073.03,2025-03-13,差旅,交通
20250116WDV2J7,expense,3354.23,2025-01-16,生活费,交通
20251220925008,expense,8855.37,2025-12-20,学习,房租
20250210LP23ID,expense,9056.64,2025-02-10,报销,食物
20250508GL1A93,expense,7196.71,2025-05-08,生活费,食物
20250120I63NG9,expense,4786.76,2025-01-20,补贴,房租
20250524XNDHLL,expense,4177.51,2025-05-24,生活费,其他
20251017TMOS36,expense,4192.43,2025-10-17,学习,食物
202503090M1O0X,expense,9166.58,2025-03-09,正常,房租
202502165H8619,expense,4856.15,2025-02-16,外卖,其他
20250917E8DFXI,expense,5405.99,2025-09-17,外卖,食物
20250226FHC98P,expense,3974.39,2025-02-26,正常,娱乐
20250106L1GIZF,expense,5383.05,2025-01-06,娱乐,食物
20250910IC3WHY,expense,4851.43,2025-09-10,报销,交通
20250416ZO853L,expense,2278.38,2025-04-16,外卖,交通
20250221FDMZAF,expense,7199.51,2025-02-21,娱乐,娱乐
20251202Y3YTIX,expense,1024.79,2025-12-02,报销,交通
20250823NP3L7S,expense,9317.17,2025-08-23,生活费,其他
20250321YQV7EB,expense,3940.99,2025-03-21,正常,食物
20250114YND3HP,expense,3538.99,2025-01-14,学习,交通
202510062K7ZJJ,expense,283.22,2025-10-06,差旅,其他
20250613SMJXG4,expense,3737.67,2025-06-13,加班,交通
20250103PSS3QR,expense,8549.27,2025-01-03,学习,娱乐
20250816FM9QN8,expense,2574.88,2025-08-16,购物,娱乐
20251122O3Y7K4,expense,7862.74,2025-11-22,生活费,娱乐
20250819L3FDRS,expense,7461.21,2025-08-19,生活费,食物
20250903Y867JF,expense,4916.09,2025-09-03,报销,食物
20250920Z8IQBA,expense,2415.01,2025-09-20,补贴,食物
20250228KT84KY,expense,1271.07,2025-02-28,娱乐,房租
202511157CIIAY,expense,9624.55,2025-11-15,差旅,娱乐
202506027PJQYM,expense,3924.91,2025-06-02,娱乐,其他
20250101LA0N2N,expense,3416.14,2025-01-01,生活费,娱乐
20251218XNOXVT,expense,4207.79,2025-12-18,娱乐,交通
2025041703NXS1,expense,5916.93,2025-04-17,生活费,交通
2025121420Y44Q,expense,5012.35,2025-12-14,生活费,房租
20250308OIEKT4,expense,2025.20,2025-03-08,外卖,房租
20250607J8PNFI,expense,1338.81,2025-06-07,差旅,食物
202507207FQB87,expense,692.54,2025-07-20,生活费,交通
20250520TOMLRH,expense,9564.35,2025-05-20,正常,其他
2025072474D8ZV,expense,1544.84,2025-07-24,补贴,交通
2025072567I7Y1,expense,2667.73,2025-07-25,购物,食物
20250606DZR58V,expense,7230.19,2025-06-06,加班,其他
20250102BZS135,expense,7613.23,2025-01-02,报销,其他
20250518EL16RF,expense,3258.45,2025-05-18,差旅,娱乐
202508154XAMLJ,expense,6883.22,2025-08-15,学习,房租
20251227KBQI39,expense,1488.98,2025-12-27,加班,房租
20251121UGGEHX,expense,5939.54,2025-11-21,补贴,娱乐
20251225XJXQFB,expense,7563.50,2025-12-25,购物,食物
202505194MOIOD,expense,4442.35,2025-05-19,差旅,娱乐
20250222SWCDOW,expense,3037.68,2025-02-22,生活费,房租
202506232HRKCF,expense,7876.53,2025-06-23,购物,交通
202512258NEJEY,expense,5552.42,2025-12-25,生活费,食物
20250627XEOWIB,expense,6228.67,2025-06-27,加班,交通
20250228KA3Y5A,expense,6752.47,2025-02-28,娱乐,食物
20250524YTWYPD,expense,7841.13,2025-05-24,正常,交通
20250906N18V7H,expense,7722.38,2025-09-06,外卖,娱乐
20250207BL0DT5,expense,2028.02,2025-02-07,补贴,娱乐
202503076TGNIW,expense,3790.33,2025-03-07,报销,娱乐
20250415ECG4IH,expense,1555.16,2025-04-15,学习,其他
20251005980148,expense,4613.35,2025-10-05,差旅,娱乐
202507192DE67N,expense,7402.74,2025-07-19,加班,交通
20251127KTP1A8,expense,7718.04,2025-11-27,外卖,娱乐
20251005QEWNQJ,expense,6462.69,2025-10-05,补贴,其他
20251220T01Z7W,expense,1507.69,2025-12-20,报销,交通
202501087UF31E,expense,4606.99,2025-01-08,补贴,房租
20250225ZPE048,expense,7603.44,2025-02-25,生活费,其他
20250927EBP5IP,expense,7569.89,2025-09-27,外卖,娱乐
20250420CPH957,expense,7860.51,2025-04-20,加班,娱乐
20250326LJA4FN,expense,9349.01,2025-03-26,报销,交通
20250815SVU47H,expense,8167.33,2025-08-15,报销,其他
20250603QSUHPS,expense,2882.43,2025-06-03,报销,房租
20250909KHE8I1,expense,8288.90,2025-09-09,外卖,其他
